gtin,title_kk,brand,ingredients,company_id,certificate_status,notes,off_query
4607025392015,Айран 1% 450 мл,FoodMaster,"Сүт, қайма, ашытқы",,reference,KZ сүт өнімі,ayran kazakhstan
4607025392024,Айран 2.5% 900 мл,FoodMaster,"Сүт, қайма, ашытқы",,reference,,ayran kazakhstan
4607025392033,Кефир 1% 900 мл,FoodMaster,"Сүт, ашытқы",,reference,,kefir kazakhstan
4870055004287,Кефир 2.5% 450 мл,FoodMaster,"Сүт, ашытқы",,reference,OFF:kefir kazakhstan,kefir kazakhstan
4607025392051,Сүт ультрапастерленген 2.5% 1 л,FoodMaster,Сүт,,reference,,
4607025392060,Сүт 3.2% 900 мл,FoodMaster,Сүт,,reference,,
4607025392079,Қаймақ 20% 180 г,FoodMaster,"Сүт, қайма",,reference,,
4607025392088,Творог 9% 200 г,FoodMaster,"Сүт, ашытқы",,reference,,
4607025392097,Сүзбе 5% 350 г,FoodMaster,Сүт,,reference,,
4607025392103,Йогурт түсімді 2.5% 125 г,FoodMaster,"Сүт, ашытқы, қант",,reference,,
4607025392112,Йогурт натуральный 3.2% 450 г,FoodMaster,"Сүт, ашытқы",,reference,,
4607025392121,Сметана 20% 400 г,FoodMaster,"Сүт, қайма",,reference,,
4607025392130,Маргарин 72% 200 г,FoodMaster,"май, су, тұз",,reference,құрамды тексеру,
4607025392149,Сары май 82.5% 180 г,FoodMaster,сүт майы,,reference,,
4607025392158,Ірімшік «Голландия» 45% 180 г,FoodMaster,"сүт, тұз, ашытқы",,reference,,
4607025392167,Ірімшік плавленый 400 г,FoodMaster,"сүт, май, тұз",,reference,,
4607025392176,Көмек 0.5 л,Coca-Cola,"су, қант, көмірқышқыл газы",,reference,сусын,coca cola kazakhstan
4607025392185,Coca-Cola 0.5 л,Coca-Cola,"су, қант, краситель",,reference,халықаралық GTIN,coca cola kazakhstan
4607025392194,Coca-Cola 1 л,Coca-Cola,"су, қант",,reference,,coca cola kazakhstan
4607025392200,Sprite 0.5 л,Coca-Cola,"су, қант, лимон қышқылы",,reference,,coca cola kazakhstan
4607025392219,Fanta апельсин 0.5 л,Coca-Cola,"су, қант, хош иістендіргіш",,reference,,coca cola kazakhstan
4607025392228,Шырай 1 л,Рахат,"су, қант, хош иістендіргіш",17163,active,,
4607025392237,Шырай 2 л,Рахат,"су, қант",17163,active,,
4607025392246,Нан «Алматы» 400 г,Нан зауыты,"ұн, су, тұз, ашытқы",21967,active,,
4607025392255,Нан батон 350 г,Нан зауыты,"ұн, су, тұз",21967,active,,
4607025392264,Бородинский нан 500 г,Нан зауыты,"ұн, молasses, тұз",21967,active,,
4607025392273,Ұн жоғарғы сорт 2 кг,Астық,ұн бидай,15182,active,,
4607025392282,Күріш дайын 900 г,Астық,күріш,15182,active,,
4607025392291,Макарон «Спагетти» 400 г,Макарон,"ұн, су",,reference,,
4607025392307,Күнбағыс майы 1 л,Май,күнбағыс тұқымы майы,16409,active,,
4607025392316,Оливкалық май Extra Virgin 500 мл,Май,зәйтүн майы,16409,active,,
4607025392325,Қант ақ 1 кг,Қант,сахароза,16235,active,,
4607025392334,Тұз кәдімгі 1 кг,Тұз,тұз,18961,active,,
4607025392343,Шай қара 100 пакет,Шай,шай,21131,active,,
4607025392352,Кофе растворимый 95 г,Кофе,"кофе, ароматизатор",21098,active,,
4607025392361,Бал натуральный 250 г,Бал,бал,16662,active,,
4607025392370,Джем құбарша 350 г,Консерві,"құбарша, қант, пектин",,reference,,
4607025392389,Кетчуп 500 г,Тұздық,"томат, қант, тұз, уксус",18961,active,,
4607025392398,Майонез Провансаль 400 г,Тұздық,"май, жұмыртқа, тұз, уксус",18961,active,,
4607025392404,Горчица 140 г,Тұздық,"қызылшә, тұз, уксус",18961,active,,
4607025392413,Шоколад сүтті 90 г,Кәмпит,"какао, сүт, қант",,reference,,
4607025392422,Печенье «Юбилейное» 112 г,Кәмпит,"ұн, қант, май",,reference,,
4607025392431,Чипсы рифленые 140 г,Снэк,"картоп, май, тұз",,reference,,
4607025392440,Сок апельсин 1 л,Сок,"концентрат, су, қант",18456,active,,
4607025392459,Сок алма-крыжовник 2 л,Сок,"концентрат, су",18456,active,,
4607025392468,Минералды су 1.5 л,Су,минералды су,21105,active,,
4607025392477,Энергетик 250 мл,Энергетик,"су, қант, кофеин, таурин",,reference,,
4607025392486,Лапша тез дайындалатын 70 г,Лапша,"ұн, тұз, май",,reference,,
4607025392495,Бұршақ консерві 400 г,Консерві,"бұршақ, су, тұз",,reference,,
4607025392501,Нокат арахис 50 г,Кәмпит,"арахис, қант",,reference,,
4607025392510,Йогурт питьевой клубника 290 мл,FoodMaster,"сүт, қант, ашытқы",,reference,,
4607025392529,Сосиски молочные 400 г,Ет,"шошқа/сиыр еті, тұз",,review_required,ет өнімі — құрамында шошқа көрсетілген,ресми сертификатпен қолмен тексеру керек
4607025392538,Колбаса вареная 500 г,Ет,"ет, тұз, специя",22500,active,,
4607025392547,Филе куриное охлажденное 1 кг,Ет,тауық еті,22500,active,,
4607025392556,Рыба мороженая 1 кг,Балық,балық,,reference,,
4607025392565,Яйца куриные С0 10 шт,Жұмыртқа,жұмыртқа,,reference,,
4607025392574,Масло подсолнечное рафинированное 1 л,Май,күнбағыс майы,16409,active,,
4607025392583,Гречка 900 г,Крупа,гречка,,reference,,
4607025392592,Овсяные хлопья 500 г,Крупа,сұлы,,reference,,
4607025392608,Детское питание каша 200 г,Бала,"сұлы, сүт",16662,active,,
4607025392617,Вода питьевая 5 л,Су,су,21105,active,,
4607025392626,Сыр твердый 200 г,FoodMaster,"сүт, тұз, ашытқы",,reference,,
4607025392635,Ряженка 4% 500 мл,FoodMaster,"сүт, сахар",,reference,,
4607025392644,Кумыс 0.5 л,Дәстүрлі,"сүт, ашытқы",,reference,,
4607025392653,Шубат 0.5 л,Дәстүрлі,"түйе сүті, ашытқы",,reference,,
4607025392662,Құрт тұздалған 100 г,Дәстүрлі,"сүт, тұз",,reference,,
4607025392671,Балық консерві сайра 185 г,Консерві,"балық, май, тұз",,reference,,
4607025392680,Томат паста 270 г,Тұздық,томат,18961,active,,
4607025392699,Соус соевый 150 мл,Тұздық,"соя, тұз",18961,active,,
4607025392705,Чай зеленый 25 пакет,Шай,жасыл шай,21131,active,,
4607025392714,Какао порошок 100 г,Какао,"какао, қант",,reference,,
4607025392723,Мороженое пломбир 80 г,FoodMaster,"сүт, қант, май",,reference,,
4607025392732,Пельмени 1 кг,Тамақ,"ет, ұн, тұз",,reference,,
4607025392741,Манты замороженные 800 г,Тамақ,"ет, ұн",,reference,,
4607025392750,Самса с мясом 4 шт,Тамақ,"ет, ұн, май",,reference,,
4607025392769,Батончик шоколадный 50 г,Кәмпит,"какао, қант",,reference,,
4607025392778,Желе фруктовое 130 г,Кәмпит,"қант, желатин",,reference,желатин тегі тексеру,
4607025392787,Вафли 200 г,Кәмпит,"ұн, қант, май",,reference,,
4607025392796,Хлебцы рисовые 100 г,Снэк,күріш,,reference,,
4607025392802,Орехи грецкие 80 г,Снэк,жаңғақ,,reference,,
4607025392811,Изюм 150 г,Кептірілген,жүзім,,reference,,
4607025392820,Чай черный листовой 100 г,Шай,шай,21131,active,,
4607025392839,Сахар тростниковый 500 г,Қант,қант,16235,active,,
4607025392848,Уксус столовый 9% 500 мл,Тұздық,"су, уксус",18961,active,,
4607025392857,Сода пищевая 500 г,Қоспа,сода,,reference,,
4607025392866,Дрожжи сухие 11 г,Нан,"ашытқы, эмульгатор",21967,active,,
4607025392875,Крахмал картофельный 250 г,Қоспа,крахмал,,reference,,
4607025392884,Какао-напиток 25 г,Какао,"какао, қант, сүт ұнтағы",,reference,,
4607025392893,Сгущенное молоко 380 г,FoodMaster,"сүт, қант",,reference,,
4607025392909,Сливки 10% 200 мл,FoodMaster,сүт,,reference,,
4607025392918,Сыр плавленый ломтики 140 г,FoodMaster,"сүт, тұз",,reference,,
4607025392927,Йогурт греческий 150 г,FoodMaster,"сүт, ашытқы",,reference,,
4607025392945,Молоко безлактозное 1 л,FoodMaster,сүт,,reference,,
4607025392954,Протеиновый батончик 60 г,Спорт,"сүт протеині, қант",,reference,,
4607025392963,Витаминный комплекс 30 таб,Қосымша,витаминдер,,reference,тағамдық қоспа емес,
5449000000286,колла оригинал,Coca-Cola,"water, fructose-glucose syrup, carbon dioxide, colour: e 150d, acid: phosphoric acid, natural flavourings, flavouring caffeine, best before date: see bottle neck, keep cool and dry, do not expose to sunlight,",,reference,open_food_facts,
5449000006271,Fanta orange,Fanta,"Eau pétillante , sucre , jus d'orange à base de concentré (6%) , acidifiants , acide citrique, citrate de sodium , conservateur : sorbate de potassium , arômes naturels d'orange avec autres arômes naturels , antioxydant : acide ascorbique ,",,reference,open_food_facts,
3560070739042,Filets de MAQUEREAUX BLANCS À LA MOUTARDE DE DIJON,Carrefour,"Filets de maquereaux blancs 56,2% (_Poisson_ - Scomber colias ou Scomber japonicus), eau, _moutarde_ de Dijon 8% (eau, graines de _moutarde_, vinaigre d'alcool, sel), vinaigre d'alcool, huile de tournesol, sel, amidon modifié de maïs, arôme",,reference,open_food_facts,
4600680010632,Nescafé® Classic. Натуральный растворимый порошкообразный кофе с добавлением натурального жареного молотого кофе.,Nestlé,"100% натуральный кофе. 

кофе натуральный растворимый порошкообразный, кофе натуральный жареный молотый.",,reference,open_food_facts,
4680021880490,Яшкино Американское печенье,KDV,"Мука пшеничная, сахар, масло пальмовое, масло пальмоядровое, масло подсолнечное, масло соевое, вода питьевая, хлопья овсяные, какао-порошок, сыворотка сухая молочная, глюкозно-фруктозный сироп, гидрокарбонат натрия, гидрокарбонат аммония, E",,reference,open_food_facts,
7622210750495,MMMAX Oreo,Milka,"Сахар, масло пальмовое, масло пальмоядровое, мука пшеничная, молоко сухое обезжиренное, масло какао, какао тёртое, сывортка сухая молочная, жир молочный, какао-порошок, крахмал пшеничный, сироп глюкозный, лецитин соевый, паста ореховая, фун",,reference,open_food_facts,
4690388110277,Чипсы (Сметана и зелень),Lay's,,,reference,open_food_facts,
3245413856968,Saucisson sec aux noisettes,Carrefour,"Viande de porc, _noisettes_ 6,6%, sel, _lactose_, poivre, sucre, dextrose, ail, muscade, conservateur : nitrate de potassium, ferments, boyau naturel de porc.
145g de viande mise en œuvre pour 100g de produit fini.
Viande de porc origine Un",,reference,open_food_facts,
4870202521254,Unknown,Unknown,Махи Чаи,,reference,open_food_facts,
4870112002973,Albeni,,,,reference,open_food_facts,
4680009030756,Скумбрия дальневосточная натуральная с добавлением масла,Доброфлот,"Скумбрия японская (scomber japonicus), масло соевое рафинированное дезодорированное, соль пищевая, перец черный.",,reference,open_food_facts,
4605082002117,Рулет,Оч,,24225,active,open_food_facts,
4600300086863,Конфеты Мишка косолапый,Красный Октябрь,"Шоколадная глазурь (сахар, какао тёртое, эквивалент масла какао (растительные масла), какао-порошок, эмульгаторы: лецитин соевый, е476, ароматизатор &quot;ваниль&quot;), сахар, ядро ореха миндаля тёртое, масло какао, вафли (вода питьевая, м",,reference,open_food_facts,
4607041137977,Лапша Том Ям со вкусом креветки,GauDo,"мука пшеничная, растительное масло, соль, сахар, регулятор кислотности: Е451 (i); стабилизатор: Е452 (i); разрыхлитель: E500 (i). Суповая основа: растительное масло, сахар, соль, чеснок, корень галангала, лемонграсс, сушёные овощи, натураль",,reference,open_food_facts,
4626018133057,4626018133057,,,,reference,open_food_facts,
8600038002445,Мексиканская Смесь,Flora,,,reference,open_food_facts,
4870003751751,"Готовый Завтрак С Овсянкой, Яблоком И Корицей",Natige,,15398,active,open_food_facts,
4650064890688,demarco,demarco,"e339,e474,e524,e322,e162,e412,e551,e952,e954",,reference,open_food_facts,
5449000325884,Tonic Water,Schweppes,,,reference,open_food_facts,
5449000054223,Coca-Cola Original Taste,Coca Cola Life,"Water, fructose - glucose syrup, carbon dioxide, colorant: e150d, acid: phosphoric acid, natural flavorings (including caffeine).",,reference,open_food_facts,
5449000000435,Coca Cola Original taste,Coca-Cola,"Eau gazéifiée, sucre, colorant (caramel (E150d)), acidifiant(acide phosphorique), arômes, caféine",,reference,open_food_facts,
4870202521218,Макси чай,,,,reference,open_food_facts,
4870035007457,провансаль 3 желания,,,,reference,open_food_facts,
4640001890039,Сода пищевая,Башкирская содовая компания,Гидрокарбонат натрия E500 (ii),,reference,open_food_facts,
4870035006704,майонез классический 3 желания,Unknown,"Масло подсолнечное, вода, сахар, молоко, яичный желток, соль, уксусная кислота, сода пищевая, молочная кислота, масло горчичное, провитамин А.",,reference,open_food_facts,
4870036001201,ĶAZAKHSTAN,Kazakhstan,"sugar,cocoa mass, cocoa oil, whey solids,whole milk dried, emulsifier: soy lecithin, intensifier of taste and smell - extract of natural vanilla.",15156,active,open_food_facts,
5449000189352,Fuse Tea Mango - Ananas,fuse tea,,,reference,open_food_facts,
4870001570073,«Pepsi-Cola» қатты газдалған алкогольсіз сусыны,Pepsi,"Вода; сахар; краситель: сахарный колер IV; регулятор кислотности: ортофосфорная кислота; ароматизаторы (содержит стабилизатор: гуммиарабик, кофеин не более 150 мг/л).",,reference,open_food_facts,
4870071000258,Tassay,,,,reference,open_food_facts,
4870001570091,Unknown,Pepsi,Unknown,,reference,open_food_facts,
5449000004848,Fanta Naranja,Fanta,"Agua carbonatada, 8% zumo de naranja a partir de concentrado, azúcar, acidulantes: ácido cítrico y ácido málico, estabilizantes: E-414, E-444 y E,445, edulcorantes: E-950, aspartamo y E-959, conservador E-202, corrector de acidez: citratos",,reference,open_food_facts,
4870035007554,3 желания провансаль,,,,reference,open_food_facts,
4870035003488,3 желания,,,,reference,open_food_facts,
4870055004281,Био-С имун+,ФудМастер,"нормализованное _молоко_, фруктовый наполнитель &quot;клубника&quot; (сахар, пюре клубничное, стабилизатор, крахмал, пектин, сок яблочный концентрированный, концентрат красной свеклы, ароматизаторы клубники, регуляторы кислотности: лимонная",,reference,open_food_facts,
4870003431246,4870003431240,милоко,,,reference,open_food_facts,
4870202521245,Maxi Чай «Персик»,Maxi Чай,"очищенная вода, сахар, экстракт черного чая, регуляторы кислотности: лимонная кислота, натрий лимоннокислый, ароматизаторы черного чая и персика, стабилизаторы: Е459, E466, подсластитель сукралоза.",18183,active,open_food_facts,
8887290101000,Maccofe,MacCoffee,"Sugar, cream substitute (glucose syrup, fully hydrogenated coconut and palm fats, milk proteins, stabilizers: E340, E340ii, E341iii, E452i, emulsifiers: E471, E481, anti-caking agent E551), natural instant coffee (8%)",,reference,open_food_facts,
4870055002690,Milk 3.2%,Lactel,,,reference,open_food_facts,
4860019001340,BORJOMI,Borjomi,msman 1890 MI U-20000 BORJON 1890,,reference,open_food_facts,
4870055000850,"Кефир 2,5%",FoodMaster,"Нормализованное молоко, кефирная закваска.",,reference,open_food_facts,
4870207314598,Био-С имун+,ФудМастер,,,reference,open_food_facts,
4870035001152,Масло подсолнечное «Шедевр»,Eurasian Foods,,,reference,open_food_facts,
5449000133326,Cocacola zero sugar,Coke ZERO,"Eau gazéifiée, colorant E150d, acidifiants , acide phosphorique, citrate de sodium, édulcorants , aspartame, acésulfame-K, arômes naturels (extraits végétaux), dont caféine, Contient une source de phénylalanine,",,reference,open_food_facts,
4870035002692,три желания классический,3 Желания,,,reference,open_food_facts,
4870144749941,молоко петропавловское,Масло-Дел,,,reference,open_food_facts,
4870227271255,Rollton,Rollton,"RU • ИЗДЕЛИЯ МАКАРОННЫЕ БЫСТРОГО ПРИГОТОВЛЕН ВЕРМИШЕЛЬ НА ДОМАШНЕМ БУЛЬОНЕ* СКУРИЦЕЙ. Состав: вермишель (мука пшеничная 1 сорта фортифицированная (мука, витаминно-минеральный премикс (железо, цинк, никотиновая кислота, тиамин, рибофлавин, ф",,reference,open_food_facts,
5449000216337,"Fuse tea 1,5 litre mango ananas",Fuzetea,"Apa, zahar, fructoza, acidifiant acid citric, suc de mango (0,1%) din concentrat, suc de ananas (0,1%) din concentrat, extract de ceai (0,09%), arome naturale, corector de aciditate citrati de sodiu, antioxidant acid ascorbic, indulcitor gl",,reference,open_food_facts,
4607109843747,Батончик Чио Рио,KDV,,,reference,open_food_facts,
4870001154477,4870001154479,,,,reference,open_food_facts,
4600494223017,Adrenaline rush,ООО &quot;ПК &quot;аквалайф&quot;,,,reference,open_food_facts,
4014400922914,Mamba фрукты 🍉 и йогурт 🍦,,,,reference,open_food_facts,
4870144212377,Лимонад «Павлодарский»,Жана Роса,"умягчённая очищенная вода, сахар, регулятор кислотности (лимонная кислота), карамельный краситель, ароматизатор пищевой «Груша-Дюшес», консервант (бензоат натрия).",,reference,open_food_facts,
4604248015167,Кетчуп «Томатный»,Махеевъ,"вода питьевая, томатная паста, сахар, загуститель E1422, соль пищевая, перец красный молотый, регуляторы кислотности: уксусная и молочная кислоты, антиокислитель аскорбиновая кислота, консерванты: сорбат калия, бензоат натрия.",,reference,open_food_facts,
4600338007115,Молочный коктейль Малина,ФрутоНяня,"СОСТАВ (соответствующую букву-код смотрите на верхней панели пакета): А – молоко нормализованное, сахар, пюре малиновое, ароматизатор натуральный; B – молоко восстановленное, сахар, пюре малиновое, ароматизатор натуральный.",,reference,open_food_facts,
4870001081278,Томатная паста,Цин-Каз,"Томатный концентрат, вода, сахар, соль.",,reference,open_food_facts,
4680021881851,Мягкие вафли с кремом вареная сгущенка,Яшкино,"Крем «Вареная сгущенка» (сахар, вода, патока, масла растительные, молоко сухое обезжиренное, сыворотка молочная сухая, агент влагоудерживающий: пицерин; регулятор кислотности: лимонная кислота; эмульгатор: моно - и диглицериды жирных кислот",,reference,open_food_facts,
4620017451916,Babyfox,KDV,C,,reference,open_food_facts,
4630007401353,джин красные 300,,,,reference,open_food_facts,
7622210575511,Sourcecream & Onion,Tuc,,,reference,open_food_facts,
4620017459936,"Nut&Go Миндаль, Кокос, Карамель",nut&go,"Ядра миндаля обжаренные, глюкозные сиропы, сахар, мякоть кокосовых орехов сушёная, масла растительные, мальтодекстрин, сорбитовый сироп, сыворотка молочная сухая  деминерализованная, какао-порошок, соль, рапсовый лецитин, соевый лецитин, со",,reference,open_food_facts,
4870002325443,Asu vo лимон,Asu,,15224,active,open_food_facts,
4870004930072,Оралхан,,Вдст Инашлнсжл,,reference,open_food_facts,
4605082002755,Мини Мафинны,,"мука пшеничная хлебопекарная высшего сорта, сахар, начинка кондитерская с шоколадным вкусом (сахар, вода питьевая, масло пальмовое рафинированное дезодорированное, сыворотка молочная сухая деминерализованная,

какао-порошок, молоко сухое об",,reference,open_food_facts,
4605142045308,степ mix,Славянка,,,reference,open_food_facts,
4606711701766,Белоручка,Abahta,,,reference,open_food_facts,
5449000200859,fuse tea со вкусом клубники и дыни,fuse tea,"вода, сахар, регуляторы кислотности (лимонная кислота, цитрат натрия 3-замещённый), экстракт чёрного чая (0,09%), ароматизаторы, антиоксидант (аскорбиновая кислота), концентрированный сок клубники и дыни (0,2% восстановленного сока).",,reference,open_food_facts,
4860118780030,Соус «Ткемали»,Bio Georgia,"ткемали желтый, киви, чеснок, соль, сахар, перец зелёный свежий, кориандр, омбало (мята болотная)",,reference,open_food_facts,
4870227270955,Изделия макаронные быстрого приготовления. Лапша «Говядина + соус «Томатный с базиликом»,Big Bon,"лапша (мука пшеничная 1 сорта фортифицированная (мука, витаминно-минеральный премикс (железо, цинк, никотиновая кислота, тиамин, рибофлавин, фолиевая кислота)), масло растительное, вода питьевая, соль йодированная (соль, йодат калия), стаби",,reference,open_food_facts,
2000000351634,Маринованный перчик Piri piri,Выгодно,"перец, вода, виноградный уксус, соль, регулятор кислотности (аскорбиновая кислота, лимонная кислота).",19213,active,open_food_facts,
2974950000017,Датская выпечка,SMALL,"молоко, дрожжи, яйца, сахар, соль, растительное масло, маргарин, изюм, м(д, мак, сливочное масло.)",,reference,open_food_facts,
4870007490247,Творог,МолКом,"нормализованное пастеризованное молоко, закваска прямого внесения, молокосвертывающий ферментный препарат.",,reference,open_food_facts,
0764460195480,Масло гхи чеснок с укропом,Вкус Благости,"Масло ГХИ, чеснок, укроп.",,reference,open_food_facts,
4860019003083,limonati borjomi sitrus,Borjomi,"ПРИРОДНАЯ ПИТЬЕВАЯ ВОДА ИЗ РОДНИКОВ БОРЖОМСКОГО УЩЕЛЬЯ, ВОДА МИНЕРАЛЬНАЯ ПРИРОДНАЯ ЛЕЧЕБНО-СТОЛОВАЯ ПИТЬЕВАЯ «БОРЖОМИ», САХАР, КОНЦЕНТРИРОВАННЫЙ СОК ЛАЙМА (13,72%*), КОНЦЕНТРИРОВАННЫЙ ЛИМОННЫЙ СОК (1,17%*), КОНЦЕНТРИРОВАННЫЙ МАНДАРИНОВЫЙ СО",,reference,open_food_facts,
4607016245982,Oats,Увелка,,,reference,open_food_facts,
4870233466696,Cherry Chocolate Bar With Muffin Bits,Bahroma,,,reference,open_food_facts,
4870206551147,Smoked Beef,Pervomayskiye Delikatesy,,,reference,open_food_facts,
4870003751760,Готовый Завтрак С Овсянкой И Цветочным Мёдом,Natige,,15398,active,open_food_facts,
4870003751779,Завтрак Готовый С Овсянкой И Бананом,Natige,,15398,active,open_food_facts,
4607036206370,Баклажанная Икра В Аджике,Spar,,19213,active,open_food_facts,
4870207310422,Творог Домашний Рассыпчатый 9%,President,"Нормализиванное молоко, закваска, молокосвертывающий ферментный препарат",14761,active,open_food_facts,
4870235042384,Сушка Ванильная,Fine Bakery,,,reference,open_food_facts,
8409073031830,Котлеты,Ризық,,17948,active,open_food_facts,
4870001547668,King,,,,reference,open_food_facts,
4607035653951,ЯШКИНО ВАФЕЛЬНЫЙ СЭНДВИЧ,Яшкино,,,reference,open_food_facts,
4660085515831,эмэмдэнс жёлтый 145гр,M&M's,,,reference,open_food_facts,
4870227270593,Rollton,Rollton,,,reference,open_food_facts,
4670001494395,Nestle PureLife Water,Nestlé,Water,,reference,open_food_facts,
4606272023752,Хрутка шоколадные колечки,Nestlé,,,reference,open_food_facts,
4680003335066,"Батончик с жареным арахисом и мягкой карамелью, покрытый глазурью",KDV,SDP LITLIN AUT,,reference,open_food_facts,
4640017351920,Коктейль молочный ультрапастеризованный со вкусом банан,Молочная речка,"Состав: молоко цельное, молоко обезжиренное, сахар, молоко сухое обез жиренное, ароматизатор «Банан», экстракт сафлора (кра сящий концентрат из сафлора, вода), стабилизатор карра гинан.",,reference,open_food_facts,
8801073115516,Buldak Spicy Ramen,Samyang,"NOODLE (73.7%): WHEAT FLOUR, MODIFIED TAPIOCA STARCH, REFINED PALM OIL, WHEAT GLUTEN, SALT, EMULSIFIER[SOY LECITHIN(E322(i))], ACIDITY REGULATOR[POTASSIUM CARBONATE(E501(i)), SODIUM CARBONATE(E500(i)), SODIUM PHOSPHATE DIBASIC(E339(ii))], T",,reference,open_food_facts,
4810410114149,"Зарядись с солёной карамелью, арахисом, миндалём и фундуком в молочном шоколаде",Коммунарка,,,reference,open_food_facts,
4002645000188,Kräuterliklör,Kümmerling,,,reference,open_food_facts,
8852008304842,Koala chocolat noir,Lotte,,,reference,open_food_facts,
4001686102709,Lakritz Schnecken,Haribo,Zuckersirup; Weizenmehl; Glukosesirup; Stärke; Süßholzextrakt (3 %); Kochsalz; Aroma; Säuerungsmittel: Citronensäure; Überzugsmittel: Bienenwachs; Sonnenblumenöl,,reference,open_food_facts,
4870207313979,Творог,President,,14761,active,open_food_facts,
5901716986769,QuickMix,Kruger,Сахар какао-порошок,,reference,open_food_facts,
4600452023356,Bridge Coffee 3 в 1 лесной орех,KDV,"Сахар, заменитель сухих сливок на растительной основе с массовой долей жира 35% (патока крахмальная, масло кокосовое рафинированное дезодорированное, E340(ii), E452(i), E471, E472e, казеинат натрия, Е551), кофе натуральный растворимый порош",,reference,open_food_facts,
4870207313298,Йогурт питьевой со вкусом абрикоса,FoodMaster,"нормализованное молоко, сахар, стабилизатор: крахмал кукурузный, ароматическая эмульсия со вкусом абрикоса, закваска.",,reference,open_food_facts,
8801073116533,MEP Grilled Garlic Shrimp Ramyeon,Samyang,"แป้งสาลี 58%, สตาร์ชมันสำปะหลังดัดแปร 13%, น้ำมันปาล์ม 12%, เกลือบริโภคไม่เสริมไอโอดีน 3%, ผงกระเทียม 2%, ผงครึ่ม 2%, ผงกุ้งและหอย 1.7%, กลูเตนจากข้าวสาลี 1.5%, น้ำตาล 1.3%, ผงปรุงรสเผ็ด 1%, ผงกะทิ 0.86%, ผักกวางตุ้ง 0.5%, ผงปรุงรสกลมกล่อม",,reference,open_food_facts,
4605025024602,Бекон черкизово,,,,reference,open_food_facts,
4603732325236,Оливки с сёмгой,Ekoland,"вода питьевая, оливки отборные сорта мансанилья, паста из сёмги 6% (сёмга, желлирующий агент: альгнат натрия, ароматизатор), соль пищевая, усилитель вкуса: глутамат натрия, 5' рибонуклеотид динатрия, подкислитель: лимонная кислота и антиокс",,reference,open_food_facts,
4607041134767,Соус соевый пряный,Sen Soy,"Вода, соевые бобы, пшеница, соль, сахар, сок ананаса, свежие: имбирь, лук, чеснок, консервант: сорбат калия.",,reference,open_food_facts,
8594001693038,Паштет с гусиной печенью,Hame,,,reference,open_food_facts,
8801062859100,Lotte zero cookies & cream sand,Lotte,,,reference,open_food_facts,
7622201711829,Picnic Super Peanut,Alpen Gold,,,reference,open_food_facts,
4607015235784,Jaffa Cake,Яшкино,,,reference,open_food_facts,
4823077646285,Рошен  Ловита  Бровне,Roshen,"wheat flour, non-hydrogenated palm oil, sugar, egg melange, humectant glycerol, glucose-fructose syrup, modified starch, yolk powder, concentrated lemon juice 0,6%, salt, artificial flavouring: (,quot,lemon sherbet,quot,), raising agent amm",,reference,open_food_facts,
9555050302813,Bibigo cheese tteokbokki ramyun,,"Пшеничная мука, пальмовое масло, загуститель, соль, эмульгатор, пальмовое масло, антиоксидант, регулятор кислотности, антиоксидант, фруктоза, сахар, паста из красного перца, вода, соевый соус, консервант, усилители вкуса, порошок красного п",,reference,open_food_facts,
4601674085351,Кетчуп Итальянский,Heinz,,,reference,open_food_facts,
8711327608665,Glaces Amande,Magnum,"LAIT écrémé réhydraté, sucre, eau, beurre de cacao¹, huile de coco, LAIT en poudre écrémé, AMANDES, sirop de glucose, BEURRE concentré, sirop de glucose-fructose, pâte de cacao¹, LACTOSE et protéines de LAIT, émulsifiants (E471 (d'origine v",15893,active,open_food_facts,
8711327611924,Magnum Mini IJs Almond 6 x 55 ml,Magnum,"Gerehydrateerde magere MELK, suiker, cacaoboter', water, magere MELKPOEDER, kokosolie, AMANDELEN, glucosestroop, BOTERCONCENTRAAT, glucose-fructosestroop, cacaomassa¹, LACTOSE en MELKEIWITTEN, emulgatoren (E471, lecithines), stabilisatoren",15893,active,open_food_facts,
8711327609646,Magnum Glace Bâtonnet Amande 8x100ml,Magnum,"LAIT écrémé réhydraté, sucre, eau, beurre de cacao¹, huile de coco, LAIT en poudre écrémé, AMANDES, sirop de glucose, BEURRE concentré, sirop de glucose-fructose, pâte de cacao¹, LACTOSE et protéines de LAIT, émulsifiants (E471 (d'origine v",15893,active,open_food_facts,
8711327576861,Magnum Deluxe Double Chocolate,Magnum,"LAIT écrémé réhydraté, sucre, huile de coco, pâte de cacao (7%)¹, sirop de glucose-fructose, beurre de cacao (4,5%)¹, cacao maigre en poudre (3,5%)¹, LAIT en poudre entier, BEURRE concentré, LAIT écrémé en poudre ou concentré, émulsifiants",15893,active,open_food_facts,
8711327609345,Magnum Ice Cream Lolly ALMOND 110 ML,Magnum,"Entrahmte Milch, Zucker, Kakaobutter, Trinkwasser, Magermilchpulver, Kokosfett, Mandeln, Glukosesirup, Butterfett, Glukose-Fruktose-Sirup, Kakaomasse, Molkenerzeugnis, Emulgatoren (E471, Lecithine), Stabilisatoren (Guarkernmehl, Johannisbro",15893,active,open_food_facts,
8711327608887,Magnum Glace Bâtonnet Amande 6x100ml,Magnum,"LAIT écrémé réhydraté, sucre, eau, beurre de cacao¹, huile de coco, LAIT en poudre écrémé, AMANDES, sirop de glucose, BEURRE concentré, sirop de glucose-fructose, pâte de cacao¹, LACTOSE et protéines de LAIT, émulsifiants (E471 (d'origine v",15893,active,open_food_facts,
8711327577611,Magnum Glace Bâtonnet Deluxe Caramel 4x85ml,Magnum,"LAIT écrémé réhydraté, sucre, huile de coco, sirop de glucose-fructose, eau, pâte de cacao¹, sirop de glucose, BEURRE concentré, beurre de cacao¹, LAIT en poudre entier, LACTOSE et protéines de LAIT, LAIT en poudre écrémé, cacao maigre en p",15893,active,open_food_facts,
8711327621170,Magnum CAW 8x 100ml,Magnum,"LAIT écrémé réhydraté, sucre, eau, beurre de cacao¹, huile de coco, LAIT en poudre écrémé, sirop de glucose, BEURRE concentré, sirop de glucose-fructose, LAIT en poudre entier, LACTOSE et protéines de LAIT, émulsifiants (E471 (d'origine vég",15893,active,open_food_facts,
8711327612376,Magnum Ice Cream Lolly 110 ML,Magnum,"LAIT écrémé réhydraté, sucre, eau, beurre de cacao¹, pâte de cacao¹, huile de coco, sirop de glucose, sirop de glucose-fructose, LAIT entier en poudre, LACTOSE et protéines de LAIT, BEURRE concentré, émulsifiants (E471 (d'origine végétale),",15893,active,open_food_facts,
8711327532353,Magnum Glace Bâtonnet Classic 6x100ml,Magnum,"LAIT écrémé réhydraté, sucre, eau, beurre de cacao¹, pâte de cacao¹, huile de coco, sirop de glucose, sirop de glucose-fructose, LAIT en poudre entier, LACTOSE et protéines de LAIT, BEURRE concentré, émulsifiants (E471 (d'origine végétale),",15893,active,open_food_facts,
8711327606083,Chocolat blanc,Magnum,"LAIT écrémé réhydraté, sucre, eau, beurre de cacao¹, huile de coco, LAIT en poudre écrémé, sirop de glucose, BEURRE concentré, sirop de glucose-fructose, LAIT en poudre entier, LACTOSE et protéines de LAIT, émulsifiants (E471 (d'origine vég",15893,active,open_food_facts,
8711327608151,Chocolat Blanc & Fraise,Magnum,"LAIT écrémé réhydraté, sucre, purée de fraise (11%), beurre de cacao¹, eau, LAIT en poudre écrémé, huile de coco, sirop de glucose, LAIT écrémé en poudre ou concentré, BEURRE concentré, fructose, LAIT en poudre entier, sirop de glucose-fruc",15893,active,open_food_facts,
8711327681507,4 Cônes Noisette et Chocolat,Magnum,"LAIT écrémé réhydraté, sucre, sirop de glucose, eau, farine de BLÉ, huile de coco, beurre de cacao (4 LAIT en poudre écrémé, cacao maigre en poudre (2,5%), pâte de NOISETTE (2%), fructose, huile de tournesol, BEURRE concentré, p de cacao (1",15893,active,open_food_facts,
8711327391473,Magnum Glace Bâtonnet Caramel Salé & Amandes Caramélisées 3x90ml,Magnum,"LAIT écrémé réhydraté, sucre, eau, beurre de cacao¹, sirop de glucose, pâte de cacao¹, huile de coco, sirop de sucre caramélisé (4,5%), sirop de fructose, LAIT en poudre entier, AMANDES (2,5%), LACTOSE et protéines de LAIT, BEURRE concentré",15893,active,open_food_facts,
8683130003785,Magnum Double Chocolat,Magnum,"Milk Chocolate Ice Milk (49%) with Cocoa Sauce (25%) Coated with Milk Chocolate (26%).

Ingredients:

Milk Chocolate Ice Milk (49%): water, sugar, butter (milk product, cow), skimmed milk powder (cow), glucose-fructose syrup, milk chocolate",15893,active,open_food_facts,
8711327582899,"Double Starchaser Chocolate, Caramel parfum popcorn",Magnum,"LAIT écrémé réhydraté, sucre, sirop de glucose, pâte de cacao¹, sirop de glucose-fructose, BEURRE concentré, beurre de cacao¹, sirop de fructose, CRÈME, LAIT en poudre entier, huile de coco, LACTOSE et protéines de LAIT, LAIT en poudre écré",15893,active,open_food_facts,
8711327663963,Utopia Double Cherry,Magnum,"odtłuszczone MLEKO
​Cukier
​Syrop glukozowo-fruktozowy
​Mączka kakaowa
​Sok wisniowy z soku zageszczonego (4,5%)
​Tłuszcz kakaowy
​Syrop glukozowy
​Przecier wiśniowy (3%)
​Olej kokosowy
​Przecier z czarnej porzeczki (2,5%)
​Pełne",15893,active,open_food_facts,
8711327582844,"Double Sunlover Chocolate blanc, mangue, parfum noix de coco",Magnum,"LAIT écrémé réhydraté, sucre, beurre de cacao¹, sirop de glucose-fructose, LAIT écrémé en poudre ou concentré, LAIT en poudre écrémé, sirop de glucose, purée de mangue (4%), BEURRE concentré, sucre inverti, LAIT en poudre entier, noix de co",15893,active,open_food_facts,
8711327622212,Magnum Glace Bâtonnet Mini Citron Euphoria 6x55ml,Magnum,"LAIT écrémé réhydraté, sucre, beurre de cacao [1], eau, sirop de glucose, LAIT en poudre écrémé, purée de framboise 5.27%, jus de citron à base de jus concentré 4.01%, huile de coco, BEURRE concentré, jus de framboise à base de jus concentr",15893,active,open_food_facts,
8717163691496,Chocolat blanc & cookies,Magnum,"Lait écrémé réhydraté, sucre, beurre de cacao, sirop de glucose, eau, lait en poudre écrémé, crème 4,5%, huile de coco, beurre concentré, fructose, lait en poudre entier, lactose et protéines de lait, cacao maigre en poudre, farine de tapio",15893,active,open_food_facts,
8711327664500,Vegan Almond,Magnum,"Wasser, Zucker, Kakaobutter', Kakaomasse, Kokosfett, MANDELN, Glukosesirup, Glukose-Fruktose-Sirup, SOJAEIWEISS (0,5%), Emulgatoren (E471, Lecithine (mit SOJA)), Stabilisatoren (Johannisbrotkernmehl, Guarkernmehl), natürliche Vanillearomen,",15893,active,open_food_facts,
8711327578346,Mini double chocolate,Magnum,"LAIT écrémé réhydraté, sucre, pâte de cacao¹(7,5%), huile de coco, sirop de glucose-fructose, beurre de cacao¹ (4,5%), LAIT en poudre entier, cacao maigre en poudre¹ (3,5%), BEURRE concentré, LAIT écrémé en poudre ou concentré, émulsifiants",15893,active,open_food_facts,
8711327622708,Magnum Wonder Golden Toffee,Magnum,"LAIT écrémé réhydraté, sucre, beurre de cacao¹, eau, LAIT en poudre écrémé, sirop de glucose, BEURRE concentré, huile de coco, CRÈME (3,5%), AMANDES, fructose, purée de datte (1,5%), LACTOSE et protéines de LAIT, sirop de sucre caramélisé,",15893,active,open_food_facts,
8711327624919,After Dinner,Magnum,"Entrahmte MILCH, Zucker, Kakaobutter', Kakaomasse', Kokosfett, eingedickte entrahmte MILCH, VOLLMILCHPULVER, Glukosesirup, BUTTERFETT, MOLKENERZEUGNIS, Emulgatoren (E471, Lecithine), Stabilisatoren (E410, E407), vermahlene Vanilleschoten, n",15893,active,open_food_facts,
8711327575084,MINT,Magnum,,15893,active,open_food_facts,
8711327485082,Magnum Glace Bâtonnet Mini Double Gold Caramel Billionaire 6x55ml,Magnum,"LAIT écrémé réhydraté, sucre, beurre de cacao¹, LAIT en poudre écrémé, sirop de glucose, BEURRE concentré, sirop de glucose-fructose, huile de coco, fructose, amidon, LAIT écrémé en poudre ou concentré, LACTOSE et protéines de LAIT, sirop d",15893,active,open_food_facts,
8714100289989,Magnum Crème Glacée en Pot Amande 440ml,Magnum,"LAIT écrémé réhydraté, sucre, CRÈME (18%), sirop de glucose-fructose, beurre de cacao¹, AMANDES, LAIT en poudre écrémé, BEURRE concentré, LAIT écrémé en poudre ou concentré, pâte de cacao¹, sirop de glucose, émulsifiants (E471 (d'origine vé",15893,active,open_food_facts,
8711327609460,"Magnum Glace Bâtonnet Mini Classic, Amande & Chocolat Blanc 10x55ml",Magnum,"LAIT écrémé réhydraté, sucre, eau, beurre de cacao¹, pâte de cacao¹, huile de coco, sirop de glucose, LAIT entier en poudre, sirop de glucose-fructose, LACTOSE et protéines de LAIT, BEURRE concentré, émulsifiants (E471 (d'origine végétale),",15893,active,open_food_facts,
8711327678804,Utopia Double Cherry,Magnum,"LAIT écrémé réhydraté, sucre, sirop de glucose-fructose, pâte de cacao', jus de cerise à base de concentré (4,5%), huile de coco, sirop de glucose, purée de cerise (3%), LAIT en poudre entier, beurre de cacao', purée de cassis (2,5%), BEURR",15893,active,open_food_facts,
8711327574997,Magnum,Magnum,"reconstituted skimmed milk, sugar, water, cocoa butter¹, cocoa mass¹, coconut fat, glucose-fructose syrup, glucose syrup, whole milk powder, whey solids (milk), butter oil (milk), emulsifiers [e471, lecithins (contains soy), e476], exhauste",15893,active,open_food_facts,
8711327480430,Becher Double Gold Caramel Billionaire,Magnum,"LAIT écrémé réhydraté, CRÈME (17%), sucre, LAIT écrémé en poudre ou concentré, sirop de glucose-fructose, sirop de glucose, beurre de cacao¹, BEURRE concentré, BEURRE, LACTOSE et protéines de LAIT, sucre caramélisé, farine de BLÉ, émulsifia",15893,active,open_food_facts,
8711327539259,Almond remix,Magnum,"Reconstituted skimmed MILK, sugar, cocoa butter', skimmed MILK powder, water, glucose syrup, cream (MILK) (4%), butter oil (MILK), coconut fat, ALMONDS, whole MILK powder, fructose, whey solids (MILK), cocoa mass, emulsifiers (E471, sunflow",15893,active,open_food_facts,
8711327609716,White Chocolate Almond,Magnum,"LAIT écrémé réhydraté, sucre, beurre de cacao¹, eau, LAIT en poudre écrémé, huile de coco, sirop de glucose, BEURRE concentré, LAIT en poudre entier, sirop de glucose-fructose, LACTOSE et protéines de LAIT, émulsifiants (E471 (d'origine vég",15893,active,open_food_facts,
8711327613685,Magnum Glace Bâtonnet Mini Chocolat Blanc & Cookies 6x55ml,Magnum,"LAIT écrémé réhydraté, sucre, beurre de cacao¹, eau, sirop de glucose, pâte de cacao¹, CRÈME (4%), huile de coco, LAIT en poudre entier, fructose, LACTOSE et protéines de LAIT, cacao maigre en poudre¹, BEURRE concentré, farine de riz, farin",15893,active,open_food_facts,
8711327660601,Vegan Almond,Magnum,"Water, sugar, cocoa butter, cocca mass, coconut fat, ALMONDS, glucose syrup, glucose-fructose syrup, SOY protein (0.5%), emulsifiers (E471, lecithins (contain SOY)), stabilisers (locust bean gum, guar gum), natural vanilla flavourings, exha",15893,active,open_food_facts,
8711327681242,Mangue & Chocolat Blanc,Magnum,,15893,active,open_food_facts,
8711327622674,Magnum vegan chill blueberry cookie,Magnum,"Eau, sucre, beurre de cacao¹, pâte de cacao¹, sirop de glucose, purée de myrtille (5%), huile de coco, jus de myrtille à base de jus concentré (2,5%), fructose, sirop de glucose-fructose, farine de riz, farine de tapioca, spiruline, huile d",15893,active,open_food_facts,
8711327575011,White Chocolate Ice Cream,Magnum,"Reconstituted skimmed MILK, sugar, cocoa butter', glucose syrup, coconut fat, skimmed MILK powder, butter fat (MILK), fructose, whole MILK powder, skimmed MILK powder or concentrate, emulsifiers (E471, lecithins), stabilisers (guar gum, tar",15893,active,open_food_facts,
8711327622285,Pink Lemonade,Magnum,"reconstituted skimmed milk par cocoa butter', water, glucose syrup, raspberry puree (5,5%), skimmed milk powder, lemon juice from concentrate (4%), coconut fat, raspberry juice from concentrate (3,5%), butter fat (milk), frios whole milk po",15893,active,open_food_facts,
8711327610882,Magnum Ice Cream Lolly 440 ML,Magnum,"Entrahmte MILCH, Zucker, Trinkwasser, Kakaobutter, Kokosfett, MAGERMILCHPULVER, MANDELN, BUTTERPETT, Gussers St LECHE er Gukosesinip, Kakaomasse, MOLKENERZEUGNIS, Emulgatoren (E471, Lethine), Stabilisabren (Guatemme hakemet, Tarkemmel Garag",15893,active,open_food_facts,
8711327608504,Magnum Glace Bâtonnet Chocolat Blanc 8x100ml,Magnum,"LAIT écrémé réhydraté, sucre, eau, beurre de cacao¹, huile de coco, LAIT en poudre écrémé, sirop de glucose, BEURRE concentré, sirop de glucose-fructose, LAIT en poudre entier, LACTOSE et protéines de LAIT, émulsifiants (E471 (d'origine vég",15893,active,open_food_facts,
8714100658499,MAGNUM Glace Bâtonnet Amande Vegan 3x90ml,Magnum,"Eau, sucre, beurre de cacao¹, pâte de cacao¹, sirop de glucose, AMANDES, huile de coco, fructose, sirop de glucose-fructose, protéines de pois, émulsifiant (lécithine), gousses de vanille épuisées broyées, stabilisants (farine de graines de",15893,active,open_food_facts,
8711327577976,Magnum,Magnum,"LAIT écrémé réhydraté, sucre, huile de coco, pâte de cacao¹(7%), sirop de fructose-glucose, beurre de cacao¹(4,5%), cacao maigre en poudre¹(3,5%), LAIT en poudre entier, BEURRE concentré, LAIT écrémé en poudre ou concentré, émulsifiants (E4",15893,active,open_food_facts,
8000920596708,Caramel & Nuts,Magnum,"leite, açúcar, xarope de glicose, manteiga de cacau, pasta de cacau, amendoins, leite em pó desnatado, lactose, gordura de coco, soro de leite em pó, farinha de trigo, manteiga, emulsificante lecitina de girassol, espessante goma guar, arom",15893,active,open_food_facts,
8711327611757,Magnum Almond,Magnum,"Reconstituted skimmed MILK, sugar, cocoa butter', coconut fat, glucose syrup, ALMONDS, skimmed MILK powder, butter fat (MILK), fructose, cocoa mass¹, skimmed MILK powder or concentrate, emulsifiers (E471, lecithins), stabilisers (guar gum,",15893,active,open_food_facts,
8711327608452,White Chocolate & Almond,Magnum,"LAIT écrémé réhydraté, sucre, beurre de cacao¹, eau, huile de coco, LAIT en poudre écrémé, AMANDES, sirop de glucose, BEURRE concentré, sirop de glucose-fructose, LAIT en poudre entier, LACTOSE et protéines de LAIT, émulsifiants (E471 (d'or",15893,active,open_food_facts,
8711327578461,Magnum Glace Bâtonnet Mini Double Caramel Chocolat 6x55ml,Magnum,"LAIT écrémé réhydraté, sucre, pâte de cacao¹(7,5%), huile de coco, sirop de glucose-fructose, beurre de cacao¹(4,5%), LAIT entier en poudre, cacao maigre en poudre¹(3,5%), BEURRE concentré, LAIT écrémé en poudre ou concentré, émulsifiants (",15893,active,open_food_facts,
8714100691069,Magnum Intense Dark 70% Cocoa,Magnum,"LECHE desnatada rehidratada, pasta de cacao, azúcar, jarabe de glucosa-fructosa, grasa de coco, cacao en polvo desgrasado, manteca de cacao, MANTEQUILLA concentrada, emulgentes (lecitinas (contiene SOJA), E471, E442), LECHE en polvo, estabi",15893,active,open_food_facts,
8711327671980,EVENTS EMBALLAGE M MAGNUM. ப 100 ml/69 g 905 k UTO,Magnum,Valeurs nutritionnelles/,15893,active,open_food_facts,
8909106034925,Almond Magnum,Magnum,,15893,active,open_food_facts,
8714100637566,Magnum Glace Bâtonnet Mini Chocolat Noir Intense 6x55ml,Magnum,"LAIT écrémé réhydraté, pâte de cacao1, sucre, sirop de glucose-fructose, huile de coco, cacao maigre en poudre1, beurre de cacao1, BEURRE concentré, émulsifiants (lécithine de SOJA, E471, E442), LAIT en poudre entier, stabilisants (E410, E4",15893,active,open_food_facts,
8711327535262,Vegan mini almond,Magnum,"water, sugar, cocoa butter, cocoa mass, glucose syrup, coconut fat,  almonds , fructose, glucose-fructose syrup, pea protein, emulsifier (lecithin), exhausted vanilla bean pieces, stabilisers (locust bean gum, guar gum), sea salt, carrot ju",15893,active,open_food_facts,
8711327582400,"Double Sunlover White Chocolate, Mango, Coconut",Magnum,"Entrahmte MILCH, Zucker, Kakaobutter, Glukose-Fruktose-Sirup, MAGERMILCH-Pulver oder - Konzentrat, MAGERMILCHPULVER, Glukosesirup, Mangopuree (4%), BUTTERFETT, Invertzuckersirup, VOLLMILCHPULVER, Kokos, Kokospaste (2%), Kokosfett, Fruktose,",15893,active,open_food_facts,
8711327612242,White Chocolate Strawberry,Magnum,MOJITO 457 ährwertinformation/Valeurs nutritionnelles / Voedingswaarden/ eclaraţie nutriţională / Nutritivne vrednosti Per 100 g Per 100 ml % per = Energie/Energie/Valoare energetică / Energetska vrednost,15893,active,open_food_facts,
8711327607198,WHITE CHOCOLATE,Magnum,,15893,active,open_food_facts,
8711327625389,After dinner frac,Magnum,"LECHE desnatada rehidratada, azúcar, pasta de cacao1, manteca de cacao1, LECHE desnatada en polvo o concentrada, grasa de coco, NATA (2,5%), MANTEQUILLA concentrada, suero de LECHE en polvo, emulgentes (E471, E442, E476), estabilizantes (go",15893,active,open_food_facts,
8714100658426,Magnum vegan,Magnum,"water, sugar, cocoa butter', cocoa mass', glucose syrup, coconut oil, glucose fructose syrup, pea protein, flavourings, emulsifiers (sunflower lecithin, e471), exhausted vanilla bean pieces, stabilisers (e412, e410, e407), salt, colour (e16",15893,active,open_food_facts,
8717163691618,Magnum White Chocolate&Cookies,Magnum,"DH AI (0E) (A) Eis grano, orzo, avele mit Keksgeschmack (6%) umhült von weißer Schokolade (27%) und Keksstückchen (4%), / (CH) Glace mit Kakaosauce mit chmeck 6%) umhult von weisser Schokolade (27%) und Keksstückchen (4%), : Entrahmte MILCH",15893,active,open_food_facts,
8711327315604,Pot White Chocolate Cookies,Magnum,"LAIT écrémé réhydraté, sucre, CRÈME (17%), beurre de cacao¹, sirop de glucose-fructose, LAIT en poudre écrémé, LAIT écrémé en poudre ou concentré, BEURRE concentré, huiles végétales (soja, colza), LAIT en poudre entier, farine de BLÉ, cacao",15893,active,open_food_facts,
8711327579646,Magnum Glace Bâtonnet Deluxe Framboise 4x85ml,Magnum,"LAIT écrémé réhydraté, sucre, purée de framboise (13%), huile de coco, sirop de glucose-fructose, pâte de cacao¹, sirop de glucose, beurre de cacao¹, LAIT en poudre entier, BEURRE concentré, fructose, LACTOSE et protéines de LAIT, cacao mai",15893,active,open_food_facts,
8711327580341,Magnum Glace Bâtonnet Mini Mangue et parfum Coco Double Sunlover 6x55ml,Magnum,"LAIT écrémé réhydraté, sucre, beurre de cacao¹, sirop de glucose-fructose, LAIT en poudre écrémé, sirop de glucose, BEURRE concentré, purée de mangue (3%), LAIT en poudre entier, sucre inverti, noix de coco, pâte de coco (2%), huile de coco",15893,active,open_food_facts,
8711327580721,Magnum Glace Bâtonnet Mini parfum Popcorn Double Starchaser 6x55ml,Magnum,"LAIT écrémé réhydraté, sucre, sirop de glucose, pâte de cacao¹, beurre de cacao¹, sirop de glucose-fructose, BEURRE concentré, LAIT en poudre entier, sirop de fructose, CRÈME, huile de coco, LACTOSE et protéines de LAIT, LAIT écrémé en poud",15893,active,open_food_facts,
8712100864940,Magnum 100ML Mint,Magnum,"reconstituted skimmed milk, sugar, cocoa butter, cocoa mass', coconut oil, glucose syrup, glucose fructose syrup, whole milk sku powder, butteroil, concentrated skimmed milk, emulsifiers (e471, soya lecithin, e476), whey solids (milk stabil",15893,active,open_food_facts,
8711327622869,Nanuk s borůvkovými cookies,Magnum,"Voda, cukr, kakaové máslo, kakaová hmota, glukózový sirup, borůvkové pyré (5 %), kokosový tuk, borůvková šťáva z koncentrátu (2.5%), fruktóza, glukózo-fruktózový sirup, rýžová mouka, tapioková mouka, koncentrát ze spiruliny, řepkový olej, h",15893,active,open_food_facts,
8711327585601,Magnum Crème Glacée Pot Double Sunlover 440ml,Magnum,"LAIT écrémé réhydraté, CRÈME (17%), sucre, sirop de glucose-fructose, beurre de cacao¹, LAIT en poudre écrémé, pâte de coco (3%), BEURRE concentré, purée de mangue (2%), LAIT en poudre entier, mangue, jus de fruit de la passion³ (0,7%), sir",15893,active,open_food_facts,
8711327403219,Mini Magnum Frac Almond,Magnum,,15893,active,open_food_facts,
0077567132284,DOUBLE CARAMEL ice cream,Magnum,"milk chocolate coating [sugar, chocolate, cocoa butter, milk, milkfat, pgpr (emulsifier) and soy lecithin (emulsifier), vanilla extract], milk, caramel sauce [water, sugar, corn syrup, high fructose corn syrup, nonfat dry milk, coconut oil,",15893,active,open_food_facts,
8718114728861,Magnum Glace Bomboniera Classic x12 140ml,Magnum,"LAIT écrémé réhydraté, sucre, pâte de cacao¹, LAIT en poudre écrémé ou concentré, beurre de cacao¹, huile de coco, LAIT en poudre entier, BEURRE concentré, sirop de glucose-fructose, dextrose, émulsifiants (E471, E476, E442), stabilisant (E",15893,active,open_food_facts,
5024576195507,Magnum,Magnum,enjoy responsibly uk health departments 3.3 recommend adults ukdo not regularly exceed 3-4 units a day men women 2-3 units a day drinkaware.co.uk 5 &quot;024576 195507' alcoholic beverage. manufactured and bottled in costoins sulphites,15893,active,open_food_facts,
8711327613384,COLLECTION WHITE CHOCOLATE & BERRY REMIX,Magnum,W MAGNUM COLLECTION INTENSE DARK EXA CANA www 70% COCOA COLLECTION MINTENSE DARK MAGNUM CRACKING CHOCOLAT MADE WITH 70% COCOA M MAGNUM COLLECTION 3 INTENSE DARK NOIR INTENSE CRACKING CHOCOLATE MADE WITH 70% COCOA MAGNUMU COLLECTION 70% COCO,15893,active,open_food_facts,
8711327610262,Magnum,Magnum,,15893,active,open_food_facts,
8711327612172,Mini Pistacchio,Magnum,,15893,active,open_food_facts,
8711327669596,White Chocolate,Magnum,"Reconstituted skimmed MILK, sugar, water, cocoa butter', coconut fat, skimmed MILK powder, glucose syrup, butter fat (MILK), glucose-fructose syrup, whole MILK powder, whey solids (MILK), emulsifiers (E471, lecithins), stabilisers (guar gum",15893,active,open_food_facts,
8909106032389,Magnum pistachio,Magnum,,15893,active,open_food_facts,
8711327677869,CARAMEL & NUTS BAR,Magnum,,15893,active,open_food_facts,
8712566328354,MAGNUM Glace Bâtonnet Classic 4x110ml,Magnum,"LAIT écrémé réhydraté, sucre, beurre de cacao¹, eau, huile de coco, pâte de cacao¹, sirop de glucose, sirop de glucose-fructose, LAIT en poudre entier, LACTOSE et protéines de LAIT, BEURRE concentré, émulsifiants (lécithine de SOJA, E476, E",15893,active,open_food_facts,
8000920500206,Glace vanille à l'arôme naturel de vanille de Madagascar enrobée de chocolat au lait (26%).,Magnum,"mle 86 ge PL Unilever Polska Sp. z 0.0., Jerozolimskie 134, 02-305 Warszawa, olska. Infolinia: 801 313 115, koszt: 1 puls za każde rozpoczęte 3 minuty LT Tiekėjas: UAB „Unilever Lietuva WALKING Skuodo g. 28, Mažeikiai, LT-89100, 8000920 500",15893,active,open_food_facts,
8711327320855,Mini white chocolate & cookies ice cream bars,Magnum,"skim milk rehydrated, sugar, cocoa butter', glucose syrup, whole milk powder, cream, vegetable oils (coconut, sunflower), fructose, flour of wheat, concentrated butter, skimmed milk powder, lactose and milk proteins, glucose-fructose syrup,",15893,active,open_food_facts,
8711327434981,Vegan sea salt caramel,Magnum,"Wasser, Zucker, Kakaobutter', Kakaomasse', Glukosesirup, Kokosfett, karamellisierter Zuckersirup (4%), Fruktose, Glukose-Fruktose-Sirup, Erbsenprotein, Emulgator (Lecithine (Sonnenblume)), Meersalz (0,25%), Stabilisatoren (Guarkernmehl, Joh",15893,active,open_food_facts,
8711327610624,Collection Pistachio,Magnum,"Reconstituted skimmed MILK, sugar, cocoa butter, cocoa mass, coconut fat, PISTACHIO pieces, whole MILK powder, glucose-fructose syrup, glucose syrup, PISTACHIO paste (2%), butter fat (MILK), whey solids (MILK), emulsifiers (E471, lecithins)",15893,active,open_food_facts,
8711327578911,Magnum Vegan Raspberry Swirl,Magnum,"water, sugar, cocoa butter, cocoa mass', glucose syrup, coconut fat, raspberry puree (5%), glucose-fructose syrup, fructose, pea protein, flavourings, beetroot juice concentrate, sea salt, stabilisers (locust bean gum, guar gum, carrageenan",15893,active,open_food_facts,
8711327531026,white chocolate magnum,Magnum,"Reconstituted skimmed MILK, sugar, cocoa butter, glucose syrup, coconut fat, skimmed MILK powder, butter oil (MILK), fructose, whole MILK powder, skimmed MILK powder or concentrate, emulsifiers (E471, sunflower lecithins), stabilisers (tara",15893,active,open_food_facts,
8711327537941,Magnum eis,Magnum,"Lait écrémé réhydraté, sucre, crème(16%), lait écrémé en poudre ou concentré, beurre de cacao, sirop de glucose-fructose, lait en poudre écrémé, purée d'amandes (3%), sirop de glucose, beurre concentré, pâte de cacao, huile de coco, sirop d",15893,active,open_food_facts,
8711327585328,Double Starchaser,Magnum,"LAIT écrémé réhydraté, CRÈME (17%), sucre, sirop de glucose-fructose, sirop de glucose, beurre de cacao¹, pâte de cacao¹, LAIT en poudre entier, LAIT écrémé en poudre ou concentré, BEURRE concentré, BEURRE, maïs, amidon modifié, sucre caram",15893,active,open_food_facts,
8712100836275,White Chocolate Ice Cream,Magnum,"reconstituted skimmed milk, sugar, cocoa butter', water, coconut oil, whole milk powder, glucose syrup, glucose fructose syrup, whey solids (milk), butteroil, skimmed milk powder, emulsifiers (e471, e442, e476), stabilisers (e410, e412, e40",15893,active,open_food_facts,
8711327582996,Magnum double raspberry,Magnum,"de AT CH (AT) Eis mit Himbeere umhült von kakaohaltiger Fettglasur (6%), Himbeer-Yuzu-Sauce (19%) und Milchschokolade (26%), / (CH) Himbeerglace umhüllt von kakaohaltiger Fettglasur (6%), Himbeer-Yuzu-Sauce (19%) und Milchschokolade (26%),",15893,active,open_food_facts,
8711327578009,Doble chocolate,Magnum,"LECHE desnatada rehidratada, azúcar, grasa de coco, pasta de cacao¹ (7%), jarabe de glucosa-fructosa, manteca de cacao¹ (4,5%), cacao en polvo desgrasado (3,5%), LECHE en polvo, MANTEQUILLA concentrada, LECHE desnatada en polvo o concentrad",15893,active,open_food_facts,
8000920585605,Sandwich,Magnum,"LECHE desnatada rehidratada, azúcar, grasa de coco, harina de TRIGO, suero de LECHE concentrado, pasta de cacao, jarabe de glucosa, trocitos de ALMENDRA (2%), jarabe de glucosa-fructosa, manteca de cacao, LECHE en polvo, MANTEQUILLA concent",15893,active,open_food_facts,
8711327555178,Magnum Michelangelo,Magnum,"LATTE scremato reidratato, zucchero, burro di cacao, LATTE scremato in polvere, sciroppo di glucosio-fruttosio, pasta di cocco (3%), BURRO concentrato, olio di cocco, LATTE intero in polvere, sciroppo di glucosio, cacao magro in polvere (1,",15893,active,open_food_facts,
8711327610697,Yoghurt & Raspberry,Magnum,"Entrahmte MILCH, Zucker, JOGHURT (18%), Kakaobutter', Kakaomasse', Kokosfett, Glukose-Fruktose-Sirup, Himbeerpüree (3%), VOLLMILCHPULVER, MAGERMILCH-Pulver oder - Konzentrat, BUTTERFETT, Emulgatoren (E471, Lecithine), Stabilisatoren (Johann",15893,active,open_food_facts,
8711327604191,Almond Remix,Magnum,,15893,active,open_food_facts,
8711327625228,Magnum wonder golden toffee,Magnum,"SKUMMETMÆLK, sukker, kakaosmør, vand, SKUMMET glukosep, MÆLKEFEDT, kokosfedt, FLØDE (3.5%), MANDLER, fruktose, daddelpuré (1,5% ), valleprodukt (MÆLK), karamelliseret sukkersirup, emulgatorer (E471, E476, lecithiner), stabilisatorer (quargu",15893,active,open_food_facts,
8999999005614,Almond ice cream,Magnum,,15893,active,open_food_facts,
9300830025330,Ice cream,Magnum,,15893,active,open_food_facts,
8683130069620,Raspberry ice cream,Magnum,,15893,active,open_food_facts,
8711327614107,Almond Magnum,Magnum,"stabilointiaineet (guarkumi, tarakumi johanneksenleipäpuujauhe, karrageení), herajauhe (MAITO), jauhe vaniljatanko, luontainen vanilja-aromi¹ (MAITO), luontainen vanilja-aromi, väri (karotenoidit), Saattaa sisältää ruit pähkinöitä, 'Rainfor",15893,active,open_food_facts,
8712100845121,Magnum Double Chocolate Ice Cream Bar,Magnum,"skim milk rehydrated, sugar, coconut oil, paste cacao, glucose syrup, butter cacao, lean cocoa in poudre, whole milk powder, concentrated butter, glucose-fructose syrup, skimmed milk powder or concentrate, stabilisers (e410, e407), emulsifi",15893,active,open_food_facts,
5449000036874,Hawai Tropical,Coca cola,"ماء غازي, سكر, مركز عصير البرتقال, محليات, مواد حافظة, مثبت, نكهات طبيعية",,reference,open_food_facts,
5449000203829,Pulpy pècne,Cappy,"Eau, purée de pêche Poneur en fruits: 11% minimum édulcorants, et pulpe d'orange, sucre, épaississants : E440, E466, acidifiants : E330, E300 , arômes naturels, édulcorants: E950, E954, E955, colorant : E160a, Cohomi",,reference,open_food_facts,
8901764032918,Sprite,Coca-Cola,"CARBONATED WATER, SUGAR, ACIDITY REGULATORS (330, 331(iii)), PRESERVATIVE (211), SWEETENER(960), FLAVOURS (NATURAL FLAVORING SUBSTANCES).",,reference,open_food_facts,
5000112611315,Coca-Cola life,Coca-Cola,"Wasser, Zucker, Kohlensäure, Farbstoff E150d,Säuerungsmitel Phosphorsäure, natürliches Aroma, Aroma Koffein, Süßungsmittel Steviolglykoside",,reference,open_food_facts,
5000112558274,COCA COLA 50CL,Coca-Cola,"Eau gazéfiée, sucre, colorant, caramel (E150d), acidifiant (acide phosphorique), arômes naturels (extraits végétaux) dont caféine",,reference,open_food_facts,
5449000295750,Thé glacé pêche intense,COCA-COLA,"Eau; sucre; acidifiants: acide citrique, acide malique; extrait de the noir (0.12%); jus de pêche à base de concentré (0,1%); arôme naturel de peche avec autres arômes naturels ; correcteur d'acidité : citrates de sodium: antioxydant: acide",,reference,open_food_facts,
5449000006299,Sprite,Coca-Cola,"du GAZÉIFIÉE, SUCRE ACIDIFIANTS : ACIDE CITRIQUE DE SODIUM (E33f III), ARdMES DE CITRON ET DE CONSERVATEUR : BENZOATE DE SODIUM (E211), ÉDULCOmNT :",,reference,open_food_facts,
3948764032914,Sprite,Coca-Cola,Sprite,,reference,open_food_facts,
5449000036962,Poms,COCA-COLA,"السکروالمحبانعلي يحتوي التفاح, بنكهة مشروب مالون4:6نكهة ,5330، محمض عصبرالتفاخ، سکر، غازي، ماء امتونان، 5955محلات:E950، ؛ E202 حافظة:،E211",,reference,open_food_facts,
5449000011112,cola mini,Coca-Cola,"Woda, cukier, dwutlenek węgla, barwnik E 150d, kwas fosforowy, naturalne aromaty (w tym kofeina,)",,reference,open_food_facts,
5449000257796,Minute Maid,Minute Maid,"JUS DE POMME À BASE DE CONCENTRÉ.
Teneur en Fruits 100%.",,reference,open_food_facts,
5000112558265,Coca-Cola Zero,Coca-Cola,"Eau gazéifiée; colorant: E150d; acidifiant: acide phosphorique; édulcorants : aspartane, ???, glycosides de stéviol produits par voie enzymatique; arômes naturels; arôme caféine; correcteur d'acidité: citrates de sodium. Contient une source",,reference,open_food_facts,
5449000164955,Bebida isotónica limón,Aquarius,"Agua, azúcar, acidulantes (ácido cítrico, ácido málico), potenciadores del sabor (cloruro sódico, fosfato potásico, fosfato cálcico), corrector de acidez (citrato sódico), antioxidante (ácido ascórbico), estabilizantes (E-414, E-445), gluco",,reference,open_food_facts,
8901764042906,Thumsup,Coca-Cola,,,reference,open_food_facts,
5449000020989,Coca-Cola Zero Sugar 25cl,Coca-Cola,"Carbonated Water, Colour (E150d), Acid (Phosphoric Acid), Sweeteners (Aspartame, Acesulfame-K, Enzymatically Produced Steviol Glycosides), Natural Flavourings, Caffeine Flavouring. Acidity Regulator (Sodium Citrates)",,reference,open_food_facts,
8901764032705,Sprite,Coca Cola,"CARBONATED WATER, SUGAR, ACIDITY REGULATORS (330,331(ii)), PRESSERVATIVE (211) & SWEETENER (960).",,reference,open_food_facts,
5449000017888,Coca-Cola 1 Liter,Coca-Cola,"Wasser, Zucker, Kohlensäure, Farbstoff E 150d, Säuerungsmittel Phosphorsäure, natürliches Aroma, Aroma Koffein.",,reference,open_food_facts,
3948764061253,Diet coke,Coca-Cola,"carbonated water, caramel color, aspartame, phosphoric acid, potassium benzoate, natural flavors, citric acid, and caffeine",,reference,open_food_facts,
8901764032909,Sprite,Coca cola,"CARBONATED WATER, SUGAR, ACIDITY REGULATORS (330, 331(iii)), PRESERVATIVE (211), SWEETENER (960), FLAVOURS (NATURAL FLAVOURING SUBSTANCES).",,reference,open_food_facts,
5449000158893,Napój gazowany o smaku cola,Coca-Cola,"Woda, dwutlenek węgla, barwnik E150d, kwas: kwas fosforowy, Substancje słodzące (cyklaminiany, acesulfam K, aspartam), naturalne aromaty (w tym kofeina), regulator kwasowości: cytryniany sodu. Zawiera źródło _fenyloalaniny_. Nie zawiera cuk",,reference,open_food_facts,
5449000134264,Coca-Cola Zero,Coca-Cola,"Wasser, Kohlensäure, Farbstoff E 150d, Säuerungsmittel Phosphorsäure, Süßungsmittel (Natriumcyclamat, Acesulfam K, Aspartam, enzymatisch hergestellte Steviolglycoside), natürliches Aroma, Aroma Koffein, Säureregulator Natriumcitrate",,reference,open_food_facts,
5000112541007,Sabor Original,Coca-Cola,"Água, açúcar, dióxido de carbono, corante caramelo E-150d, acidificante ácido fosfórico, aromas naturais e aroma cafeína.",,reference,open_food_facts,
5000112604458,Cola Zero,Coca-Cola,"Wasser, Kohlensäure, Farb stoff E150d, Säuerungsmittel Phosphorsäure Süßungsmittel (Natriumcyclamat, Acesulfam Aspartam), natürliches Aroma, Aroma Kaffein Säureregulator Natriumcitrate. Enthält eine Phenylalaninquelle.",,reference,open_food_facts,
5449000335137,Fuze Tea sans sucre,Coca-Cola,"eau, extrait de thé vert⁺ (0,14%) ; acide citrique; jus de fruit de la passion à base de concentré (0,1%) ; correcteur d'acidité : citrates de sodium ; arômes naturels ;  acide ascorbique ; aspartame, acésulfame-K, sucralose",,reference,open_food_facts,
5449000195344,Coca cola zero cherry,Coca-Cola-light,"Eau gazéifiée, colorant : caramel E150d, acidifiants : acide phosphorique, citrate de sodium, édulcorants : aspartame, acésulfame-K, arômes naturels (dont extraits végétaux, caféine)",,reference,open_food_facts,
8901764032273,Sprite 750ml,coca cola,"CARBONATED WATER, SUGAR, ACIDITY REGULATORS (330, 331(i)), PRESERVATIVE(211), SWEETENER (960), FLAVOURS (NATURAL FLAVORING SUBSTANCES)",,reference,open_food_facts,
5000112545322,Coke Original Taste,Coca-Cola,"Нагиток безалкогольная сильно га о - Cola at (Кола классическая) 330 мл Состав: вода, сахар, углекислый газ, краситель (израиль E150d), регулятор кислотности (E334) , натуральные ароматизаторы (включая Условия хранения: хренить при температ",,reference,open_food_facts,
5449000121057,Aquabona,Coca-Cola,"AGUA MINERAL NATURAL
DECLARADA MINERAL NATURAL (6/4,/94
COMPOSICION ANALITICA (mg/): Residuo
seco: 255 (180�C), Bicarbonatos: 274, Sulfatos:
6,5, Cloruros: 4,8, Calcio: 92,4, Magnesio: 2,3
Sodio: 20, Control periodico por el laboratori",,reference,open_food_facts,
5000112554357,Coca-Cola zéro,Coca-Cola,"Eau gazéifiée, colorant : caramel (E150d), acidifiant (acide phosphorique, citrate de sodium), édulcorants (aspartame, acésulfame K), extraits végétaux, arôme, caféine.",,reference,open_food_facts,
5449000060066,Schweppes citron,Coca-Cola,"eau gazeuse, sucre, jus de citron, acidifiants: E300, E330: conservateur: E202, émulsifiant: E414, édulcorants: E955, E950, arômes naturels de citron, teintés: E104.",,reference,open_food_facts,
5449000177551,Coca-Cola Zero Zero,Coca-Cola,"Agua carbonatada, colorante E-150d. edulcorantes: ciclamato sódico, acesulfamo Ky aspartamo, acidulante ácido fosfórico, aromas naturales y corrector de acidez: citratos de sodio. Contiene una fuente de fenilalanina.",,reference,open_food_facts,
3948764012275,Coca cola Soft Drink 750ml,Coca cola,"Carbonated water ,Sugar, Acidity Regulator (338), Caffeine (8.7 mg/100g), Colour (150d), Flavours (Natural Flavoring substances)",,reference,open_food_facts,
5000112637924,Coca Cola,Coca-Cola,"Kolsyrat vatten, socker, färgämne (sockerkulör (E150d)), surhetsreglerande medel (E338), naturliga aromer (inkl koffein).",,reference,open_food_facts,
6130003002029,Coca cola,Coca Cola,,,reference,open_food_facts,
5740700982967,Coca-Cola Zero,Coca-Cola,"Eau, colorant au dioxyde de carbone (E150d) régulateur d'acidité (E338, E331), édulcorant (cyclamate de sodium, aspartam, acésulfame k)
Arômes naturels (y compris la caféine)
 Contient une source de phénylalanine.",,reference,open_food_facts,
5000112547728,Cola,Coca-Cola,"Wasser, Zucker, Kohlensäure, Farbstoff E150d, Säuerungsmittel Phosphorsäure, natürliches Aroma, Aroma Koffein.",,reference,open_food_facts,
5449000201937,Coca-Cola Zero Zero,Coca-Cola,"Eau pétillante; colorant: E150d; acidifiant: E338; édulcorants: aspartame, acesulfame-K; correcteur d'acidité: E331; arômes naturels. Contient une source de phénylalanine.",,reference,open_food_facts,
5000112637933,Coca-Cola Zero Sugar,Coca-Cola,"Kolsyrat vatten, färgämne (E150d), surhetsreglerande medel (E338, E331), sötningsmedel (aspartam, acesulfam K), naturliga aromer (inkl. koffein).",,reference,open_food_facts,
5449000283904,Coca-Cola,Coca-Cola,"Eau, sucre, colorant: E150d, acidifiant,  acide phosphorique, arômes naturels",,reference,open_food_facts,
3948764032279,Sprite,Coca Cola,"CARBONATED WATER, SUGAR, ACIDITY REGULATORS (330, 331(1), PRESERVATIVE (211), SWEETENER (960), FLAVOURS (NATURAL FLAVORING SUBSTANCES).",,reference,open_food_facts,
5449000237978,Fuzetea Black Tea Peach Hibiscus,COCA COLA,"water, concentrated peach juice (5%), sugar, acidifiers: citric acid, sodium citrate, malic acid, tea extracts (0.12%) natural aroma and peach, natural aroma, antioxidant: ascorbic acid, hibiscus extracts, sweetener: steviol glycosides",,reference,open_food_facts,
5000112609684,Coca-Cola original taste,Coca-Cola,Eau gazéifiée ; sucre ; colorant : E150d ; acidifiant : acide phosphorique ; arômes naturels ; arôme caféine.,,reference,open_food_facts,
5701872203005,Coca Cola Coca Cola,Coca-Cola,"Vand, sukker, kuldioxid, farvestof (karamel E150d), syre (E338), naturlige aromaer, aroma koffein.",,reference,open_food_facts,
0850006000018,Yaourt nature sucres U,Coca Cola,,,reference,open_food_facts,
5942321002246,Coca Cola,Coca-Cola,"water, sugar, carbon dioxide, color E 150d, phosphoric acid, natural flavors, caffeine flavor",,reference,open_food_facts,
5449000195362,Coca-Cola Zero Cherry,Coca-Cola,"eau gazéifiée ; colorant : caramel E150d ; acidifiants : acide phosphorique, citrate de sodium ; édulcorants : aspartame et acésulfame-K ; arômes naturels (dont extraits végétaux, caféine).",,reference,open_food_facts,
9300675001416,CLASSIC,Coca-Cola,"Carbonated water, sugar, colour (150d), food acid (338), flavour, caffeine.",,reference,open_food_facts,
5000112641866,Fuze Tea Pfirsich,Coca-Cola,"Wasser, Zucker, Säuerungsmittel (Citronensäure, Äpfelsäure), löslicher Tee-Extrakt (0,12%), Pfirsichsaft aus Pfirsichsaftkonzentrat (0,1%), natürliches Pfirsicharoma mit anderen natürlichen Aromen, Säureregulator Natriumcitrate, Antioxidati",,reference,open_food_facts,
8901764111251,Coca cola zero sugar 300ml,Coca-Cola,"CARBONATED WATER, ACIDITY REGULATORS (338, 331), SWEETENERS (955, 950), PRESERVATIVE (211), CAFFEINE (9.2 mg/100 g), COLOUR (150d), FLAVOURS (NATURAL FLAVOURING SUBSTANCES",,reference,open_food_facts,
5449000243173,COCA- COLAMINICANGX20CL,Coca-Cola,,,reference,open_food_facts,
5000112552191,Coca-Cola Zero,Coca-Cola,"Wasser, Kohlensäure, Farbstoff E150d, Säuerungsmittel Phosphorsäure, Süßungsmittel (Natriumcyclamat, Acesulfam K, Aspartam, enzymatisch hergestellte Steviolglycoside), natürliches Aroma, Aroma Koffein, Säureregulator Natriumcitrate",,reference,open_food_facts,
5000112548082,Fanta Orange,Fanta,"Wasser, Zucker, Orangensaft aus Orangensaftkonzentrat, Kohlensäure, Säuerungsmittel Citronensäure, Citrusextrakt, natürliches Orangenaroma mit anderen natürlichen Aromen, Antioxidationsmittel Ascorbinsäure, Farbstoff Carotin, Stabilisator G",,reference,open_food_facts,
5000112552216,Coca-Cola Zero,Coca-Cola,"Wasser, Kohlensäure, Farbstoff E150d, Säuerungsmittel Phosphorsäure, Süßungsmittel (Natriumcyclamat, Acesulfam K, Aspartam, enzymatisch hergestellte Steviolglycoside), natürliches Aroma, Aroma Koffein, Säureregulator Natriumcitrate. Enthält",,reference,open_food_facts,
5740700995776,Cherry Coca-Cola,Coca-Cola,,,reference,open_food_facts,
5449000601979,coke,Coca-Cola,"Carbonated Water, Sugar, Colour (Caramel E150d), Phosphoric Acid, Natural Flavourings, Caffeine.",,reference,open_food_facts,
6130003000252,كوكا كانيط كبيرة,coca cola,"boisson GAZEUSE AUX EXTRAITS VEGETAUX. DENTS: EAU, SUCRE, CO2, COLORANT: SIN 150d, REGULATEUR DE L'ACIDE SIN 338 EXTRAITS VEGETAUX, CAFEINE. LES ADDITIFS UTILISES SONT ALIMENTAIRES",,reference,open_food_facts,
5740700982976,Coca Cola Zero,Coca-Cola,"water, carbon dioxide, color (e150d), acid (e338), sweetener (sodium cyclamate, acesulfame potassium, aspartame), natural aromas, aroma caffeine, acidity regulator (e331), contains a source of phenylalanine,",,reference,open_food_facts,
5449000267447,Coca-Cola Vanille,Coca-Cola,Eau gazeifiée: sucre; colorant E150d; acidifiant: acide phosphorique;arômes naturels; arôme caféine. :,,reference,open_food_facts,
3174780000431,Boisson rafraîchissante aux extraits végétaux,Coca-Cola,"eau gazéifiée, sucre, colorant : caramel (E150d), acidifiant : acide phosphorique, arômes naturels (extraits végétaux), dont caféine.",,reference,open_food_facts,
8901764012905,8901764012907,Coca-Cola,,,reference,open_food_facts,
5449000171797,Aquarius Sabor Naranja (sin azúcar),Aquarius,"agua, correctores de acidez: E-330 y E-331, potenciadores del sabor:cloruro sódico, fosfato potásico y fosfato cálcico, estabilizantes: E-414 y E-445, edulcorantes: - 950, E-955 y aspartamo, antioxidante ácido ascórbico arnmas y colorante E",,reference,open_food_facts,
5449000030241,Original Taste Coca Cola,Coca Cola,"Eau, sucre, acide carbonique, colorant E 150d, acidifiant E 338, arômes naturels (avec caféine)",,reference,open_food_facts,
5449000227555,Lemon Coca-Cola Zero Sugar,Coca-Cola,"Съставки: вода, въглероден диоксид, оцветител: Е 150d, естествени ароматизанти, ароматизант кофеин, с лимонов сок от концентрат (0,1%), подсладители: цикламати, ацесулфам К и аспартам, киселина: фосфорна киселина, регулатор на киселинността",,reference,open_food_facts,
5449000034511,Coca Cola,Coca cola,"Woda, cukier, dwutlenek węgla, barwnik E 150d. kwas: kwas fosforowy, naturalne aromaty w tym kofeina.",,reference,open_food_facts,
8901764175019,Maaza,Coca-Cola,"WATER, SUGAR, MANGO PULP (10.7%), ACIDITY REGULATORS (300,331(iii)), STABILIZER(466), ANTIOXIDANT (300), COLOUR (110), MANGO FLAVOURS (NATURE-IDENTICAL & ARTIFICIAL FLAVOURING SUBSTANCES).",,reference,open_food_facts,
3948764012600,Coca cola 400,Coca-Cola,,,reference,open_food_facts,
5449000241315,Coca-Cola,Coca-Cola,"water, sugar, carbon dioxide, color E 150d, phosphoric acid, natural flavors, caffeine aroma",,reference,open_food_facts,
7801610001198,Coca-Cola,Coca-Cola,"AGUA CARBONATADA, AZUCAR, COLOR CARAMELO, ÁCIDO FOSFORICO, SABORIZANTES NATURA, CAFEINA.",,reference,open_food_facts,
3948764011258,CocaCola,Coca Cola,,,reference,open_food_facts,
5449000120997,Fanta limón zero azúcares,Fanta,"Agua carbonatada, zumo de limón a partir de concentrado 1%, correctores de acidez (E330, E331), edulcorantes (E950, E952, aspartamo), antioxidante (ácido ascórbico), conservador (E202), estabilizantes (E414, E445), aromas naturales de limón",,reference,open_food_facts,
5449000669900,Coca Cola Zero Sugar,Coca Cola,"carbonated water, colour (caramel e150d), phosphoric acid, sweeteners (aspartame, acesulfame k), natural flavourings including caffeine, acidity regulator (sodium citrate),",,reference,open_food_facts,
4056489810948,apple juice,Coca-Cola,"50% сок от ябълка от концентрат, вода, захар, естествен ароматизант от ябълка, регулатор на киселинността: лимонена киселина",,reference,open_food_facts,
5000112651456,Neptūnas,Coca-Cola,,,reference,open_food_facts,
5000112604722,Fanta orange,Fanta,"Wasser, Zucker, Orangensaft aus Orangen saftkonzentrat (3%), Kohlensäure, Säuerungsmittel Äpfelsäure), Citrusextrakt, Citronensäure, SE412 und E445), Aroma, Antioxidationsmittel Säureregulator Natriumgluconat, Stabilisatoren (E414 Ascorbins",,reference,open_food_facts,
5000112637386,Coke Original Taste,Coca-Cola,"Kullsyreholdig vann, sukker, fargestoff (karamell e150d), surhetsregulerende middel (e338), naturlige aromaer (inkl. koffein).",,reference,open_food_facts,
5000112548161,Coca-Cola Light,Coca-Cola,"Wasser, Kohlensäure, Farbstoff E 150d, Säuerungsmittel Phosphorsäure und Citronensäure, Süßungsmittel (Natriumcyclamat, Acesulfam K, Aspartam), Aroma, Aroma Koffein.",,reference,open_food_facts,
5000112548204,Mezzo Mix,Coca-Cola,"Wasser, Zucker, Fruktose, Orangensaft aus Orangensaftkonzentrat (1,5%), Kohlensäure, Farbstoff E150d, Säuerungsmittel (Citronensäure, ÄpfelSäure), Aroma, Aroma Koffein, Stabilisator E412.",,reference,open_food_facts,
5449000098917,Coca-Cola Vanille,Coca-Cola,"carbonated water, sugar, colour (caramel e150d), phosphoric acid, natural flavorings including caffeine",,reference,open_food_facts,
5000112645792,"Coca Cola 0,33l",Coca-Cola,"Wasser, Zucker, Kohlenäure, Farbstoff E15d, Säuerungsmittel Phosphorsäure, natürliches Aroma, Aroma Koffein",,reference,open_food_facts,
5000112654028,Coca Cola Zero cukru,Coca Cola,,,reference,open_food_facts,
8901764042809,Thums Up,Coca-Cola,"CARBONATED WATER, SUGAR, ACIDITY REGULATOR (338), CAFFEINE (81 mg/100 g), SWEETENER (960), COLOUR (150 d), FLAVOURS (NATURAL, NATURE-IDENTICAL & ARTIFICIAL (COLA) FLAVORING SUBSTANCES)",,reference,open_food_facts,
0049000061055,Diet Coke,Coca-Cola,"carbonated water, caramel color, aspartame, phosphoric acid, potassium benzoate, natural flavors, citric acid, caffeine",,reference,open_food_facts,
5449000050935,Sprite,Sprite,"Acqua, zucchero, anidride carbonica, acidificante acido  citrico, edulcoranti acesulfame K, aspartame e neoesperidina DC, correttore di acidità; citrato trisodico, aromi naturali di limone e limetta.
CONTIENE UNA FONTE DI FENILALANINA. Gus",,reference,open_food_facts,
3168930173373,Doritos cheese,Doritos,"Mais (72%), huile de colza, base aromatisante fromage [poudre de petit-lait, arôme (lait), sel, babeurre en poudre (lait), fromage en poudre (lait), tomate en poudre, oignon en poudre, chlorure de potassium, sucre, ail en poudre, correcteur",,reference,open_food_facts,
5410188032163,Gazpacho salmorejo,Alvalle,"Tomate (68%),eau,huile d'olive vierge extra (4,7%),chapelure de pain (BLÉ) (4,1%),oignon (3,6%),poivron rouge,concombre (1,4%),vinaigre de vin,sel,ail,teneur en fruits et légumes: 75%",,reference,open_food_facts,
3168930159744,Pepsi Zéro Sleek 33 cl,Diet pepsi,"Eau gazéifiée,colorant (caramel E150d),édulcorants (aspartame**, acésulfame K),acidifiants (acide phosphorique, acide citrique),correcteur d'acidité (citrate de sodium),arômes (dont extraits végétaux et caféine),**Contient une source de phé",,reference,open_food_facts,
6111252422187,Sting,PepsiCo,ـروب حامضية ( حامض الستريك) ، نكهة الفواكه المشكلة ب طاقة غازي بالسكر والمحليات . المكونات: مياه غالي منظمة للحموضة (سيترات الصوديوم)، مثبت ) صوديوم)، كافيين ( 30 مغ / 100 مل) ، مواد حافظة. لبات ) سكرالون، أسيسلفام البوتاسيوم ) ، تورين (1),,reference,open_food_facts,
3168930010834,Quaker Cruesli Chocolat au lait maxi format,Cruesli,"AVOINE complète (37%),chocolat au lait* (13%) [sucre, LAIT en poudre, pâte de cacao, beurre de cacao, émulsifiant (lécithine de SOJA)],huile de tournesol,sucre,BLÉ complet (9%),sirop de glucose,oligofructose,farine de riz,farine de BLÉ,noix",,reference,open_food_facts,
3168930000022,Laus nature,Lay's,"potatoes, oil plants 34% (sunflower, rapeseed), salt",,reference,open_food_facts,
3168930161402,Amandes,Bénénuts,"AMANDES, huile de tournesol.",,reference,open_food_facts,
3168930003940,Cacahuètes grillées à sec,Bénenuts,"CACAHUÈTES,base aromatisante [sel, farine de riz, amidon, extrait et poudre de levure, arôme naturel, sucre caramélisé, dextrose, extrait de paprika, extrait de curcuma, poudre d'oignon, poudre de paprika] ,stabilisant (gomme d'acacia)",,reference,open_food_facts,
8902080504062,Packaged Drinking Water,Aquafina is sold by PepsiCo,"TREATED WATER, MINERALS (SALTS OF MAGNESIUM AND CALCIUM)",,reference,open_food_facts,
8901491101815,Lays 20rs,Lay's,"Potato, Edible Vegetable Oil (Palmolein, Sunflower Oil), *Seasoning (Sugar, Spices & Condiments, Maltodextrin, Flavour (Natural and Nature Identical Flavouring Substances), Cheese Powder, Hydrolysed Vegetable Protein, Flavour Enhancers (627",,reference,open_food_facts,
3168930003959,Bénénuts Cacahuètes grillées à sec maxi format,Benenuts,"CACAHUÈTES,base aromatisante [sel, farine de riz, amidon, extrait et poudre de levure, arôme naturel, sucre caramélisé, dextrose, extrait de paprika, extrait de curcuma, poudre d'oignon, poudre de paprika] ,stabilisant (gomme d'acacia)",,reference,open_food_facts,
8901491503031,American Style Cream & Onion 10rs,Lay's,"Potato, Edible Vegetable Oil (Palmolein, Rice Bran Oil), *Seasoning (Sugar, Iodised Sat, _Milk_ Solids, ~Spices & Condiments, Maltodextrin, Flavour (Natural and Nature Identical Flavouring Substances), Cheese Powder, Hydrolysed Vegetable Pr",,reference,open_food_facts,
8410199001151,Gusanitos,Cheetos,"Sémola de maíz (86%), aceite de maíz, sal, sustancias aromatizantes (contiene trigo), potenciador del sabor (glutamato monosódico),",,reference,open_food_facts,
5601363001164,Snack Aper Matutano Doritos Tex-Mex 120g,Doritos,"Milho (80%), óleos vegetais (milho e girassol em proporções variáveis), condimento preparado com sabor a queijo (soro de _leite_ em pó, farinha de _trigo_, sal, queijo em pó (de _leite_), tomate em pó, aromas (contêm _leite_), cebola em pó,",,reference,open_food_facts,
3502110001902,7UP Free saveur citron & citron vert,7UP,"Eau gazéifiée,acidifiants (acide citrique, acide malique),arômes naturels de citron et de citron vert,correcteur d'acidité (citrate de sodium),édulcorants (aspartame**, acésulfame K),conservateur (benzoate de sodium),**CONTIENT UNE SOURCE D",,reference,open_food_facts,
8410199007058,Receta Campesina,Lay's,"Copos de patata 63%, almidón, aceite de girasol, aroma a vegetales y especias (azúcar, sal, aromas, dextrosa, pimentón, cebolla en polvo, cloruro potásico, tomate en polvo, ajo en polvo, correctores de acidez (ácido cítrico, ácido málico),",,reference,open_food_facts,
6111252422901,Cheetos,Pepsico,,,reference,open_food_facts,
8902080204348,Pepsi Brand Mirinda orange flv 2ltr,Pepsico,"CARBONATED WATER, SUGAR, ACIDITY REGULATORS E330 STABILIZERS (1450, 445), PRESERVATIVE (211), COLOUR (110), FLAVOUR NATURAL FLAVOURING SUBSTANCES",,reference,open_food_facts,
8902080364020,Mountain Dew,PepsiCo,"CARBONATED WATER, SUGAR, ACIDITY REGULATORS (330 ,331), FLAVOUR (NATURAL FLAVOURING SUBSTANCES), PRESERVATIVE (211), CAFFEINE (13 mg/100 g), STABILIZER (445), COLOUR (102).",,reference,open_food_facts,
8410199024727,Al punto de sal,Lay's,"potatoes, vegetable oils (maize and sunflower), salt 1,2%",,reference,open_food_facts,
6111252420435,mirinda pomme,pepsico,"EAU GAZEIFIEE, SUCRE, ARÔME ARTIFICIEL DE POMME ROUGE, ACIDULANT (ACIDE CITRIQUE), COLORANT (CARAMEL AU SULFITE D'AMMONIUM), ÉDULCORANTS (ACESULFAME-K, SUCRALOSE), RÉGULATEUR D'ACIDITÉ (CITRATES DE SODIUM), CONSERVATEUR (BENZOATE DE SODIUM)",,reference,open_food_facts,
8410494300076,Seven-up,7up,"Agua carbonatada, azucar, acidulantes (E-330, E-296), aroma natural de lima y limón con otros aromas naturales, regulador de acidez (E-331), edulcorante (glucosidos de esteviol).",,reference,open_food_facts,
5022313395401,Blue Machine Blueberry Smoothie,Naked,"Apple juice from concentrate (71%), Apple puree (12%), Banana puree, Blueberry puree (7%), Blackcurrant puree (1.6%), Elderberry juice, Go berry extract (0.1%), Natural flavourings, Vitamins C B6, Thiamine, Riboflavin.",,reference,open_food_facts,
8710398507996,Hunky baked granola nuts &amp; seeds,PepsiCo,"whole oatmeal (56%), glucose syrup, sugar, whole wheat (5%), crunchy cereals (rice flour, wheat flour), squash seeds (3%), sunflower oil, hazelnuts, almond flakes (honey, molasses, pecan aroma, antioxidant (tocopherols),",,reference,open_food_facts,
8410494300775,Bitter Kas,Kas,"Agua carbonatada, jarabe de glucosa y fructosa, acidulante: E-330, aromas (incluyendo extractos de plantas), colorantes: E-150d, E-122 y E-124, conservador: E-202, edulcorantes: E-950 y E-955. E-122, E-124",15232,active,open_food_facts,
8902080364589,Mountain Dew,PepsiCo,"CARBONATED WATER, SUGAR, ACIDITY REGULATORS (330, 331), FLAVOUR (NATURAL FLAVOURING SUBSTANCES), PRESERVATIVE (211), CAFFEINE (13 mg/100 g), STABILIZER (445), COLOUR (102)",,reference,open_food_facts,
8410199026840,Sabor a Jamón,Ruffles,Pack Económico 1101 26 Sabor a Jamón Presunto SIN GLUTEN LUTEN SE อ,,reference,open_food_facts,
8410199015695,Snacks ondulados de multicereales con sabor a cheddar y cebolla caramelizada,PepsiCo,"CEREALES INTEGRALES (58%) (MAIZ, TRIGO, AVENA), ACEITE DE GIRASOL, HARINA DE ARROZ, AZÚCAR, AROMA A QUESO CHEDDAR Y CEBOLLA CARAMELIZADA [SUERO DE LECHE EN POLVO, SÁL, CEBOLLA EN POLVO, PREPARACIONES Y SUSTANCIAS AROMATİZANTES (CONTIENEN LE",,reference,open_food_facts,
8410199021137,Original,Ruffles,"patatas, accepted vegetables (maíz y girasol en providees variables), salt, french fries ingredients: potatoes, vegetable oils (corn and sunflower in variable proportions), salt,",,reference,open_food_facts,
8410199024736,Al punto de sal,Lay's,"Patatas, aceites vegetales (maíz, girasol), sal 1,2%,",,reference,open_food_facts,
4062139005967,Kräuterbutterchips,Pepsico,"Kartoffeln, pflanzliche Öle (Mais, Sonnenblume, Raps in veränderlichen Gewichtsanteilen), Salz, Zucker, Knoblauchpulver, Zwiebelpulver, Petersilie, Aromen (enthalten _Milch_), Säureregulator Citronensäure,",,reference,open_food_facts,
4062139005824,Doritos Paprikageschmack,Doritos,"Mais, Rapsöl [Rapsöl, Antioxidationsmittel (Extrakt aus Rosmarin, Ascorbinsäure, Stark tocopherolhaltige Extrakte, Citronensäure)], Zucker, Salz, Laktose, Fruktose, hydrolysiertes Pflanzenprotein (enthält Soja), Zwiebelpulver, Paniermehl (e",,reference,open_food_facts,
4062139026766,Maischips - Whopper-Geschmack,Doritos,"Mais, Rapsöl (Rapsöl, Antioxidationsmittel (Extrakt aus Rosmarin, Ascorbinsäure, Stark tocopherolhaltige Extrakte, Citronensäure)], Zucker, Aromen, Salz, Zwiebelpulver, Kaliumchlorid, getrocknete Petersilie, Säuerungsmittel (Citronensäure),",,reference,open_food_facts,
8422174010203,Gazpacho suave sin pepino,Alvalle,"Hortalizas frescas (74%) (tomate, cebolla, pimiento rojo), agua, aceite de oliva virgen extra (1,8%), sal marina, vinagre de vino, ajo.",,reference,open_food_facts,
8902080404090,Mango Slice,PepsiCo,"CREDIENTS: WATER, SUGAR, *CONCENTRATED MANGO PULP & NIPHONSO MANGO PULP (14% MANGO PULP), ACIDITY REGULATOR (330), STABILIZERS (466, 440), FLAVOUR(NATURAL AND NATURE IDENTICAL FLAVOURING SUBSTANCES), PRESERVATIVE/202), COLOUR(110) 14% MANGO",,reference,open_food_facts,
8902080002777,Tropicana Fruitz,Tropicana,"WATER, SUGAR, CONCENTRATED MIXED FRUIT JUICE 2.5% (FROM APPLE, MANGO, GUAVA, ORANGE BANANA, APRICOT, PEACH) ACIDITY REGULATORS (330, 331(iii)), STABILIZERS (466, 440), FLAVOUR (NATURAL AND NATURE IDENTICAL FLAVOURING SUBSTANCES), PRESERVATI",,reference,open_food_facts,
4062139026216,Peach,PepsiCo,"Wasser, Säuerungsmittel Citronensäure, Kohlensäure, Aromen, Säureregulator Natriumcitrate, Koffein (0,03%), Konservierungsstoff Kaliumsorbat, Süßungsmittel (Sucralose, Acesulfam K), Taurin (0,01%), Färberdistelkonzentrat, Schwarzes Karotten",,reference,open_food_facts,
3502110010043,Pepsi Zéro sucres 1 L,Diet pepsi,"Eau gazéifiée,colorant (caramel au sulfite d'ammonium),édulcorants (aspartame**, acésulfame K),acidifiants (acide phosphorique, acide citrique),correcteur d'acidité (citrate de sodium),arômes (dont extraits végétaux et caféine),**Contient u",,reference,open_food_facts,
8902080364057,Mountain Dew,Pepsico,,,reference,open_food_facts,
8410199024921,Snack crunchy sabor picante,Munchos,"maíz,aceites vegetales (maíz y girasol en proporciones variables),aroma picante(azúcar,aromas (contiene soja,trigo)), potenciadores de sabor (glutamato monosódico,5'-ribonucleotidos de disodio),fructosa, reguladores de acidez,(acetatos de s",,reference,open_food_facts,
8422174900395,Gazpacho Gourmet con Almendras,Alvalle,"Hortalizas frescas (61%) (tomate, cebolla, pimiento), agua, almendra Marcona (5,4%), aceite de oliva virgen extra (3,1%), pan rallado (contiene trigo), vinagre de vino, zuma de limón, sal marina, ajo, pimienta cayena. Puede contener soja y",,reference,open_food_facts,
8410199023117,Salt & Vinegar,Lay's,"potatoes, vegetable oils (maize and sunflower in varying proportions), flavouring of salt and vinegar [flavourings, maize starch, salt, acidulants (citric acid, malic acid), potassium chloride, yeast extract],",,reference,open_food_facts,
8902080104349,Pepsi Brand Drink 2.25 l,Pepsico,,,reference,open_food_facts,
5900497312006,pepsi,pepsico,"Woda, cukier, dwutlenek węgla, barwnik (E150d), kwas (kwas fosforowy), aromaty (w tym kofeina)",,reference,open_food_facts,
8902080704051,Lehar Soda 750ml pet,Pepsico,,,reference,open_food_facts,
8902080104020,Pepsi cola,Pepsico,"CARBONATED WATER, SUGAR, COLOUR (150d) ACIDITY REGULATOR (338 CONT 10mg/100g), FLAVOUR (NATURAL FLAVOURING SUBSTANCES), STABILIZER (436 )",,reference,open_food_facts,
8901491103442,Kurkure Naughty Tomato,PepsiCo,"Rice Meal (37.6%), Edible Vegetable Oil (Palmolein Oil), Corn Meal (18.8%), Gram Meal (6.2%), Sugar, Salt, Tomato Powder (1.2%), *Spices & Condiments (Chilli Powder, Onion Powder, Spices Extract, Black Pepper Powder, Cinnamon Powder, Clove",,reference,open_food_facts,
8902080000724,Slice,Pepsico,"WATER, SUGAR, *CONCENTRATED MANGO PULP (5.1%), ACIDITY REGULATOR (330), FLAVOUR (NATURAL AND NATURE IDENTICAL FLAVOURING SUBSTANCES), STABILIZERS (466, 440), SWEETENER (960a), PRESERVATIVE (202), COLOUR (110). CONTAIN NON-CALORIC SWEETENER",,reference,open_food_facts,
4770477231600,Pepsi,Pepsi,"Vanduo, cukrus, anglies dioksidas, dažiklis (E150d), fosforo rūgštis, kvapiosios medžiagos (įskaitant kofeiną), saldikliai (aspartamas, acesulfamas K)",,reference,open_food_facts,
8410199024143,Patatas fritas onduladas sabor queso,Munchos,"Patatas, aceites vegetales (girasol y colza en proporciones variables), aroma a queso [suero de leche en polvo, sal, potenciadores del sabor (glutamato monosódico, guanilato e inosinato disódicos), queso en polvo (de leche] (0,3%), aromas (",,reference,open_food_facts,
0028400310549,Lightly Salted Chips,Lay's,"potatoes, vegetables oil,(canola,corn, soybean, and/or sunflower oil) ,and salt",,reference,open_food_facts,
4062139025679,Pepsi Zero Zucker XXL,Pepsi,"Wasser, Kohlensäure, Farbstoff E150d, Süßungsmittel Aspartam³ und Acesulfam K, Säuerungsmittel Phosphorsäure und Citronensäure, Säureregulator Natriumcitrate, Aroma Koffein, Aroma. ³enthält eine Phenylalaninquelle.",,reference,open_food_facts,
8901030779316,Lipton Green Tea,Pepsico,"FLAVOURED TEA TULSI MAX 2% W/W .CONTAINS ADDED NATURAL FLAVOURS CONTENTS: FLAVOURED TEA Unilever BEVERAGES L ZERO CALORIES: When enjoyed without milk and sugar REDUCE WAIST CIRCUMFERENCE WITH THE POWER OF CATECHINS: Basis literature, having",,reference,open_food_facts,
8901491002912,"20 RICE, CORN & DAL WITH Kurkure Schezwan Ching's",PepsiCo,"Cereal Products (67%) (Rice meal (44%), Corn Meal (23%)), Edible vegetable oil (Rice Bran Oil), *Seasoning (Sugar, Spices and Condiments, lodised Salt, Edible Vegetable Oil (Canola, Palm and Sunflower), Acidity Regulators (296, 330), Edible",,reference,open_food_facts,
8410199140405,Sabor a Jamón chicho,Ruffles,"Patatas, aceite de palma, aroma a jamón, _lactosa_, potenciadores del sabor (glutamato monosódico, inosinato y guanilato disódico), preparaciones y sustancias aromatizantes, proteina de soja hidrolizada, _queso_ en polvo (de _leche_), aroma",,reference,open_food_facts,
8410199024745,Sabor jamón,Ruffles,"Patatas, aceites vegetales (maíz y girasol), aroma (sal, _lactosa_, glutamato monosodico, guanilato e inosinato disódicos) proteína de _soja_ hidrolizada, aroma (leche), aroma de humo)",,reference,open_food_facts,
8410199025577,Flamin' Hot,Doritos,"Maíz, aceite de colza, aroma (azúcar, aromas, correctores de acidez (ácido cítrico, ácido málico), sal, ajo en polvo, cloruro potásico, potenciador del sabor (glutamato monosódico), cebolla en polvo, pimentón ahumado en polvo, concentrado d",,reference,open_food_facts,
3387390123212,Chocapic,Nestlé,"Farine de BLÉ complet 37,5 %, farine de BLÉ 18,5 %, chocolat en poudre 18,1 % (sucre, cacao en poudre*), semoule de maïs, sirop de glucose, extrait de malt d'ORGE (ORGE, ORGE malté), huile de tournesol, carbonate de calcium, sucre, farine d",,reference,open_food_facts,
7613036669146,NESTLE CHOCAPIC BIO Céréales - Boite de 375g,Nestlé,"Farine de BLÉ complet* 34,8 %, chocolat en poudre 23,9 % (sucre*, cacao en poudre**), farine de BLÉ*, semoule de maïs*, sirop de glucose*, extrait de malt d'ORGE*, huile de tournesol*, sel, arôme naturel de vanille, arôme naturel de cannell",,reference,open_food_facts,
3033710073465,"Chicorée & Café, RICORÉ® L'Original, Boîte de 100g",Nestlé,"Café soluble 33%, fibres de chicorée (oligofructose) 33%, chicorée soluble 30%, magnésium.",,reference,open_food_facts,
8002270014907,S. Pellegrino Water,Nestlé,carbonated water 100%,,reference,open_food_facts,
7613035040821,Nestlé dessert Noir,Nestlé,"Sucre, pâte de cacao¹ (Afrique de l'Ouest, Amérique du Sud), beurre de cacao¹, émulsifiant (lécithines), arôme naturel de vanille de Madagascar. Peut contenir : LAIT, FRUITS À COQUE. ¹Bilan massique certifié Rainforest Alliance. www.ra.org/",,reference,open_food_facts,
7613035676495,"Chicorée & Café, RICORÉ® L'Original, Boîte de 260g",Nestlé,"Café soluble 33%, fibres de chicorée (oligofructose) 33%, chicorée soluble 30%, magnésium.",,reference,open_food_facts,
3033710084911,Arôme MAGGI - Bouteille 250g,Maggi,"Arômes (protéines de blé), eau, sel, exhausteurs de goût : glutamate monosodique, inosinate disodique ; sucre.",,reference,open_food_facts,
8445290133405,Nesquik,Nestlé,"Sucre, cacao maigre en poudre* (23%), émulsifiant : lécithine de SOJA, sel, vitamines (C, D), arôme naturel, cannelle. *Bilan massique certifié Rainforest Alliance www.ra.org/fr",,reference,open_food_facts,
3033710065785,Le Choco,Nestlé,"chocolate powder 98% (sugar, cocoa), emulsifier: soy lecithin, natural flavour, cinnamon,",,reference,open_food_facts,
7613035449624,NESTLE CHOCAPIC Céréales 645g,Nestlé,"Farine de BLÉ complet 37,5 %, farine de BLÉ 18,5 %, chocolat en poudre 18,1 % (sucre, cacao en poudre*), semoule de maïs, sirop de glucose, extrait de malt d'ORGE (ORGE, ORGE malté), huile de tournesol, carbonate de calcium, sucre, farine d",,reference,open_food_facts,
7613032655491,"Chicorée & Café, RICORÉ® L'Original, Boîte de 260g",Nestlé,"Café soluble 33%, fibres de chicorée (oligofructose) 33%, chicorée soluble 30%, magnésium.",,reference,open_food_facts,
7613287431947,Nesquik Cocoa,Nestlé,"Sugar, Fat Reduced Cocoa Powder, Emulsifier From Plant Origin: Soya Lecithin, Salt, Vitamins (C, D), Natural Vanilla Flavor, Cinnamon",,reference,open_food_facts,
7613035530795,NESQUIK Moins de Sucres,Nestlé,"low-fat cocoa powder (28%), soluble corn fibre, sugars, oat flour**, emulsifier (soy lecithin), natural flavours, vitamins (c, d), cinnamon, **gluten free,",,reference,open_food_facts,
7613287514329,Fitness Nature Céréales complètes,Nestlé,"BLE complet 61.1%, riz 34.5%, sucre, fructo-olligosaccharides, sirop de sucre inverti, carbonate de calcium, extrait de malt d'ORGE (ORGE, ORGE malté), huile de tournesol, sel, mélasse, arômes naturels, fer, antioxydant : extrait riche en t",,reference,open_food_facts,
7613032779560,chocapic,Nestlé,"Farine de BLÉ complet 37,5 %, farine de BLÉ 18,5 %, chocolat en poudre 18,1 % (sucre, cacao en poudre*), semoule de maïs, sirop de glucose, extrait de malt d'ORGE (ORGE, ORGE malté), huile de tournesol, carbonate de calcium, sucre, farine d",,reference,open_food_facts,
3387390326572,Céréales Cookie Crisp,Nestlé,"Farine de BLÉ complet 35,3 %, semoule de maïs, sucre, sirop de glucose, amidon de BLÉ, huile de tournesol, carbonate de calcium, cacao maigre en poudre * 1,7%, farine de BLÉ, sel, poudre à lever : carbonates de sodium ; arôme naturel, antio",,reference,open_food_facts,
7613035859098,NESTLÉ DESSERT 70% Absolu 170g,Nestlé,"Pâte de cacao¹ (Afrique de l'Ouest, Amérique du Sud), sucre, beurre de cacao¹, BEURRE pâtissier, arôme naturel de vanille de Madagascar. Peut contenir : FRUITS À COQUE. Cacao : 70% minimum. *Bilan massique certifié Rainforest Alliance www.r",,reference,open_food_facts,
3033710065961,NESQUIK Cacao,Nestlé,"Sucre, cacao maigre en poudre 23%*, émulsifiant : lécithine de SOJA, sel, vitamines : C, D, arôme naturel, cannelle. *Bilan massique certifié Rainforest Alliance www.ra.org/fr",,reference,open_food_facts,
3023291122005,Yaos Yaourt à la Grecque Nature,Nestlé,"Lait entier (83,1%), crème (12,0%) (lait), poudre de lait écrémé, ferments lactiques. Fabriqué en France avec du lait français.",,reference,open_food_facts,
3033710003226,RICORÉ® aux céréales et à la chicorée solubles Boîte 250g,Nestlé,"Orge (44%), Orge maltée (28%). Seigle (14%), Chicorée (14%).",,reference,open_food_facts,
3033710077276,"NESCAFÉ NES, Café Soluble, Boîte de 200g",Nestlé,100% café.,,reference,open_food_facts,
7613035040797,NESTLÉ DESSERT Noir 2x205g,Nestlé,"Sucre, pâte de cacao¹ (Afrique de l'Ouest, Amérique du Sud), beurre de cacao¹, émulsifiant (lécithines), arôme naturel de vanille de Madagascar. Peut contenir : LAIT, FRUITS À COQUE.",,reference,open_food_facts,
7613035898644,NESTLÉ DESSERT Corsé 200g,Nestlé,"Pâte de cacao¹ (Afrique de l'Ouest, Amérique du Sud), sucre, beurre de cacao¹, cacao maigre¹, émulsifiant (lécithines), arôme naturel de vanille de Madagascar. Peut contenir : LAIT, FRUITS À COQUE. Cacao : 65% minimum. ¹Bilan massique certi",,reference,open_food_facts,
3387390019991,NESTLE LION Céréales 400g,Nestlé,"BLÉ complet 41,4 %, farine de BLÉ, sucre, sirop de glucose, huile de tournesol, chocolat 3,0 % (cacao maigre en poudre*, sucre, pâte de cacao*), carbonate de calcium, sel, arômes naturels, émulsifiant : lécithines, sirop de sucre caramélisé",,reference,open_food_facts,
8445291061132,HEPAR,Nestlé,Eau minérale naturelle,,reference,open_food_facts,
7613039490264,Nesquik,Nestlé,"sugar, natural defatted cocoa powder 23%, emulsifier (soy lecithin), salt, vitamins (c, d), natural aroma, cinnamon,",,reference,open_food_facts,
6221007032542,Cerelac,Nestlé,المكولات : دقيق القمح، حليب خالي من الدسم، سكر، زيوت نباتية زيت بذور اللفت منخفض الإبروسيك زيت عباد الشمس، سكر مكرمل كاريونات الكالسيوم، مثبت : فوسفات ثنائي الصوديوم؛ فيتامينات C، نياسين، ب6، تيامين، حمض البانتوتنيك، A، ريبوفلافين، حمض الفو,,reference,open_food_facts,
8445291604113,NESQUIK Moins de Sucres Poudre Cacaotée Boîte 350g,Nestlé,"Cacao maigre en poudre* (35%), fibres solubles de maïs, sucre, émulsifiant : lécithine de SOJA; arômes naturels, sel, vitamines : C, D ; cannelle en poudre. *Bilan massique certifié Rainforest Alliance. Plus d'informations sur ra.org/fr.",,reference,open_food_facts,
3023290634576,Yaos le yaourt à la Grecque,Nestlé,"Lait entier (89,50%), crème (lait) (10,45%), poudre de lait écrémé, ferments lactiques (lait).",,reference,open_food_facts,
7613035833276,Perrier,Nestlé,EAU MINERALE NATURELLE RENFORCEE AU GAZ DE LA SOURCE,,reference,open_food_facts,
7613038954224,NESTLE DESSERT Noir Bio 170g,Bio+,"Sucre*, pâte de cacao* (République Dominicaine), beurre de cacao*, cacao maigre*, arôme naturel de vanille de Madagascar. Cacao : 57% minimum. *Ingrédients issus de l'agriculture biologique. Peut contenir : OEUFS, GLUTEN, LAIT, FRUITS à COQ",,reference,open_food_facts,
6111018908999,nido,Nestlé,المكونات حليب بقر مجفف كامل الدسم، مسحوق مصل الحليب ألياف الذرة. فيتامينات (أ. د. ج. ب 9). 94) معادن احديد، زنك). مستحلب من مصدر نباتي: ليسيتين الصويا. يحتوي على الحليب والصوباء,,reference,open_food_facts,
3023290035809,Le Petit Pot de Crème au Chocolat,Nestlé,"Lait entier (61%), chocolat (10,4%) [sucre, pâte de cacao, beurre de cacao, émulsifiant (lécithine)], œufs entiers frais (9,6%), sucre, crème (lait) (6%), lait écrémé à base de poudre de lait, cacao maigre en poudre (2,7%), blancs d'œufs (1",,reference,open_food_facts,
7613036891532,MAGGI KUB OR Bouillon L'Original 128g,Maggi,"Sel, fécule, sucre, huile de palme¹, arômes, extrait végétal aminé (BLÉ), oignon, extrait de levure, ail, clou de girofle, colorant (caramel ordinaire). Peut contenir : ŒUFS, LAIT, CÉLERI, MOUTARDE. ¹100% issue de plantations plus durables",,reference,open_food_facts,
7613033687886,MAGGI Bouillon de Volaille 18 cubes - 180g,Maggi,"Sel iodé, fécule de pomme de terre, sucre, beurre de karité, arômes (BLÉ), sel, volaille 3% : graisse de poulet*, extrait de poulet* 0,8% ; extrait végétal aminé (BLÉ), curcuma, carotte, persil, extrait de CÉLERI-rave, antioxydant : extrait",,reference,open_food_facts,
7613035982059,"Le Gourmand Soja, Poivre et Persil",Nestlé,"Eau, concentré de protéines de SOJA 14,8%, chapelure (farine de BLÉ, eau, huile de colza, levure, sel, extrait de paprika), protéines de BLÉ 5%, oignons déshydratés, huiles végétales (colza, tournesol) en proportion variable, blanc d'ŒUF en",,reference,open_food_facts,
8002270116542,San Pellegrino,Nestlé,Eau minérale naturelle avec adjonction de gaz carbonique,,reference,open_food_facts,
3033710071005,"Chicorée & Café, RICORÉ® Au Lait, Boîte de 400g",Nestlé,"LAIT entier en poudre 31,8%, PETIT-LAIT filtré en poudre, LACTOSE, café soluble 8%, fibres de chicorée (oligofructose) 8%, chicorée soluble 7,3%, stabilisant : E331, correcteur d'acidité : E340, sulfate de magnésium.",,reference,open_food_facts,
8445290991863,NESTLÉ DESSERT 80% Puissant 170g,Nestlé,"Pâte de cacao¹ (Afrique de l'Ouest, Amérique du Sud), sucre, beurre de cacao¹, cacao¹ en poudre, BEURRE pâtissier, émulsifiant (lécithines), arôme naturel de vanille de Madagascar. Peut contenir : FRUITS À COQUE. Cacao : 80% minimum. Bilan",,reference,open_food_facts,
3069942320901,Menier Pâtissier Tablette,Nestlé,"Pâte de cacao¹, sucre, LACTOSE, beurre de cacao¹, émulsifiant (lécithines), arôme naturel de vanille. Peut contenir : FRUITS A COQUE. ¹Bilan massique certifié Rainforest Alliance. www.ra.org/fr.",,reference,open_food_facts,
7613034579104,PERRIER eau minérale naturelle gazeuse,Nestlé,"Minéralisation caractéristique (mg/L) : Calcium 150 / sodium 9,6 / Magnésium 3,9 / Chlorure 19,5 / Potassium <1 / Hydrogénocarbonate 420 / Sulfate 25,3 / Nitrate 7,3 / Résidu sec à 180°C : 456. pH = 5,5.",,reference,open_food_facts,
8445290114598,Crousti fondant choco-noisettes,Nestlé,"BLÉ complet* 32,5 %, farine de riz*, chocolat en poudre 16,6 % (sucre, cacao en poudre*¹), huile de tournesol, amidon de BLÉ*, pâte de NOISETTE* 5,2 %, sucre, semoule de maïs*, LAIT écrémé en poudre*, émulsifiant (lécithines), agent de char",,reference,open_food_facts,
3023290234853,Yaourt vanille de Madagascar,Nestlé,"Lait entier (90%), sucre (9,5%), ferments lactiques (lait), poudre de lait écrémé, arôme naturel de vanille.",,reference,open_food_facts,
3023290036686,Riz au lait,Nestlé,"whole milk (60,6%), glucose syrup, rice (10,0%), water, sugar, skim milk powder, salt, natural vanilla flavour, 

milk origin france,",,reference,open_food_facts,
7613034227779,"Chicorée & Café, RICORÉ® L'Original, Recharge de 180g",Nestlé,"Café soluble (33,2%), fibres de chicorée (oligofructose) (33%), chicorée soluble (30%), sulfate de magnésium.",,reference,open_food_facts,
7613034916891,Nesquik Original,Nesquik,"sugar, lean cocoa (21,3%), dextrose, emulsifier: soya lecithin, minerals: magnesium carbonate, iron pyrophosphate, zinc sulphate, vitamins: c, b1, d, salt, cinnamon, flavors,
gluten free,",,reference,open_food_facts,
3023290007310,Petit nesquik,Nestlé,"Lait entier (69,4%), sucre, crème (lait) (CH: double-crème) (7,5%), poudre de lait écrémé, amidon modifié, cacao maigre en poudre (1,5%), correcteur d'acidité (citrates de sodium), amidon, concentré de minéraux du lait, cannelle, vitamine D",,reference,open_food_facts,
3387390320000,FITNESS CHOC Barres Céréale 6x23.5g,Nestlé,"BLÉ complet 22,2%, sirop de glucose, chocolat 13,0% (sucre, pâte de cacao*, beurre de cacao*, LAIT écrémé en poudre, LACTOSÉRUM en poudre (LAIT), émulsifiants: lécithine de SOJA, polyricinoléate de polyglycérol; arôme naturel de vanille), r",,reference,open_food_facts,
7613036012241,NESQUIK Poudre Cacaotée boîte 500g,Nestlé,"Sucre, cacao maigre en poudre 23%*, émulsifiant : lécithine de SOJA, sel, vitamines : C, D, arôme naturel, cannelle. *Bilan massique certifié Rainforest Alliance www.ra.org/fr",,reference,open_food_facts,
7613035982110,Falafels Pois chiches,Nestlé,"Pois chiches 27,4%, eau, courgettes, oignons, chapelure 6,3% (farine de BLÉ, eau, sel, levure, huile de colza, extrait de paprika), huiles végétales (tournesol, colza) en proportion variable, purée de pomme, épices (coriandre, cumin, poivre",,reference,open_food_facts,
5000426171514,AFTER EIGHT Coffret 300g,Nestlé,"Sucre, pâte de cacao, sirop de glucose, matières grasses végétales (palme, karité, palmiste), beurre de cacao, matière grasse de LAIT anhydre, émulsifiant (lécithines), stabilisant (invertase), huile essentielle de menthe poivrée, acidifian",,reference,open_food_facts,
8445290728799,KitKat Cereal,Nestlé,"31,4% VOLLKORNWEIZENMEHL, Maisgrieß, Zucker, Dextrose, Palmöl, WEIZENMEHL, 5,4% Kakaopulver*, Glukosesirup, WEIZENSTÄRKE, MAGERMILCHPULVER, Sonnenblumenöl, Calciumcarbonat, GERSTENMALZEXTRAKT, fettarmes Kakaopulver*, natürliche Aromen, Kaka",,reference,open_food_facts,
8002270015322,Eau minérale naturelle gazeuse 50cl PET,Nestlé,"Minéralisation caractéristique (mg/L) : SO4 2 - : 401 / HCO3 - : 244 / Ca 2+ : 166 / Cl - : 49,6 / Mg 2+ : 49,5 / Na+ : 30,0 / SiO2 : 7,3 / Sr 2+ : 2,9 / NO3 - : 2,8 / K+ : 2,1 / F - : 0,5 / Résidu sec à 180°C : 853 mg/L .",,reference,open_food_facts,
3387390339503,"Céréales aromatisées prêtes à consommer sources de 5 vitamines, calcium et fer.",Nestlé,"BLÉ complet 35,7 %, semoule de maïs, sucre, sirop de glucose, sirop de sucre inverti, dextrose, amidon de BLÉ, huile de tournesol, carbonate de calcium, poudre à lever : bicarbonate de sodium ; mélasse, sel, fer, arôme naturel, vitamines B3",,reference,open_food_facts,
7613035587793,NESTLE DESSERT Lait,Nestlé,"Sucre, pâte de cacao* (Afrique de l'Ouest, Amérique du Sud), beurre de cacao*, LAIT entier en poudre (14,4%), LACTOSE, émulsifiant (lécithines), arôme naturel de vanille de Madagascar. Cacao : 39% minimum. Peut contenir : FRUITS A COQUE. *",,reference,open_food_facts,
7613031514276,NESTLE DESSERT Cacao en Poudre boîte 250g,Nestlé,"Cacao en poudre non sucré, correcteur d'acidité (carbonates de potassium, hydroxyde de sodium)",,reference,open_food_facts,
3023290076356,Yaos,Nestlé,"lait entier 89,5%
crème de lait 10,5 %
poudre de lait écrémé
ferments lactiques",,reference,open_food_facts,
7613035040706,NESTLÉ DESSERT Noir,Nestlé,"Sucre, pâte de cacao¹ (Afrique de l'Ouest, Amérique du Sud), beurre de cacao¹, émulsifiant (lécithines), arôme naturel de vanille de Madagascar. Peut contenir : LAIT, FRUITS À COQUE. Cacao : 53% minimum. ¹Bilan massique certifié Rainforest",,reference,open_food_facts,
7613287872302,Nescafe spécial Filtre Bio,Nestlé,Café.,,reference,open_food_facts,
8901058000292,maggi,Nestlé,"NOODLES: Refined wheat flour (Maida), Palm oil, lodized salt, Wheat gluten, Thickeners (508 & 412). Acidity regulators (501(i) & 500(i)) and Humectant (451(i)). MASALA TASTEMAKER®: Mixed spices (25.6%) (Onion powder, Coriander powder, Turme",,reference,open_food_facts,
6294003539052,Kitkat,Nestlé,"Sugar, Wheat Rour, Skimmed Cow's Milk Powder, Non-Hydrogenated Vegetable Oils (Palm Kernel, Shea, Palm), Cocoa Butter, Cocoa Mass, Whey Powder, Milk Fat, Cocoa Powder, Emulsifier from Plant Drigin (Sunflower lecithin), Raising agent (Sodium",,reference,open_food_facts,
3023290624269,La Laitière crème aux oeufs,Nestlé,"Lait entier 56,9 %, crème (_lait_) 14,1%, œufs extra-frais 13,6 %, sucre, poudre de lait écrémé, amidon modifié de maïs, amidon de riz, arôme vanille, colorant (bêta-carotène).",,reference,open_food_facts,
3023290021286,Le yaourt à la vanille,Nestlé,"Lait entier (86,2%), sucre (9,5%), ferments lactiques, poudre de lait écrémé, arôme naturel de vanille. Lait origine France.",,reference,open_food_facts,
8445291075144,NESTLE NESQUIK Céréales 675g,Nesquik,"Farine de BLÉ complet 52,7 %, sucre, semoule de maïs, sirop de glucose, cacao maigre en poudre* 5,5 %, carbonate de calcium, huile de tournesol, sel, arômes naturels, fer, vitamines B3, B5, D, B6, B1, B2, B9. Peut contenir du LAIT et des FR",,reference,open_food_facts,
3033710072925,"NESCAFÉ NES, Café Soluble, Boîte de 25 Sticks (2g chacun)",Nestlé,100% café,,reference,open_food_facts,
3023290032112,Yaos Le Yaourt à la Grecque Stracciatella 125 g,Nestlé,"Lait entier (66,6%), crème (lait) (14,5%), sucre (11,8%), copeaux de chocolat (1,8%) [pâte de cacao, beurre de cacao, sucre, amidon, aromes naturels, poudre de lait écrémé, jus de citron concentré, épaississant (pectines), concentré de miné",,reference,open_food_facts,
8445290204411,Nescafé Gold,Nestlé,قهوة سريعة التحضير,,reference,open_food_facts,
7613032397621,MAGGI Bouillon KUB Volaille Réduit en sel de -25% 120g,Maggi,"iodized salt, sugar, potato starch, mineral salt (potassium), shea butter, flavors (ble), salt, poultry 3%: chicken fat*, chicken extract* 0,8%, amino plant extract (ble), turmeric, carrot, parsley, celeri root and garlic extract, antioxida",,reference,open_food_facts,
8002270506806,Aranciata Rossa (orange sanguine),Nestlé,"ВОДА, САХАР, АПЕЛЬСИНОВЫЙ СОК ИЗ КОНЦЕНТРАТА (10%), СОК КРАСНОГО АПЕЛЬСИНА ИЗ КОНЦЕНТРАТА (5%), КОНЦЕНТРАТ ЛИМОННОГО СОКА, ЭКСТРАКТ АПЕЛЬСИНА (0,1%). КОНЦЕНТРИРОВАННЫЙ СОК ЧЕРНОЙ МОРКОВИ, АРОМАТИЗАТОР.",,reference,open_food_facts,
7613037059285,LION BIO Céréales - Boite de 400g,Nestlé,"Farine de BLÉ complet* 52,6 %, sucre*, farine de BLÉ*, sirop de glucose*, huile de tournesol*, chocolat 3 % (sucre*, cacao en poudre*², pâte de cacao*², cacao maigre en poudre*²), sirop de glucose déshydraté*, sel, émulsifiant (lécithines*)",,reference,open_food_facts,
7613036009104,NESQUIK Poudre Cacaotée boîte 500g,Nestlé,"Sucre, cacao maigre en poudre* (23%), émulsifiant : lécithine de SOJA, sel, vitamines (C, D), arôme naturel, cannelle. *Bilan massique certifié Rainforest Alliance www.ra.org/fr",,reference,open_food_facts,
7613033214006,NESQUIK Gout EXTRA CHOCO Poudre Cacaotée boîte 600g,Nestlé,"Sucre, cacao maigre en poudre* (23%), émulsifiant : lécithine de SOJA, sel, vitamines (C, D), arôme naturel, cannelle. *Bilan massique certifié Rainforest Alliance www.ra.org/fr",,reference,open_food_facts,
8002270766815,Essenza - Saveur Citron & Zeste De Citron,Nestlé,"EAU MINERALE NATURELLE (99,3%), DIOXYDE DE CARBONE, ARÔME NATUREL DE CITRON AVEC AUTRES AROMES NATURELS",,reference,open_food_facts,
7613287194374,Bitesize Shredded Wheat,Nestlé,Whole Grain Wheat (100%),,reference,open_food_facts,
5900020036984,Cheerios Aveia,Nestlé,"Farinha de _aveia_ integral (90,9%). açúcar, amido de _trigo_, carbonato de cálcio, sal, xarope de açúcar invertido, regulador de acidez (fosfatos de potássio), melaço, óleo de girassol e/ou óleo de palma, antioxidante (extrato rico em toco",,reference,open_food_facts,
3023290014082,Yaos Le Yaourt à la Grecque Stracciatella 4x125g,Nestlé,"Lait entier (66,6%), crème (lait) (14,5%), sucre (11,8%), copeaux de chocolat (1,8%) [pâte de cacao, beurre de cacao, sucre], amidon, arômes naturels, poudre de lait écréme , jus de citron concentré, épaississant (pectines), concentré de mi",,reference,open_food_facts,
7613035272907,"RICORE Original, Café & Chicorée, Boîte 200g",Nestlé,"Café soluble 33,2%, fibres de chicorée (oligofructose) 33%, chicorée soluble 30%, magnésium.",,reference,open_food_facts,
6111128000071,Ain Saïss,Danone,Eau minérale naturelle,,reference,open_food_facts,
6111032001007,Assil vanille,Danone,"ليوغور م.د,%2. مصنوع إخط قد يمكن أن يحتوي على الگلوتين، الجوز والبندق. 2.",,reference,open_food_facts,
6111128000169,Ain Saiss Eau Minerale Naturelle,Danone,"Calcium : 63,5
Magnésium : 35,5
Nitratex : 7
Sodium 8
Chlorures : 19,8
Sulfate : 3,8
Bicarbonate : 372
Potassium : 1",,reference,open_food_facts,
6111206000739,Jebli,Danone,"جبن أبيض، قشدة ماء، بروتينات الحليب ملح، مخثرات )نشا، أغار، علكة الزتان(، مادة حافظة )سوربات البوتاسيوم(، نكهة, يحفظ في البرودة بين 4 و 6° 19 % من المواد الدسمة,",,reference,open_food_facts,
6111032006613,Jamila رايبي,Danone,"Lait sans crème, sucre, crème, poudre de lait sans crème, protéines du lait, matière grasse laitiere, colorant naturel",,reference,open_food_facts,
3068320123262,La salvetat,Danone,"EAU MINÉRALE NATURELLE, GAZ CARBONIQUE",,reference,open_food_facts,
6111032001016,DANONE ASSIL BANANE,Danone,"يوغورت عاقد - ا سکر. قشدة، زبدة، نكهة، خمائر حليبية لليوغورت. م. د: %1.80 مصنوع ف خط قد يمكن أن يحتوي على الكلوتين و الفستوه رقم الاعتماد الصحي 0NSSA ؛ 2.1,13 LPL الوزن الصافي : 10 لمكونات حليب بدون قشدة، مسحوق الحليب بدون قشدة تصنوع خط قد",,reference,open_food_facts,
6111032008453,danino,Danone,Danino,,reference,open_food_facts,
6111032002927,Danone nature,Danone,ا المكونات حليب بدون قشدة، قشدة، مس رن الحليب بدون قشدة، مخثرات )نشويات(، نكهة، خمائرحليبية ل ليوغورت. م.د: %3 مصنوع خط قد بمكن أن يحتوي على الكلوتين، الجوز واللوز. منتوج حليبي م مزوج الوزن الصافي : 110غ. رقم الإعتماد الصحي LPL2113،0NS SA,,reference,open_food_facts,
6111032002200,Activia Céréales,Danone,"Lait sans crème, mélanges de produits laitiers, préparations céréalières, crème, sucre, lait en poudre sans crème, amidon modifié, arômes, levure helba, Pour yaourt, bifide et bactéries, Contient du gluten et est fabriqué dans une ligne pou",,reference,open_food_facts,
6111206000696,Coeur de lait,Danone,تحضير من جبنة مدوية، %48 من المادة الدسمة في المادة الجافة. المكونات، حليب مركب، جين، دهون نباتية، مسحوق مصل الخليب، مالتودیکسترين، نشا، بروتينات الحليب، املاح مستحلبة (متعدد الفوسفاط، سيترات الصوديوم، تنائي الفوسفاط، فوسفاط الصوديوم)، ملح،,,reference,open_food_facts,
6111032010139,double zéro Cerise,Danone,"Lait écrémé, lait écrémé en poudre, préparations de fruits, épaississant (amidon), lactosérum, arômes, colorants naturels (toucylate et carmin), édulcorant (stevia), cultures lactiques pour yaourt. Contient naturellement 0% de sucres. Fabri",,reference,open_food_facts,
3033490004527,Danone le nature 125 g x 4,Danone,"LAIT partiellement écrémé à 1 % Mat. Gr. (94,7%), LAIT écrémé concentréou en poudre (5,2%), ferments lactiques (LAIT) LAIT : Origine France",,reference,open_food_facts,
6111032006710,Danette,Danone,milb 17 00 فلان کرآميل 33 يستهلك حتى: 21/04 15:24 رقم الإعتماد الصحی LPL;3.1.13 :ONSSA د المكونات: سکر، مسحوق الحليب بدون قشدة، مغطى بالكراميل، قشدة، مخثر )نشاء 20 20 و U0 مكالمة حرة 80غ 25 کراکینان(، نكهة، ملون طبيعي )با کاروتين(،مثبت )فوس,,reference,open_food_facts,
6111032004457,Dan up,Danone,"milk without whipped cream, milk powder without whipped cream, milky proteins, whipped cream, butter, coagulant (starch), flavor, yeast for yogurt,",,reference,open_food_facts,
6111032010120,Danone (zéro sucre ajouté zéro matière grasse),Danone,33337 دانون % 48 مواد دهنية سكر مضاف غني بالبروتين E : 26 JUL 1008E % شكل 21003,,reference,open_food_facts,
6111032010333,Danone-Peche,Danone,,,reference,open_food_facts,
6111032002884,Velouté Fraise,Danone,"المکونات: حليب بدون قشدة، سكر، مستحضرات الفواکه قشدة، مسحوق الحليب بدون قشدة، زبدة، مخثر(نشا)، نکهات، خمائرحليبية لليوغورت ملون طبيعي(احمرکارمین )م.د.%3.
مصنوع في خط قد يمکن ان يحتوي علي الکلوتین والفستق رقم الآعتماد الصحي LFPL.2.1.13 ONSS",,reference,open_food_facts,
3033491454084,SKYR,Danone,"Lait écrémé, ferments lactiques (lait). Lait: Origine France",,reference,open_food_facts,
6111032002972,عصري بناشي,Danone,"lait sans crème, sucre, poudre
Lait sans matière grasse, coagulants (amidons), crème
de fruits, beurre, lactosérum, graisses végétales de
coco), arômes, colorant naturel, extrait de paprika,
curcumine, acides lactiques pour yaourt, régulate",,reference,open_food_facts,
6111032007667,Velouté,Danone,"المعلومات الغذائية ل 100غ الطاقة )كجل( الطاقة )ککل( الدهون )غ( ما فيها : أحماض دهنية مشبعة )غ( 1,9 السکریات )غ( 325,0 77,8 2,85 10,9 ما فيها : السكر )غ( 7,0 بروتينات )غ( ملح )غ( الكالسيوم )مغ( 2,1 86,7 دانون في الإستماع إليكم 080 009 20 20",,reference,open_food_facts,
6111032004448,Danup fraise,Danone,حليب بدون قشدة ، سكر، مسحوق الحليب بدون قشدة ، مصل الحليب ، قشدة. جزا (نشا) ، زبدة ، مادة ذهنية نباتية جوز الهند) لیات ، خمائر حليبية لليوغرت ، معادن (كالسيوم حديد) (فيتامينات: فيتامين B6، فيتامين (D3) مد: 138,,reference,open_food_facts,
6111032002918,Yawmi velouté pistache,Danone,"منتوج حليبي ممزوج المكونات: حليب بدون قشده، سکر مسحوق الحليب بدون قشدة، مستحضرات الفواكه، قشدة مخثر (نشا)، زبدة، دهون نباتية (جوز الهند)، لاكتون نكهات، ملونات طبيعية(لوتين،مركبات نحاس الكلوروفيل). خمائر حليبية لليوغورت، ملح غذائي،.م.د % 2,8",,reference,open_food_facts,
3033491485756,Yaourt à boire fraise framboise,Danone,"SPECIALITE LAITIERE & BOIRE AROMATISÉE SAVEUR FRAISE-FRAMBOISE, AVEC EDULCORANTS, 0% M.G., ENRICHIE EN MAGNESIUM ET VITAMINE B9",,reference,open_food_facts,
3033492056603,SKYR,Danone,"LAIT écrémé, ferments lactiques (LAIT)",,reference,open_food_facts,
3033491482953,Hipro Myrtille,Danone,"LAIT écrémé, myrtille (5%), magnésium, épaississants (amidon (acesulfame-K, sucralose), ferments lactiques (LAIT), vitamine B9.",,reference,open_food_facts,
6111032009443,Activia ananas fraise,Danone,"حليب بدون قشدة, مسحوق الحليب بدون قشدة, سكر, قشدة, زبدة، مخثر (نشا)، نكهة، خمائر حليبية لليوغورت تحتوي على بيفيدوباكتيريوم، م.د: 1,2٪",,reference,open_food_facts,
3033491147069,Activia bifidus nature 125g x 4,Activia,"LAIT partiellement écrémé à 3.2% de Mat. Gr. (98,5%), LAIT écrémé concentré ou en poudre, ferments (dont ferments du yaourt et Bifidobacterium (LAIT)). LAIT: Origine France",,reference,open_food_facts,
3033491270862,Danone skyr 140 g x 2 nature,Danone,"LAIT écrémé, ferments lactiques (LAIT) LAIT : Origine France",,reference,open_food_facts,
6111032009142,Actimel,Danone,"Lait écrémé, poudre de lait écrémé, sucre, lactose alimentaire, crème, beurre, épaississant (amidon), arômes, ferments lactiques (Lactobacillus Casei, ferments lactiques du yaourt), minéraux (Fer et Zinc), vitamines (B6 et D3). M.G.: 1,8%.",,reference,open_food_facts,
3033491588132,Yaourt protéiné Hipro Vanille 0%mg - 2x160g,Danone,"LAIT écrémé, eau, épaississant (amidon modifié), magnésium, correcteur d'acidité (acide citrique), concentré de carotte, arôme naturel de vanille, arômes naturels, gousses de vanille épuisées, édulcorants (acésulfame-K, sucralose), ferments",,reference,open_food_facts,
3033490165004,Gervita,Danone,"fromage blanc au _lait_ pasteurisé (75,3%), crème (_lait_) (24,6%), gélatine (non porcine), ferments lactiques (_lait_).",,reference,open_food_facts,
3033491997792,Cottage cheese,Danone,"lait écrémé pasteurisé, sel, ferments lactiques",,reference,open_food_facts,
3033490004518,Yaourt le nature,Danone,"LAIT écrémé (93,7%), LAIT écrémé concentré ou en poudre, crème (LAIT), ferments lactiques (LAIT)",,reference,open_food_facts,
6111032009151,Actimel,Danone,"lait écrémé, poudre de lait écrémé, lactose alimentaire, crème, sucre, épaississant (amidon), arômes, ferments lactiques (Lactobacillus Casei, ferments lactiques du yaourt), minéraux (calcium, vitamines (B6 et D3)",,reference,open_food_facts,
6111032006987,Danao Pèche-Abricot,Danone,"Eau, Lait écrémé, Sucre, Concentré de jus de fruit (Pomme, Moricol, Pêche), Stabilisant (Gomme de Cellulose), Régulateur d'acidité (Acide citrique), Arômes, Epaississant (Gomme de Guor), Colorant (Beto Carotène), MG: 0.01%.",,reference,open_food_facts,
6111032007968,Crème caramel,Danone,6 111032 007968 21/07 17:24 راميل في 6 على الأكثر. سنطرال دانون - طريق - محلاة بالكراميل. تاريخ الإنتاج - تاريخ = الحاج قدور مكناس إنتهاء الصلاحية - 30 يو 089,,reference,open_food_facts,
3033491974171,Skyr à Boire Goût Vanille,Danone,"LAIT écrémé (88,9%), protéines de LAIT, sucre (.%) amidon, arômes naturels, concentré de carotte, épaississant (pectines), jus concentré de citron, ferments lactiques (LAIT) Décor : écorce de vanille",,reference,open_food_facts,
6111032009425,Danone max,Danone,"حليب, سكر, مسحوق الحليب, مسحوق لبن, نكهة, مثبتات, زبدة, دكستروز, نكهة الفانيلا, نكهة طبيعية, ملح, فيتامين D3",,reference,open_food_facts,
3033491580547,Fjord nature 125 g x 4,Danone,"Lait entier, crème (lait), protéines de lait, ferments lactiques (lait).",,reference,open_food_facts,
3033491704642,Skyr nature 0%,Danone,"Lait écrémé, ferments lactiques (lait).",,reference,open_food_facts,
6111032009416,Danone max red fruit,Danone,"حليب بقري طازج, مسحوق الحليب منزوع الدسم, سكر, نكهة طبيعية, نكهة الفراولة, مثبتات, سترات الصوديوم, سترات البوتاسيوم, ملح, مستحلب, ليسيثين الصويا, لون طبيعي, عصير البنجر, فيتامين د",,reference,open_food_facts,
3033491350797,Activia bifidus saveur citron,Danone,"LAIT demi-écrémé (81,4%), sucre (7,8%), LAIT écrémé concentré ou en poudre, crème (LAIT), arôme naturel, ferments (dont ferments du yaourt et Bifidobacterium (LAIT)).",,reference,open_food_facts,
6111032009434,Activia,Danone,"حليب مقشود, مسحوق الحليب, سكر, ألياف غذائية, نكهة الفانيليا, مثبت, خميرة اللبن",,reference,open_food_facts,
3033491953637,Crème dessert saveur chocolat noisette,Danone,"LAIT écrémé, protéines de LAIT, épaississant (amidon transformé), crème (LAIT), cacao maigre en poudre (1,5%), magnésium, stabilisants (phosphates de sodium, polyphosphates), arôme, sel édulcorant (sucralose), vitamine B9.",,reference,open_food_facts,
3033491993176,Kéfir Saveur myrtille,Danone,"Lait demi-écrémé (87,6%), crème (LAIT), sucre (3,8%), myrtille (1%), LAIT écrémé en poudre, jus concentré de citron, concentrés de carotte, d'aronia et de raisin; arôme naturel de myrille avec autres arômes naturels, arômes naturels, épaiss",,reference,open_food_facts,
3033491922460,Cottage Cheese,Danone,"Lait écrémé pasteurisé, crème (lait) pasteurisée, sel (0,7%), ferments lactiques (ait)",,reference,open_food_facts,
3033490004545,Danone le nature 125 g x 16,Danone,"LAIT partiellement écrémé à 1 % Mat. Gr. (94,7%), LAIT écrémé concentré ou en poudre (5,2%), ferments lactiques (LAIT) LAIT : Origine France",,reference,open_food_facts,
3033491974214,Skyr à Boire Goût Fruits Rouges,Danone,"Lait écrémé (88,9%), protéines de LAIT, sucre (3%), myrtille (0,2%), framboise (0,2%), mûre (0,2%), amidon, concentrée de carotte, arômes naturel, épaississant (pectines), jus concentré de citron, ferments lactiques (LAIT)",,reference,open_food_facts,
3033492056630,Skyr L’onctueux Nature,Danone,"LAIT écrémé, ferments lactiques (LAIT).",,reference,open_food_facts,
3033490004749,Skyr,Danone,"Lait écrémé, ferments lactiques (lait).",,reference,open_food_facts,
3068320124535,EVIAN Eau Minérale,Danone,Eau minérale naturelle,,reference,open_food_facts,
3033490004581,Danone velouté nature,Danone,"LAIT entier (75,7%), LAIT écrémé concentré ou en poudre (21,8%), crème (LAIT) (2,5%), ferments lactiques (LAIT) LAIT : Origine France",,reference,open_food_facts,
0034361451656,Gervais le petit suisse,Danone,"Lait écrémé, crème pasteurisés (lait), ferments lactiques (lait) conservateur (sorbate de potassium)",,reference,open_food_facts,
3033490004590,Danone veloute nature 125 g x 8,Danone,"LAIT entier (75,7%), LAIT écrémé concentré ou en poudre (21,8%), crème (LAIT) (2,5%), ferments lactiques (LAIT) LAIT : Origine France",,reference,open_food_facts,
6111032010403,danone 0%,Danone,,,reference,open_food_facts,
3033491279711,Danette chocolat 125 g x 4,Danone,"LAIT entier et LAIT écrémé (80,1%), sucre, chocolat (2,2%) (sucre, pate de cacao, cacao maigre en poudre, émulsifiant : lécithine de soja, arôme), cacao maigre en poudre (soja), épaississants : E 1442 (amidon transformé), E 407 (carraghénan",,reference,open_food_facts,
3033491235373,Activia bifidus cereales 120 g x 4 muesli,Activia,"LAIT entier (67%), LAIT écrémé concentré, eau, sucre (6,7%), müesli (3,5%) (raisins secs, BLÉ, AVOINE, NOISETTE, AMANDE, NOIX), crème (LAIT), fructo-oligosaccharide, épaississants (carraghénanes: E407, amidon transformé: E1422), ferments la",,reference,open_food_facts,
3033491273814,"Danone fromage blanc 3,2% de mg 825 x 1",Danone,"LAIT écrémé et crème (LAIT) pasteurisés, ferments lactiques (LAIT) LAIT : Origine France",,reference,open_food_facts,
3033492039703,Yaourt à la grecque,Danone,"LAIT écrémé (77%), crème (17%), LAIT écrémé concentré ou en poudre, ferments lactiques",,reference,open_food_facts,
3033491482892,Hipro fruit citron,Danone,"LAIT écrémé (89,8%), citron (5,5 %), épaississants (amidon transformé de maïs: E1442, gomme guar: E412), correcteurs d'acidité (citrate de sodium: E331, acide citrique: E330), ferments lactiques (LAIT), concentré des minéraux du LAIT, arôme",,reference,open_food_facts,
6111206000702,Coeur de lait,Danone,,,reference,open_food_facts,
6111032008709,Dan up,Danone,"lait écrémé, eau, sucre, lait écrémé en poudre, crème, amidon modifié, arôme fraise, colorant E120, correcteur d'acidité E331, épaississant E440, ferments lactiques, vitamine D, vitamine B6",,reference,open_food_facts,
6111032001399,Danone,Danone,حليب مبستر مكثف، الكاكاو، حليب بودرة، نكهات، سكر، مسحوق الحليب، دكستروز، قشطة، مكثف البروتين، زبدة، مثبت (كاراجينان)، نكهة الكاكاو، نكهة الفانيليا، ملح، فيتامين D3,,reference,open_food_facts,
6111032009221,Yaourt brassé vanille,Danone,,,reference,open_food_facts,
6111032009230,Yaourt brassé sans sucre,Danone,حليب بدون قشدة، قشدة ، مسحوق الحليب بدون ، قشدة، مخثرات (نشويات)، نكهة، خمائر حليبية لليوغورت، م.د % 3 مصنوع في خط قد يحتوي على الكلوتين.,,reference,open_food_facts,
3033491350867,Activia bifidus saveur noix de coco sans arome artificiel 125 gx 4,Activia,"LAIT entier (Origine : France), sucre (7,8%), LAIT écrémé concentré ou en poudre (Origine : UE), arôme naturel, crème (LAIT) (Origine : France), ferments lactiques dont bifidobacterium (Bifidus ActiRegularis) (LAIT)",,reference,open_food_facts,
5411188139340,Barista Haver (new),alpro,"Base d'avoine (95,6%) (eau, avoine (10%)], huile de tournesol, fibres de chicorée, protéine de pois, correcteur d'acidité (phosphates de potassium), sel marin, vitamines B2, D2.",,reference,open_food_facts,
0034361454088,Skyr,Danone,"LAIT écrémé, ferments lactiques (lait)",,reference,open_food_facts,
3033491279720,Danette saveur vanille,Danone,"LAIT entier (82,8%), sucre, LAIT écrémé concentré ou en poudre, épaississants (amidon transformé, carraghénanes), perméat de petit LAIT (lactosérum) en poudre, amidon, arôme (LAIT), colorant (bêta-carotène).",,reference,open_food_facts,
3033490613981,Yaourt stracciatella Jockey,Danone,"Fromage blanc maigre (52%) (LAIT), crème (LAIT), sucre (13,9%), eau, LAIT écrémé, copeaux de chocolat 2% (beurre de cacao, cacao maigre en poudre, sucre), sirop de glucose-fructose (0,8%), épaississants : E 1422 (amidon transformé), E 440 (",,reference,open_food_facts,
3033492036131,Hipro morango,Danone,"LAIT écrémé, fraise (7,7%), épaississant (amidon modifie orants (acesulfame-K, sucralose), ferments lactiques (LAIT), vitamine B9. Lait: Origine NGREDIENTEN: Afgeroomde MELK, aardbei (7,7%), verdikkingsmiddel (gemodificeerd magnesium, aroma",,reference,open_food_facts,
3033491690330,HiPRO Saveur Coco,Danone,"LAIT écrémé (89,8 %), oligo-fructose, noix de coco, épaississants (amidon transformé de maïs / E1422, pectine / E440, gomme guar / E412), arôme naturel, correcteurs d’acidité (acide citrique / E330, citrate de sodium / E331), ferments lacti",,reference,open_food_facts,
3033491916539,Skyr Vanille,Danone,"lait écrémé 88,9% , sucre 5,6%, amidon, jus concentré de citron, arôme naturel de vanille, ferments lactiques (lait), Décor:  gousses de vanille épuisées, lait.",,reference,open_food_facts,
3033491824362,Hipro Protéines Crème dessert vanille,Danone,"LAIT écrémé, protéines de LAIT, crème (LAIT), épaississant (amidon transformé), magnésium, stabilisants (triphosphates, diphosphates, phosphates de sodium), colorant (beta-carotène), arôme, édulcorant (sucralose), Vitamine B9.",,reference,open_food_facts,
3033491974199,Skyr à boire fruits exotiques,Danone,"LAIT écrémé (88,9%), protéines de LAIT, sucre (3%), mangue (0,3%), fruit de la passion (0,3%), amidon, arômes naturels, concentré de carotte, épaississant (pectines), jus concentré de citron, ferments lactiques (LAIT)",,reference,open_food_facts,
3033492056649,skyr nature,Danone,"INGRÉDIENTS: LAIT écrémé, ferments lactiques (LAIT). Lait: Origine France",,reference,open_food_facts,
3057640467239,"1,5L FRAISE VOLVIC",Danone,"Eau minérale naturelle Volvic (85,5%), jus de fruits à base de concentrés 10,5% (Fraise 5,3%, citron 2,6 %, pomme 2,6%), sucre 4,1%, concentré de carotte pourpre, arômes naturels.",,reference,open_food_facts,
3033491580538,Fjord nature 125 g x 8,Danone,"LAIT entier, crème (LAIT), protéines de LAIT, ferments lactiques (LAIT)",,reference,open_food_facts,
3033490006394,Skyr fraise,Danone,"Lait écrémé (84,9%), sucre (5,4%), fraise (5%), amidon, concentré de carotte noire, arôme naturel, ferments lactiques (lait). Lait : origine France.",,reference,open_food_facts,
5411188136219,Avena cremosa,alpro,"Agua, avena (10,5%), aceite de girasol, calcio, fibra de la raíz de achicoria, sal marina, estabilizante (goma gellan), yoduro de potasio, vitaminas B2, B9, D2.",,reference,open_food_facts,
3033491728165,Hipro Saveur Coco,Danone,"Lait écrémé, protéines de lait, épaississants (amidon modifié de maïs, pectine de fruits), lait de coco (0,25%), arômes, correcteurs d'acidité (acide lactique, citrate de sodium), édulcorants (acésulfame-K, sucralose), ferments lactiques (l",,reference,open_food_facts,
3033491916520,Skyr Fraise,Danone,"LAIT écrémé (84,9%), sucre (5,4%), fraise (5%), amidon, concentré de carotte noire, arôme naturel, ferments lactiques (LAIT).",,reference,open_food_facts,
3033491974180,Skyr à boire goût fraise,Danone,"LAIT écrémé (88,9%), protéines de LAIT, sucre (3%), fraise (0.5%), amidon, concentré de carotte, arômes naturels, épaississant (pectines), jus concentré de citron, ferments lactiques (LAIT).",,reference,open_food_facts,
3033491273823,"Danone fromage blanc 3,2% de mg nature 100 g x 8",Danone,"LAIT écrémé et crème (LAIT) pasteurisés, ferments lactiques (LAIT) LAIT : Origine France",,reference,open_food_facts,
3033491460863,Actimel original nature,Danone,"Lait fermenté avec lactobacillus casei, sucre, liquide (saccharose : 7,3%), dextrose (0,6%), vitamines D et B6",,reference,open_food_facts,
3033491917060,Hipro façon stracciatella,Danone,"_Lait_ écrémé (Origine : France), _lait_ écrémé concentré (Origine: UE), eau, copeaux de cacao (0,5%) (beurre de cacao, poudre de cacao, poudre de cacao degraissée), épaississants (amidon modifié, pectine de fruits), ferments lactiques (_la",,reference,open_food_facts,
6111032006905,Velouté Vanille,Danone,"حليب بدون قشدة, سكر, مسحوق الحليب بدون قشدة, مستحضرات الفواكه, نشاء معدل, نكهة, زبدة, صمغ نباتية, جوز الطيب, لاكتوز, نكهات, حمض, جيلاتين, سليلوز الجذور",,reference,open_food_facts,
3033490699839,Activia bifidus brasse nature 125 g x 8,Activia,"LAIT entier (81,1%), LAIT écrémé concentré ou en poudre, crème (LAIT), ferments lactiques dont bifidobacterium (bifidus ActiRegularis) (LAIT)",,reference,open_food_facts,
6111032007685,Yaourt cereal,Danone,"المعلومات الغذائية ل 100غ 334,0 الطاقة )كجل( 80,0 لطاقة )ککل( الدهون )غ( ما فيها : احماض ذهنية مشبعة )ع و السكریان )غ( ما فيها : السكر )ع( 4ة 2,1 2.8 11,5 بروتينات )غ( ملح )ع( الگالسيوم )مغ( 84,7 دانوز في الاستماع البكم 20 10 و0 0 Q80 مکاشع",,reference,open_food_facts,
3033491325250,Activia fraise,Danone,"Lait entier (Origine: France), fraise (8,3%), lait écrémé concentré ou en poudre (Origine : UE), sucre (6,4%), crème (lait) (Origine: France), amidon de tapioca, épaississant (pectine de fruits), jus concentré de citron, concentré de carott",,reference,open_food_facts,
3033491432736,Danette crème dessert noir extra,Danone,"LAIT entier, LAIT écrémé reconstitué à base de LAIT en poudre, sucre, crème (LAIT), cacao maigre, chocolat noir (2%) (sucre, pâte de cacao, cacao maigre, émulsifiant (lécithine de SOJA), arôme), épaississants (amidon transformé: E1442, carr",,reference,open_food_facts,
3033491225288,Danonino aux fruits panache 50 g x 12,Danone,"LAIT écrémé pasteurisé, sucre (8,1%), crème pasteurisée (LAIT), fruits (6%) : fraise, framboise, abricot, pêche-poire, banane, jus de framboise à base de concentré (dans variété framboise), épaississants [(amidons transformés: E1442, E1422)",,reference,open_food_facts,
6111032000080,Blédilait Croissance,Danone,"Lait partiellement écrémé, lactose, sucre, matière grasse végétale, lécithine de colza, arôme (vanille), vitamines (C, niacine, E, acide pantothénique, A, B1, B6, B2, B3, acide folique, B12, D3), sels minéraux (hydrogénocarbonates de sodium",,reference,open_food_facts,
3033491225251,Danoino aux fruits fraise framboise abricot 50 g x 6,Danone,"LAIT écrémé pasteurisé, sucre (8,1%), crème pasteurisée (LAIT), fruits (5,9%) : fraise, framboise, abricot jus de framboise à base de concentré (dans variété framboise), épaississants (amidons transformés: E1442, E1422), gomme guar: E412, p",,reference,open_food_facts,
6111032010148,Activia selection,Danone,"ل الكر ممنوع في فترة 980,000 70 70 حليب مخمر منکه و ممزوج :المكونات حليب بدون قشدة، مستحضرات الفواكه (فرولة (6,596) ، قشدة ، سكر ، مسحوق الحليب بدون قشدة، مختر (نشا)، نكهات خمائر حليبية لليوغورت و البيفيدوباكتيريوم. م. في: 3,296 مصنوع في خط",,reference,open_food_facts,
8410500023652,Protein Drink Raspberry Flavour,Danone,"Leite desnatado pasteurizado, proteínas do leite, purés de morango (0,75%) e framboesa (0,25%), sais de magnésio, aromas, edulcorantes (acessulfame Ke sucralose), fermentos láticos e vitamina B9.",,reference,open_food_facts,
3033491579736,Danone veloute fruix panache 125 g x 16,Danone,"Yaourt (LAIT) (84,6%), sucre (8,2%), fruits (5%) (abricot, framboise, fraise, pêche), épaississant (amidon transformé de maïs: E1422), correcteurs d'acidité (acide citrique: E330, citrate de sodium: E331), concentré de carotte et de pomme (",,reference,open_food_facts,
3033490004536,Danone le nature 125 g x 12,Danone,"LAIT partiellement écrémé à 1 % Mat. Gr. (94,7%), LAIT écrémé concentré ou en poudre (5,2%), ferments lactiques (LAIT) LAIT : Origine France",,reference,open_food_facts,
3033491602034,Hipro 25g protéines Chocolat,Danone,"LAIT écrémé, proteines de LAIT, cacao maigre en poudre (1%), épaississants (gomme gellane (E418), gomme de cellulose (E466)), stabilisants (polyphosphate (E452), phosphate de sodium (E339)), arômes naturels, édulcorant (sucralose (E955)), s",,reference,open_food_facts,
3228022180084,President coulommiers extra fondant 350g,Lactalis,"LAIT (origine France), sel, ferments",,reference,open_food_facts,
6191513502010,Carré president 6 portion,Lactalis,"lait frais, crème",,reference,open_food_facts,
3155251208088,Beurrier saveur gastronomique doux,Lactalis,Beurre (crème origine France).,,reference,open_food_facts,
3228021170150,Emmental Coeur de meule,Lactalis,"Lait de vache pasteurisé, sel, ferments",,reference,open_food_facts,
3155250361821,President spreadable lightly salted,Lactalis,"Beurre, crème légère, sel (1.3% max), ferments lactiques.",,reference,open_food_facts,
3155250367065,La Motte Beurre doux pasteurisé 82 % de mat. gr. eurre doux pasteurisé 82 % de mat. gr.,Lactalis,beurre (crème origine UE).,,reference,open_food_facts,
3023260028699,Roquefort AOP (part dégustation),Lactalis,"Lait cru de brebis,ferment, sel, pénicillium roqueforti , présure",,reference,open_food_facts,
3228022020056,Motte Tendre Beurre Doux,Lactalis,"beurre (crème origine France),",,reference,open_food_facts,
6191513501039,Fromage Fondu Pour Tartine Président 16 portions,Lactalis,"Fromage, beurre, lactosérum, lait, E452, E331, E450, E339, Protéines laitières.",,reference,open_food_facts,
6191513501011,Fromage Fondu  Président 8 portions,Lactalis,,,reference,open_food_facts,
3155251211231,Bocage,Bridel,"Matière grasse végétale hydrogénée : coprah, eau, beurre (lait), lactose (lait), acidifiant: acide lactique, émulsifiant E 471, arôme naturel, colorant : bétacarotène, vitamine A.",,reference,open_food_facts,
3155251210746,Beurre,Bocage,"Beurre (crème origine U.E.) (lait), eau, ferments.",,reference,open_food_facts,
3155251207140,Beurrier Saveur Gastronomique DEMI-SEL,Lactalis,"Beurre (crème d’origine France), sel (3% max)",,reference,open_food_facts,
3265850000043,Cancoillotte,Fromagerie Poitrey,"Lait écrémé caillé (origine : France), eau, beurre 10%, (Lait), ail 2%, sel, sel de fonte : citrate de sodium.",,reference,open_food_facts,
8410285127617,Auchan,Lactalis,_lait_,,reference,open_food_facts,
8410285114905,President Semi BR.1L,Lactalis,,,reference,open_food_facts,
3023290115178,Desserts semoule au lait nature La Laitière,Nestlé,"_Lait_ entier (65,7%), eau, sucre, semoule de blé dur (_gluten_) (6,5%), poudre de _lait_ écrémé, sel, amidon de maïs, stabilisant (carraghénanes).",,reference,open_food_facts,
3228023920090,Queso camembert,Lactalis,"cheese with soft cheese, fat, pasteurized milk",,reference,open_food_facts,
3428380001874,Brique de loubressac,Lactalis,,,reference,open_food_facts,
3228021920184,Mantequilla fácil de untar,Lactalis,Mantequilla Fácil de Untar - 82% M.G./Manteiga Fácil de Barrar - 82% M.G.,,reference,open_food_facts,
3228022220018,Fromage tartiflette,Lactalis,"Lait, sel, ferments",,reference,open_food_facts,
6191513502065,Carré Président,Lactalis,"lait frais, beurre, protéines laitières, crème de lait, lait en poudre, sel de fonte (E452, E339, E331), sel de cuisine, ferments lactiques",,reference,open_food_facts,
3228023950301,Mantequilla Sin Sal,Lactalis,_Mantequilla_.,,reference,open_food_facts,
8410285114899,Leche Desnatada,Lactalis,Leche UHT Desnatada,,reference,open_food_facts,
3228023950310,Beurre demi-sel,Lactalis,,,reference,open_food_facts,
3228021960252,PRESIDENT COULOMMIERS 10 PORTIONS 31% 350g,Lactalis,"LAIT (origine France), sel, ferments",,reference,open_food_facts,
3228024960387,"Mimolette demi-vieille, affinée 7 mois",BOULE D'OR,"Lait de vache pasteurisé (origine France), sel, ferments lactiques (lait), colorant E160b, conservateur : nitrate de potassium,",,reference,open_food_facts,
3760112651110,Gateau au fromage blanc,Etoile du Sud,"Fromage blanc pasteurisé 50% ( fait de vache origine: France), sucre, blancs d'oeufs pasteurisés et oeufs entiers pasteurisés, eau, amidon modifié de mals, amidon de riz, émulsifiant lecithine de soja conservateur: sorbate de potassium. Aro",,reference,open_food_facts,
3023260033266,Orkney,Lactalis,"Lait pasteurisé de vache (Origine Écosse), sel, ferments lactiques (contient lait), colorant (norbixine de rocou), coagulant microbien.",,reference,open_food_facts,
3228022150074,Grangusto galbani rape 60g,Galbani,"Fromage au LAIT pasteurisé 90% (LAIT pasteurisé, sel, conservateur: lysozyme d'OEUF), fromage au LAIT cru 10% (LAIT cru, sel, conservateur: lysozyme d'OEUF).",,reference,open_food_facts,
8606002113357,Fresh cheese,Lactalis,"pasteurized ultrafiltered milk , kitchen salt, cheese, hardener (e509), contains min 20% milk fat in dry matter, min 67% water in fat-free cheese matter,",,reference,open_food_facts,
5906207370072,Camembert orzech,Lactalis,"pastöriseeritud piim, kreeka pähklid (2 %), sool, stabilisaator: kaltsiumkloriid, mikrobioloogiline laap, stardikulturid, Penicillium candidum. Võib sisalda teisi pähklite.",,reference,open_food_facts,
3228023190130,PRESIDENT COTE REPAS 2 PAVES FONDANTS AU CAMEMBERT 200g,Lactalis,"Camembert 30,5%(Lait de vache pasteurisé origine France, sel, ferments), Mozzarella 28,7% (Lait de vache pasteurisé origine UE, sel, ferments), farine de blé (contient gluten), riz soufflé 14,7%, eau, huile de tournesol, sucre, extrait de m",,reference,open_food_facts,
3023260030418,Fromage de brebis au lait pasteurisé,Salakis,Fromage de brebis au lait pasteurisé.,,reference,open_food_facts,
8000430480003,Classic Greek Feta,Salakis,,,reference,open_food_facts,
3023260032203,Pérail Bio,Lactalis,,,reference,open_food_facts,
3237054005746,Fromage,Lactalis,"Lait, crème, ferment, présure",,reference,open_food_facts,
3228022140095,Cancoillotte aux noix,Lactalis,"eau, metton (lait écrémé caillé), beurre (lait), noix (3%) sels de fonte : citrate de sodium, sel, arôme noix (lait, noix)",,reference,open_food_facts,
3228024150157,President batonnets a croquer mimolette 8x18g,Lactalis,"LAIT (origine France), sel, ferments lactiques (LAIT), colorant : caroténoïdes.",,reference,open_food_facts,
3228024910382,Lait Ecreme,Lactalis,,,reference,open_food_facts,
8594001270314,Pohar,Lactalis,"s cukrom a sladidlami, 150 g. Zloženie: 51% kyslomliečna zložka Kyslomliečny dezert so želé, s ochutením (podia vieda), (mlieko a smotana, modifikovaný zemiakový škrob, mliečna bielkovina, baktérie mliečneho kvasenia), 29 % želé (voda, cuka",,reference,open_food_facts,
3252950003821,Camembert de Normandie AOP,E. Graindorge,"_Lait_ de vache cru, sel, ferments (dont _lait_), presure.",,reference,open_food_facts,
7613031276446,LC1 Fruit de la passion,Nestlé,"LAIT entier, sucre, fruits (jus de fruit de la passion à base de concentré 5%, jus d'orange à base de concentré 0.6%), LAIT écrémé, protéines de LAIT, ferments lactiques (dont Lactobacillus johnsonii), amidon de maïs, jus de carotte à base",,reference,open_food_facts,
3155251207928,Bocage,Bridel,"Huiles et graisses végétales en l'état et non hydrogénées (colza, coprah, palme, palmiste), eau, beurre (10%), émulsifiants : esters citriques de mono et diglycérides d'acides gras, lait écrémé en poudre, arôme (dont _lait_), antioxydant :",,reference,open_food_facts,
3023260031392,Goustal - Pur Brebis,Lactalis,"lait pasteurisé de brebis, ferments lactiques, sel, présure animale, chlorure de calcium, colorant de la croûte : caramel naturel.",,reference,open_food_facts,
3114270400103,Le petit saint paulin,Lactalis,"_Lait_ (origine France), sel, ferments, colorant E150a, conservateur : E235",,reference,open_food_facts,
3252950004431,Coulommiers au lait cru,E. Graindorge,"_Lait_ de vache cru (Origine France), sel, ferments (dont lait) présure",,reference,open_food_facts,
3701208210026,Camembert BIO,Lactalis,"Camembert au lait de vache pasteurisé issu de l'agriculture biologique. Lait origine France. Ingr'dients Lait de vache pasteuris' issu de Agriculture Biologique, sel, ferments lactiques.",,reference,open_food_facts,
3428200386299,Queso Blanco Tartimalin,Lactalis,"Babeurre (lait), crème pasteurisée (lait) (12,2 %), protéines de lait, acidifiant : acide citrique, sel, épaississant: farine de graines de caroube, conservateur: sorbate de potassium, arôme naturel.",,reference,open_food_facts,
3252950004510,Camembert de Normandie au lait cru,E. Graindorge,,,reference,open_food_facts,
3023260026123,Société Crème,Lactalis,"Fromage et crème légère de lactosérum de brebis, Roquefort, sel de fonte : E339 - E452, conservateur : E234.",,reference,open_food_facts,
3228024910328,Mantequilla,Lactalis,mantequilla,,reference,open_food_facts,
3155250000452,Beurre Doux,Bocage,beurre fait à partir de crème de _lait_ de vache pasteurisé,,reference,open_food_facts,
3228023110064,President Rondele Serek Z Orzechami,Lactalis,,,reference,open_food_facts,
3023290031760,Pudding,Nestlé,,,reference,open_food_facts,
3760112651305,Saint Marcellin,Fromagerie De St Just De Claix,Lait de vache thermisé,,reference,open_food_facts,
3237055007246,Tentation de Saint Felicien,Etoile Du Vercors,,,reference,open_food_facts,
3346200101039,Rocamadour,Etoile du Quercy,_Fromage_ au _lait_ cru de chèvre,,reference,open_food_facts,
3228023120140,Coulommiers (22 % MG),LF,"Lait de vache pasteurisé (origine France), sel, ferments lactiques et d'affinage, coagulant.",18710,active,open_food_facts,
3237051002207,Saint-Marcellin bio,Lactalis,Lait de vache bio thermisé.,,reference,open_food_facts,
8000430395741,Gran Gusto,Galbani,"Unpasteurised cow's milk (EU), salt, microbial coagulant, starter culture.",,reference,open_food_facts,
3428380001917,Cabrichaud au lardon,Lactalis,"Fromage de chèvre frais à 21% de matière grasse : 75% (lait de chèvre pasteurisé, ferments, sel, présure, conservateur : E202).
Poitrine de porc fumée 25% (poitrine de porc, sel, dextrose, sirop de glucose, sucre, lactose, antioxydants : E",,reference,open_food_facts,
3700179530146,Camembert de Normandie AOP (20% MG) au lait cru,Fromagerie de la vie,"Lait, sel, ferments, présure",,reference,open_food_facts,
5906207320059,Masto solone,Lactalis,,,reference,open_food_facts,
3461680002064,Banon,Lactalis,Fromage de chèvre AOP au _lait_ cru.,,reference,open_food_facts,
5709281008855,Stay Strong Protein Drink Chocolate,Lactalis,"Skummjölk 61%, mjölk stabiliseringsmedel (E 460, E 466), surhetsreglerande medel proteiner, chokladpulver 2% (kakaopulver 75%, socker 25%) (E339), förtjockningsmedel (carrageenan), sötningsmede (sukralos), arom.",,reference,open_food_facts,
3850355007349,podravec,Dukat,"Pasterizirano mlijeko, sol, učvršćivač za učvršćivanje: kalcijev klorid; mljekarske kulture, sirilo, bojilo: E 160b(ii). Može sadržavati jaja.",,reference,open_food_facts,
3155250322637,Coeurmandie,Coeurmandie,"Lait de vache (origine France), sel, ferments",,reference,open_food_facts,
0074030000039,Italian Style Mozzarella Cheese,Galbani,"Pasteurized milk, vinegar, salt, enzymes.",,reference,open_food_facts,
0077901001056,Brie,Lactalis,"Leche entera pasteurizada de vaca, cultivos lácticos, sal, enzimas.",,reference,open_food_facts,
0738824102005,Galbani Queso Ricotta,Lactalis,"Leche hihienizada semidescremada, sal, acido acetico.",,reference,open_food_facts,
3237051000184,Saint-Marcellin,Etoile du Vercors,_Fromage_ au _lait_ thermisé,,reference,open_food_facts,
3237051002535,Saint-Marcellin,Lactalis,_Lait_ thermisé.,,reference,open_food_facts,
7891097101630,Iogurte integral com preparado de mel,Batavo,"Leite integral e/ou leite integral reconstituído, preparado de mel (xarope de açúcar, mel, amido modificado, conservador sorbato de potássio e aromatizante), leite em pó integral, amido modificado, concentrado proteico de leite, concentrado",,reference,open_food_facts,
5906207650349,Camembert chilli,Lactalis,,,reference,open_food_facts,
5906207660072,Camembert president light,Lactalis,,,reference,open_food_facts,
3228022950225,Petit brie,Lactalis,"_Lait_ de vache pasteurisé (origine France), sel,ferments.",,reference,open_food_facts,
3760112650935,Delice des Cieux,Fromageries de l'Etoile,"DELICE DES CIEUX ENTIER Gde...u ao omage blanc / Cheesecake / Pastel de queso biartCO 500/, ('ait de vac.ine France), sucre, blancs ocurs pastourtsés , sucre, amidon roodlfié de mais, a r-nidon cie riz, de soja conservateur sorb,ate potassi",,reference,open_food_facts,
3023260028219,Пълномаслено синьо сирене Le Blue,Lactalis,,,reference,open_food_facts,
0055300110025,Lait écrémé 0% Beatrice,Lactalis,"Lait écrémé, Palmitate de vitamine A et vitamine D3. Contient: Lait. Ingredients: Skim milk, Vitamin A palmitate and vitamin D3. Contains: Milk.",,reference,open_food_facts,
4823065722731,Kodujuust,Lactalis,,,reference,open_food_facts,
3252950008871,Camembert au four,E. Graindorge,"Camembert (250 g) : _Lait_ de vache pasteurisé, sel, ferments (dont _lait_), présure. Lait origine France (Normandie). Herbes de Provence (3 g) : Romarin, thym, sarriette, basilic, marjolaine.",,reference,open_food_facts,
8410285127282,Lait,Lactalis,,,reference,open_food_facts,
7891097000207,Iogurte Integral com preparado de ameixa,Batavo,"Leite integral e/ou leite integral reconstituído, preparado de ameixa (xarope de açúcar, água, polpa de ameixa, amido modificado, aromatizante e conservador sorbato de potássio) leite em pó integral, amido modificado, concentrado proteico d",,reference,open_food_facts,
3155251207043,Beurre doux la laiterie BIO,Lactalis,"Crème de _lait_ issue de l'agriculture biologique, ferments lactiques.",,reference,open_food_facts,
3228023190185,Rondelé Nature,Lactalis,"Fromage au lait de vache pasteurisé, protéines de lait (lait), sel (0.9%), Possible présence de fruits à coques.",,reference,open_food_facts,
3023260032470,Carre plaisir,Lactalis,"fromages au _lait_ de brebis 65% (dont Roquefort AOP 20%), _lait_ écrémé reconstitué, protéines de _lait_, beurre (_lait_), poudre de _lait_, épaississants : amidon modifié, carraghénane, sel, correcteur d'acidité : acide citrique",,reference,open_food_facts,
3228022180093,Le Brie,Lactalis,,,reference,open_food_facts,
5908250801053,Jogurt naturalny,Lactalis,"_mleko_ pasteryzowane, kultury bakterii jogurtowych.",,reference,open_food_facts,
3155250367870,"Spécialité laitière UHT base crème légère semi épaisse 4%mg BRIDELIGHT, bouteille",Bridelight,"_Lait_ écrémé (63%), crème légère (lait_) (33,3%), amidon modifié : E1422, stabilisants : 440, E460, E407, E466, émulsifiant : E471, lactose (_lait_), arôme, colorant : beta-carotène, vitamine A.",,reference,open_food_facts,
3023260030542,Société à Tartiner Goût  frais & Savoureux,Lactalis,"fromage de brebis (_lait_), protéines de _lait_, roquefort AOP 19% (_lait_), eau, bleu de brebis (_lait_), sel, acidifiant : acide citrique, épaississant : guar, conservateur : sorbate de potassium.",,reference,open_food_facts,
3023290798041,Nuvole Mousse,Nestlé,"LATTE 59%, zucchero, LATTE scremato, cioccolato al LATTE 9.5% [zucchero, LATTE in polvere, burro di cacao, pasta di cacao, siero di LATTE in polvere, emulsionante (lecitine di girasole), aroma naturale di vaniglia], crema di LATTE, cacao ma",,reference,open_food_facts,
3228022160114,Vache grosjean,Lactalis,"fromage blanc (crème 50%, lait 49%, ferments lactiques) Iait écrémé reconstitué, beurre, eau, protéines de lait, sels de fonte (E452, E339, E331),sel.",,reference,open_food_facts,
3023290102633,Yaourt au lait. de brebis Lou Pérac,Nestlé,"_lait_ de brebis, ferments lactiques",,reference,open_food_facts,
3228023190194,Camembert President,Lactalis,,,reference,open_food_facts,
5906207477807,Camembert naturalny,Delikate,"_Mleko_ pasteryzowane, sól, stabilizator: chlorek wapnia, podpuszczka mikrobiologiczna, bakterie fermentacji mlekowej, Penicillium candidum. Produkt może zawierać _orzechy_.",,reference,open_food_facts,
3760072301027,Cœur Neufchâtel,Coeur de Bray,"_Lait_ cru de vache, sel, ferments, présure.",,reference,open_food_facts,
5202258062130,Feta,Salakis,"Fromage à pâte molle, gras, au lait pasteurisé de brebis (min. 70%) et de chèvre (max. 30%), affinée en saumure. Sans conservateurs.",,reference,open_food_facts,
4870227270946,big bon,marevan.com,,,reference,open_food_facts,
4870204391514,Dizziu,,Dizziy Coctail,,reference,open_food_facts,
4870071002131,Lemonade,Holiday,"вода питьевая, сахар, регулятор кислотности (лимонная кислота), ароматизатор, консервант (бензоат натрия), краситель (сахарный колер IV).",,reference,open_food_facts,
4870207313322,Greek yogurt,FoodMaster,"нормализованное молоко, закваска. Содержание молочнокислых икре - организмов - не менее 1х10' КОЕ/г. Пищевая ценность 100 г продукта: жир-481 ОEЛОК - 4,8 г, углеводы - 6,9г. Энергетическая ценность - 122,4 ккал эида. Дата производства», «уп",,reference,open_food_facts,
4870207314206,Йогурт питьевой со вкусом лесных ягод,FoodMaster,"Нормализованное молоко, сахар, стабилизатор: крахмал кукурузный, ароматическая эмульсия со вкусом лесной ягоды, закваска.",,reference,open_food_facts,
4870055002681,Молоко Lactel с витамином D,Lactel,"Нормализованное молоко, витамин D3.",,reference,open_food_facts,
4870144006350,"Молоко питьевое низколактозное 2,5℅",dep,"молоко цельное, молоко обезжиренное",,reference,open_food_facts,
4602481104473,7 злаков,Царь,"oat, wheat, barley, rye, buckwheat, corn, rice flakes. May contain traces of soy.",16279,active,open_food_facts,
5449000189334,Негазированный безалкогольный напиток с экстрактом чая и со вкусом персика,Fuse Tea,"вода, сахар, регуляторы кислотности (лимонная кислота, цитрат натрия 3-замещенный), экстракт чая (0,1 %), ароматизаторы, концентрированный персиковый сок (0,1% восстановленного сока).",,reference,open_food_facts,
4870001570198,Mirinda 1L,,,,reference,open_food_facts,
6288004001032,Milaf cola,Milaf,"Carbonated Water, Date Extract (Date Juice Concentrate, Glucose-Fructose), Caramel Color (E150-d), Acidifiers (Phosphoric Acid E338 - Citric Acid E330), Caffeine, Sodium Benzoate (E211 as Preservative), Natural & Nature Identical Cola Flavo",,reference,open_food_facts,
4870091000849,Сұлтан спираль,Sultan,"мука высшего сорта из твердой пшеницы (дурум), вода.",17166,active,open_food_facts,
4870144003867,Масло сладко-сливочное несоленое &quot;Крестьянское&quot;,dep,Выработано из натуральных высокожирных сливок.,,reference,open_food_facts,
4870003752510,Greek Yogurt,Nature milk,,,reference,open_food_facts,
4870035002771,Кукуруза сладкая отборная сорт высший,3 желания,,,reference,open_food_facts,
4870035008359,Томатный кетчуп,3 желания,"Вода, паста томатная, сахар, соль, регуляторы кислотности (уксусная кислота, молочная кислота), томатные волокна, экстракты (сельдерей, черный перец, душистый перец), консерванты (сорбат калия, бензоат натрия)",,reference,open_food_facts,
4630026561823,Яшкино ChocoStix в молочном шоколаде,KDV,"Мука (пшеничная, кукурузная), сахар, масла растительные (пальмовое, подсолнечное, соевое), какао-масло, какао тертое, молоко сухое цельное, сыворотка молочная сухая, хлопья овсяные, вода питьевая, меланж яичный сухой, эмульгаторы: лецитины",,reference,open_food_facts,
4870206440601,Тандем,Молочные истории,"Молоко натуральное коровье нормализованное, умягченная вода, молоко сухое цельное, обезжиренное сухое молоко, закваска, соль йодированная",,reference,open_food_facts,
4870208439201,Умка,Рахат,"Сахар, молоко цельное сухое, пальмовое масло, какао масло, какао тёртое, жир молочный, лецитин соевый, соль поваренная, ароматизатор натуральный, экстракт натуральной ванили, NovaSOL COF, аскорбиновая кислота, альфа-токоферол",17163,active,open_food_facts,
4610095482661,Блины с мясом,Мираторг,"Тесто (вода питьевая, мука пшеничная высшего сорта, масло подсолнечное рафинированное дезодорированное, сахар, молоко сухое обезжиренное, порошок яичный, соль пищевая, разрыхлитель гидрокарбонат натрия (сода пищевая)); начинка (мясо цыпленк",,reference,open_food_facts,
4870035007952,Провансаль майонезі,3 желания,,,reference,open_food_facts,
4823077626360,РОШЕН АЕРАТЕТ БЕЛЫЙ ШОКОЛАД,Roshen,"Sugar, cocoa butter, whole milk powder, skimmed milk powder, cocoa butter equivalent (non-hydrogenated oils: palm, shea), milk fat, emulsifiers (lecithins (contains soy), E476), flavoring",,reference,open_food_facts,
4870001159959,Вода Asu негазированная,asu,,15224,active,open_food_facts,
4870002320882,Чай зеленый пакетированный «Отборный»,Пиала Gold,,,reference,open_food_facts,
4870006610783,Жайма,Цесна,"Baking wheat flour of the highest grade, water, salt.",,reference,open_food_facts,
4870202521263,Лесные ягоды чёрный чай,Maxi Чай,"очищенная вода caхар, экстракт черного чая, регулятор кислотности: лимонная кислота, натрий лимоннокислый, ароматизаторы черного чач лесных ягод, стабилизаторы: Е459, E466 подсластитель сукралоза.",18183,active,open_food_facts,
4604248000846,Майонез «Оливковый»,Махеевъ,"Масло подсолнечное рафинированное дезодорированное, вода питьевая, масло оливковое рафинированное, сахар, яичный желток сухой уксус столовый, соль пищевая, масло эфирное горчичное, консервант сорбиновая кислота, краситель каротины.",,reference,open_food_facts,
4870207314394,Греческий йогурт натуральный,FoodMaster,"нормализованное молоко, закваска.",,reference,open_food_facts,
4011100091100,Mars,Mars,,,reference,open_food_facts,
4640174750343,Классический майонез,Calvé,,,reference,open_food_facts,
5060751216195,energy drink,monster,,,reference,open_food_facts,
0074603005216,Ramen Noodle Soup,Samyang,"NOUILLE(86.4%) FARINE DE BLE HUILE DE PALME, AMIDON DE TAPIOCA, AMIDON DE POMME DE TERRE, SEL, EMULSIFIANTILECITHINE(E322)], HUILE DE SOJA, REGULATEUR DACIDILE CARBONATE DE POTASSIUM(E501), CARBONATE DE SODIUM(E500), PHOSPHATE DE SODIUM DIB",,reference,open_food_facts,
8410793066130,Damm Premium Quality Non Alcoholic Lager Beer,Damm,"water, barley malt (8), but glucose and fructose syrup, rice, hops,",,reference,open_food_facts,
8714599515929,Кофе растворимый Jacobs Monarch,Jacobs,,16316,active,open_food_facts,
8801043157737,AnSungTangMyun Noodle,Nongshim,"noodles 90%: wheat flour, potato starch, palm oil, rice flour, wheat gluten, salt, acidity regulators e501, e500, e339, antioxidant: e306, emulsifier e322 (contains soy), thickener: e412, seasoning agent (maltodextrin, garlic extract), gree",,reference,open_food_facts,
4823077621152,Шоколадний батон &quot;Dark Chocolate with Cocoa Fondant&quot;,Roshen,"Цукор, какао терте, глюкозно-фруктозний сироп, патока, какао-масло, олія ши, бренді, какао-порошок зі зниженим вмістом жиру, емульгатори (лецитини (містить сою), Е476), ароматизатори.",,reference,open_food_facts,
4066600941916,"Paulaner Hefeweissbier Alkoholfree 0,5l flaske",Paulaner,"Eau, malt de blé, malt d'orge, acide carbonique issu de la fermentation,  levure, houblon",,reference,open_food_facts,
4870071002113,Лимонад Holiday,,"Вода питьевая, сахар, регулятор кислотности лимонная кислота, натуральный и идентичные натуральным ароматизаторы, краситель карамельный колер, консервант бензоат натрия.",,reference,open_food_facts,
4870207314190,Живой йогурт питьевой со вкусом лесных ягод,FoodMaster,"Нормализованное молоко, сахар, стабилизатор: крахмал кукурузный, ароматическая эмульсия со вкусом лесной ягоды, закваска",,reference,open_food_facts,
4870207313289,«Живой» йогурт питьевой со вкусом клубники,FoodMaster,"Нормализованное молоко, сахар, ароматическая эмульсия со вкусом клубники (вкусоароматическая добавка, краситель: кармин), закваска.",,reference,open_food_facts,
4870207313368,Живой йогурт,FoodMaster,"TAGJAS CAK TAHBI3 WIHe Кутьнай» жемiс тоmырышы прсытан «фудМастер» йогурт, майымың массальқ үлесі 15% Курамы: калыттандырытан оу, «Кутьей тотыры (ан, потынай, турактаңырлыш: xyrepixpaan, m ouCTeprurepi, npagrauperyapua.pu, npeTreyurep: MOH",,reference,open_food_facts,
4870006540174,Ряженка,FoodMaster,,,reference,open_food_facts,
4870055000160,Кефир,Foodmaster,,,reference,open_food_facts,
4870200192173,Асем ай,,,,reference,open_food_facts,
4870055002548,Сметана Қаймақ 20%,ФудМастер,,,reference,open_food_facts,
4870071000197,Негазированная питьевая вода «Tassay»,Tassay,,,reference,open_food_facts,
4604248003515,Горчица «Русская»,Махеевъ,"Вода питьевая, порошок горчичный, сахар, масло подсолнечное рафинированное дезодорированное, регулятор кислотности уксусная кислота, соль пищевая, антиокислитель аскорбиновая кислота, консерванты: сорбат калия, бензоат натрия.",,reference,open_food_facts,
4690388111355,Lay's сыр,Lay's,"Картофель, растительные масла*, комплексная пищевая добавка [вкусоароматические вещества, порошок молочной сыворотки, соль, усилители вкуса и аромата (глутамат натрия 1-замещенный, 5'-инозинат натрия 2-замещенный, 5'-гуанилат натрия 2-замещ",,reference,open_food_facts,
4870071000230,Негазированная питьевая вода «Tassay»,Tassay,,,reference,open_food_facts,
7622201459822,Ореховая паста,Milka,"Сахар, масло подсолнечное, сыворотка сухая молочная, фундук обжаренный тертый, молоко сухое обезжиренное, какао-порошок, масло какао, эмульгатор (лецитин подсолнечный), соль, ароматизаторы. Может содержать следы арахиса, других орехов и пше",,reference,open_food_facts,
4870001157915,вода асу негаз,,,,reference,open_food_facts,
4870055002672,Молоко с витамином D3,Lactel,"молоко нормализованное, витамин D3.",,reference,open_food_facts,
5449000145932,Pico pêche,,,,reference,open_food_facts,
5449000176437,Pulpy Апельсин,Piko,,,reference,open_food_facts,
4810268031791,Греческий йогурт TEOS 2%,Савушкин,"молоко нормализованное пастеризованное, закваска, состоящая из термофильных молочнокислых стрептококков и болгарской молочнокислой палочки.
Может содержать следы глютена, ореха.",,reference,open_food_facts,
4601674085290,Томатный кетчуп,Heinz,"вода, паста томатная, сахар, уксус натуральный, соль, экстракты специй (содержат сельдерей)",,reference,open_food_facts,
4607084351389,Choco Pie — мучное кондитерское изделие в глазури (Чоко Пай),Orion,"flour from frument, sugar, water, glucose syrup, vegetable oils partetten rue de palme, sunflower oil), palm oil, lean cocoa rg e500, e503, e341, glucose, cooking gelatin, whole egg, salt powder, partly skimmed milk powder, cooking, soy lec",,reference,open_food_facts,
4600699501394,Altero Golden масло подсолнечное с добавлением оливкового,altero,масло подсолнечное рафинированное дезодорированное вымороженное; масло оливковое рафинированное,,reference,open_food_facts,
4600605033955,греческий густой йогурт,простоквашино,"Нормализованное молоко, нормализованные сливки, закваска.",,reference,open_food_facts,
4607053473544,"Молоко Простоквашино 2,5 % бут. пастеризованное 930мл",Простоквашино,"обезжиренное молоко, сливки",,reference,open_food_facts,
4650075427752,Кола,Добрый,,,reference,open_food_facts,
4600699503903,Майонез оливковый Слобода,Слабода,,,reference,open_food_facts,
4810268030367,TEOS Йогурт Греческий 2%,Савушкин,"молоко нормализованное
пастеризованное, закваска",,reference,open_food_facts,
4603934000779,Вода питьевая «Святой Источник»® /«Saint Spring»® негазированная,Saint Spring,"Сульфаты (SO4) 0,5 - 200 мг/л. Общая минерализация 0,05 - 1,0 г/л",,reference,open_food_facts,
4600699501127,Слобода для жарки и салатов,Слобода,,,reference,open_food_facts,
4601674084714,HEINZ Томатный Кетчуп,Heinz,"Вода, паста томатная, сахар, уксус натуральный, соль, экстракты специй (содержат сельдерей)",,reference,open_food_facts,
4600699503912,Майонез 67 % Провансаль 800,Слобода,"подсолнечное масло, вода, сахар 2 %, яичный желток, соль поваренная 1,2 %,
уксус, горчичное масло,",,reference,open_food_facts,
7622210309352,Oreo,Oreo,,,reference,open_food_facts,
4690388111276,лейс краб смотка большие,Lay's,,,reference,open_food_facts,
4810065006073,Молоко сгущенное цельное с сахаром ГОСТ 31688-2012,Рогачевъ,"Молоко нормализованное,
сахар (сахароза, лактоза).",,reference,open_food_facts,
4603934000742,Sparkling water,,,,reference,open_food_facts,
4600605029262,сметана простоква,,"Сливки, закваска.",,reference,open_food_facts,
4600605029280,Сметана 10%,Простоквашино,,,reference,open_food_facts,
4605246003529,Чай черный байховый цейлонский Гриндфилд Голден Цейлон (Greenfield Golden Ceylon) в пакетиках для разовой заварки,Greenfield,,,reference,open_food_facts,
4605829006044,Хлеб пшеничный,Harrys,"Мука пшеничная хлебопекарная высшего сорта, вода, сахар, масло рапсовое рафинированное дезодорированное (R)*, масло подсолнечное рафинированное дезодорированное (S)*, улучшитель хлебопекарный [эмульгатор (моно - и диглицериды жирных кислот)",,reference,open_food_facts,
4607084351352,Choco-Pie,ORION,"мука пшеничная общего назначения тип
М55-23, сахар, вода питьевая, патока, жир специального назначения (рафинированные дезодорированные растительные масла
(пальмовое, пальмоядровое, масло ши), эмульгаторы (лецитин соевый, сорбитан тристеа",,reference,open_food_facts,
4640017350532,"Молоко питьевое ультрапастеризованное 3,2 %",Село Зелёное,"молоко цельное, молоко обезжиренное",,reference,open_food_facts,
4603934000788,Вода питьевая &quot;Святой Источник&quot; негазированная,Святой Источник,,,reference,open_food_facts,
4607035892374,Томатная паста,помидорка,Томатная паста,,reference,open_food_facts,
4600494696763,актив цитрус смотка,Aqua Minerale,,,reference,open_food_facts,
7622210734363,Печенье витаминизированное молочное с глазурью «Юбилейное»,Юбилейное,,,reference,open_food_facts,
4602481809152,Green milk almond,Green milk,,,reference,open_food_facts,
4600605033043,АктиБио с пробиотиками и злаками,АктиБио,"Нормализованное молоко, восстановленное молоко из сухого молока, наполнитель (вода, сахар, мюсли (пшеница, овес), ржаные отруби, концентрированный сок яблока, ароматизатор натуральный, сок лимона концентрированный, кукурузный крахмал), саха",,reference,open_food_facts,
4607004891371,Сыр творожный сливочный,Hochland,"Творог (молоко, сливки, бактериальная закваска молочнокислых микроорганизмов (L. lactis), фермент микробного происхождения), сыры мягкие, молоко сухое обезжиренное, соль, комплексная пищевая добавка (стабилизаторы камедь рожкового дерева и ",,reference,open_food_facts,
4601662000010,"Молоко ультрапастеризованное 3,5 %",Parmalat,молоко нормализованное,,reference,open_food_facts,
4607065000794,Драже M&M с арахисом и молочным шоколадом,Mars,,,reference,open_food_facts,
4690329014073,Молочный шоколад Babyfox,Babyfox,"Сахар, молоко сухое цельное, масло какао, какао тертое, молоко сухое обезжиренное, жир молочный, эмульгаторы: соевый лецитин, Е476; ароматизатор; начинка (сахар, масло растительное (содержит антиокислитель - концентрат смеси токоферолов) мо",,reference,open_food_facts,
4601662006166,молоко безлактозное parmalat comfort,parmalat,"Нормализованное молоко. Пищевая ценность в 100 г продукта: Жира .. 1,8г Белка ....3,0г ....... , Углеводов..... 4,7 из которых лактозы 0.01 Энергетическая ценность (калорийность)........... 197 кДж /47 ккал Хранить при температуре от +2°С д",,reference,open_food_facts,
4603934000973,святой-источник,Святой источник,"Вода питьевая, сахар, ароматизаторы, концентрированный лимонный сок, регуляторы кислотности кислота лимонная, цитрат натрия, консерванты сорбат калия и бензоат натрия, подсластитель сукралоза, сахар, подсластитель",,reference,open_food_facts,
4607024590692,Хлебцы цельнозерные,Хлебцы Молодцы,,,reference,open_food_facts,
7622210457747,Печенье &quot;Юбилейное&quot; традиционное,Mondeléz,"мука пшеничная, сахар, масла растительные (рапсовое, пальмовое), вода, крахмал кукурузный, сироп глюкозно-фруктозный или сироп инвертный (сахар, вода, регулятор кислотности (кислота лимонная)), разрыхлители (гидрокарбонат натрия, гидрокарбо",,reference,open_food_facts,
4605490000219,Вода питьевая,Шишкин лес,,,reference,open_food_facts,
4607001771757,MONARCH,,MACCA HETTO: 190г КОФЕ НАТУРАЛЬНЫЙ РАСТВОРИМЫЙ СУБЛИМИРОВАННЫЙ MONARCH ORIGINAL (MОНАРХ ОРИДЖИНАЛ).,,reference,open_food_facts,
4600494693331,Agua aqua minerale без газа смотка на витрине,,"ь
1
Е 1910551800898 &gt;
, и УНЕЛИЕ ЛИНАРНОЕ НВИП
№. ООО ЧАСОВ МАССАНЕТО: а
МИ ЕЕ: ЕЕ ЕЕ
и ЕЕ См
И ЕЕ ЕЕ `
Н и. Е писиике и. © `
р ев х
о еЕЫЫы
ато чаек
Рори пакт ре Ты т 4
| Еее 3
Ре |
у И а с 3
, ЕЕ
зов. 29, 197 а т
| ра пе
| | от тт ие Е",,reference,open_food_facts,
7622201695983,альпен голд фундук и изюм,Alpen Gold,"Сахар, изюм, какао тёртое, масло какао, _сыворотка сухая молочная_, _молоко сухое цельное_, _фундук обжаренный дроблённый_, _жир молочный_, _молоко сухое обезжиренное_, эмульгаторы (_лецитин соевый_, E476), ароматизатор.",,reference,open_food_facts,
4603290004824,Печенье затяжное со сливочным кремом,Яшкино,,,reference,open_food_facts,
4607053473535,Молоко Простоквашино отборное пастеризованное бут,Простоквашино,цельное молоко,,reference,open_food_facts,
4602112100391,Геркулес традиционный,Русский продукт,овсяные хлопья,,reference,open_food_facts,
4607065712127,Crisp buckweat bread,dr-korner,"курпа гречневая ядрица, смесь витаминно-минеральная «Колосок-1» (В1, В2, В6, РР, фолиевая кислота, железо).",,reference,open_food_facts,
5000159390727,твикс экстра,Twix,"Молочный шоколад (общий сухой остаток какао не менее 25%, сухой молочный остаток не менее 20%): сахар, какао масло, какао тертое, лактоза, сухое цельное молоко, сухая молочная сыворотка, молочный жир, эмульгатор (соевый лецитин), ароматизат",,reference,open_food_facts,
4600819351685,Хлопья Овсяные #2,ясно-солнышко,"Хлопья овсяные, требующие варки. Продукт содержит глютен.",,reference,open_food_facts,
4600494694206,Adrenaline Rush,Adrenaline,"ВОДА, САХАР, РЕГУЛЯТОРЫ КИСЛОТНОСТИ (ЛИМОННАЯ КИСЛОТА ЦИТРАТ НАТРИЯ З-ЗАМЕЩЕННЫЙ, ОРТО-ФОСФАТ КАЛИЯ 1-ЗАМЕЩЕННЫЙ ТАУРИН, L-КАРНИТИН, АРОМАТИЗАТОРЫ, АНТИОКИСЛИТЕЛЬ АСКОРБИНОВАЯ КИСЛОТА, СТАБИЛИЗАТОРЫ (ГУММИАРАБИК, ЭФИРЫ ГЛИЦЕРИНА И СМОЛЯНЫ К",,reference,open_food_facts,
4660085515169,Сникерс супер,SNICKERS,"shakar, kakao yog'i, sut, laktoza,",,reference,open_food_facts,
4690228010329,"Молоко 2,5",Домик в деревне,,,reference,open_food_facts,
4600699502199,майонез оливковый слобода зелёный маленький,Слобода,"Подсолнечное и оливковое масла, вода, сахар, яичный желток, соль поваренная, лимонный сок, уксус, горчичное масло.",,reference,open_food_facts,
4607041131751,Соус соевый классический,Sen Soy,"вода, соевые бобы, пшеница, соль, сахар, бензоат натрия E211",,reference,open_food_facts,
4607084351325,Biscuit Choco Boy Orion 45G Corée,Orion,"ГЛАЗУРЬ КОНДИТЕРСКАЯ (САХАР, ЗАМЕНИТЕЛИ МАСЛА КАКАО НЕТЕМПЕРИРУЕМЫЕ ЛАУРИНОВОГО ТИПА (РАФИНИРОВАННОЕ ДЕЗОДОРИРОВАННОЕ ПАЛЬМОЯДРОВОЕ МАСЛО, ЭМУЛЬГАТОРЫ (ЛЕЦИТИН СОЕВЫЙ, СОРБИТАН ТРИСТЕАРАТ)), МОЛОКО СУХОЕ ЦЕЛЬНОЕ, МОЛОКО СУХОЕ ОБЕЗЖИРЕННОЕ, ",,reference,open_food_facts,
4600494600465,Зеленый Чай,Lipton,,,reference,open_food_facts,
4607015490017,Минеральная вода,Карачинская,,,reference,open_food_facts,
4607016245487,Гречневая крупа,Увелка,Крупа гречневая,,reference,open_food_facts,
4601674084750,Кетчуп Для Гриля И Шашлыка,Heinz,"NZ 1869 ФИЛЯ МЫКА УП ЛЬНЫЕ нты це томаты, Опыт и, что делает етчупа ым. 8 КЕТЧУП ДЛЯ ГРИЛЯ И ШАШЛЫКА ХАЙНЦ 26 г. Состав: вода, паста томатная, сахар, уксус спирковой, соль, ароматизаторы натуральные, экстракты специй (содержат экстракты сел",,reference,open_food_facts,
4660043858781,Сырок в молочном шоколаде с ванилью,РОСТАГРОКОМПЛЕКС,"Творог, сахар, шоколад молочный (сахар, какао-масло, сухое цельное молоко, какао тертое, эмульгатор - лецитины (соевый лецитин), ароматизатор натуральный: ваниль), сливочное масло, экстракт ванили.",,reference,open_food_facts,
4610007391061,Мюсли с бананом и шоколадом,Matti,,,reference,open_food_facts,
4011100091997,Milky Way,Milky Way,,,reference,open_food_facts,
4600823122150,шоколад элитный 75%,бабаевский,"Какао тёртое, сахар, какао-порошок, масло какао, эмульгаторы: _лецитин соевый_, Е476, ароматизатор «Ваниль»,",,reference,open_food_facts,
4605246006003,&quot;kenyan Sunrise&quot; Black Tea,ri,,,reference,open_food_facts,
4680046729934,Snaqer Арахис и карамель,Snaq Fabriq,"Арахис, водорастворимые волокна кукурузы, олигофруктоза (пищевые волокна), молочный шоколад (водорастворимые волокна кукурузы, масло какао, какао тёртое, молоко сухое обезжиренное, эмульгатор (соевый лецитин), ароматизаторы натуральные, под",,reference,open_food_facts,
4810268023376,йогурт,Савушкин,"изготовлен из творога (молоко обезжиренное пастеризованное с использованием закваски), сливок пастеризованных, вкусового наполнителя «Кокос - миндаль» (сахар, вода; миндаль, кокос; стабилизаторы - дикрахмалфосфат оксипропилированный, карраг",,reference,open_food_facts,
7622201695956,Шоколад молочный [Alpen Gold] с фундуком,Alpen Gold,,,reference,open_food_facts,
7622201695929,Шоколад молочный,Alpen Gold,"Сахар, какао тертое, масло какао, сыворотка сухая МОЛОЧНАЯ, МОЛОКО сухое цельное, жир МОЛОЧНЫЙ, МОЛОКО сухое обезжиренное, эмульгаторы Слецитин СОЕВЫЙ, Е476), ароматизатор.",,reference,open_food_facts,
7622210504221,TUC pizza,Tuc,"Cостав: мука пшеничная, масла растительные, Бода, сироп глюкозно-фруктозный, ароматизатор «Пицца» (ароматизаторы, соль, сыворотка сухая молочная, усилители вкуса и аромата (E 621, E 631, Е 627), веществ0 для обработки муки (хлорид аммония),",,reference,open_food_facts,
4610003252676,Кукурузные хлопья,Любятово,,,reference,open_food_facts,
4605246009198,4605246009198,,,,reference,open_food_facts,
4610003253019,Шарики шоколадные,Любятово,"Крупа кукурузная, крупа пшеничная, сахар, мука пшеничная, какао-порошок, патока, соль, шоколад-порошок (сахар, какао тёртое, эмульгатор: лецитин соевый), стабилизатор: карбонат кальция, ароматизатор.",,reference,open_food_facts,
7622201700647,ALPEN GOLD,Alpen Gold,,,reference,open_food_facts,
7622202048322,Шоколад Молочный,Milka,"Сахар, масло какао, какао тертое, МОЛОКО сухое цельное, сыворотка сухая МОЛОЧНАЯ, МОЛОКО сухое обезжиренное, жир МОЛОЧНЫЙ, эмульгаторы (лецитин СОЕВЫЙ, Е476), ФУНДУК обжаренный тертый, ароматизатор. МОЖЕТ СОДЕРЖАТЬ СЛЕДЫ ДРУГИХ ОРЕХОВ И ПШЕ",,reference,open_food_facts,
4680001220025,Подсолнечное масло рафинированное дезодорированное,Золотая семечка,,,reference,open_food_facts,
4014400400005,Toffifee 15er,Storck,"Zucker, pflanzliche Fette (Palm, Shea), Haselnüsse, Glukosesirup, Magermilchpulver, Sorbitsirup, Kakaomasse, kondensierte Magermilch, kondensierte Süßmolke, Milchzucker, magerer Kakao, Kakaobutter, Butterreinfett, Rohrzuckersirup, Molkenerz",,reference,open_food_facts,
4607042434886,Сок томатный с солью,Добрый,"Томатный сок, соль.",,reference,open_food_facts,
4607044554607,Печенье затяжное Кременкульское «Сливочное»,,"мука пшеничная в/с, сахар, вода питьевая, жир кондитерский (рафинированные дезодорированные растительные масла в натуральном и модифицированном виде, в том числе соевое), крахмал кукурузный, разрыхлители (карбонаты аммония, гидрокарбонат на",,reference,open_food_facts,
4670010850450,Вода,БАЙКАЛ,,,reference,open_food_facts,
4810168035781,Антарктик-криль классический,Санта Бремор,"масло растительное, мясо антарктического криля* вареное, вода питьевая, сахар, крахмал картофельный, соль, яичный желток, сухое обезжиренное молоко, ароматизаторы, регуляторы кислотности: уксусная кислота ледяная, молочная, яблочная, лимонн",,reference,open_food_facts,
4602441009905,Кола,Черноголовка,"ВОДА, САХАР (S) ИЛИ САХАР И СИРОП ГЛЮКОЗНО-ФРУКТОЗНЫЙ (G), РЕГУЛЯТОР КИСЛОТНОСТИ КИСЛОТА ОРТО-ФОСФОР - НАЯ, КРАСИТЕЛЬ САХАРНЫЙ КОЛЕР IV, АРОМАТИЗАТОРЫ, КОНСЕРВАНТ БЕНЗОАТ НАТРИЯ, КОФЕИН (НЕ БОЛЕЕ 150 МГ/Л). ПИЩЕВАЯ ЦЕННОСТЬ НА 100 МЛ НАПИТК",,reference,open_food_facts,
4607065580078,Doshirak boeuf,,,,reference,open_food_facts,
4600699002200,Томатный кетчуп Слобода,,,,reference,open_food_facts,
4604248020734,Томатный кетчуп с натуральными специями,Махеевъ,"вода питьевая,  томатная паста, сахар, загуститель E1422, соль пищевая, перец красный молотый, уксусная кислота, молочная кислота, аскорбиновая кислота, сорбат калия, бензоат натрия",,reference,open_food_facts,
4650075427798,Добрый cola,Мултон партнерс,,,reference,open_food_facts,
4601780002569,Мука пшеничная хлебопекарная высший сорт,Макфа,Мука пшеничная хлебопекарная высший сорт,,reference,open_food_facts,
4607012351009,Sonnenblumenkerne Ot Martina Geröstet,,,,reference,open_food_facts,
4690228034189,Сметана 15%,Домик в деревне,,,reference,open_food_facts,
4690228027152,"Деревенское молочко бутылка 2,5",Домик в деревне,,,reference,open_food_facts,
4600605029341,Творог 2%,Простоквашино,Нормализованное молоко,,reference,open_food_facts,
4011100977952,Твикс,Марс,,,reference,open_food_facts,
4607016245469,пшеничная крупа,Уьелка,Weizen,,reference,open_food_facts,
4607025399814,Напиток сывороточно-молочный &quot;персик-маракуйя&quot;,Мажитэль,"Сыворотка молочная восстановленная, вода, сахарный сироп, глюкозно-фруктозный сироп, концентрированный яблочный сок, молоко обезжиренное восстановленное, концентрированное персиковое пюре, концентрированный сок из маракуйи, стабилизатор - п",,reference,open_food_facts,
4600433600321,Талая вода (негазированная),Пилигрим,"Скважина № 1-НЕ Нижнеермоловского участка (село Нижняя Ермоловка, 2-Скважина № 4-НЕ Нижнеермоловского Карачаево-Черкесская Республика); участка (село Нижняя Ермоловка, Карачаево-Черкесская Республика).",,reference,open_food_facts,
4680001220043,Масло подсолнечное рафинированное дезодорированное,Золотая семечка,,,reference,open_food_facts,
4650075429769,Кола без сахара,Добрый,"Очищенная вода, краситель сахарный колер IV, регуляторы кислотности (орто-фосфорная кислота, цитрат натрия 3-замещенный), подсластители (ацесульфам калия, аспартам, натриевая соль цикламовой кислоты), натуральный ароматизатор, кофеин (менее",,reference,open_food_facts,
4601985002805,АРАБИКА кофе натуральный растворимый сублимированный,Арабика,Кофе,,reference,open_food_facts,
4605246001974,Принцесса Нури высокогорный чёрный чай,Noori,,,reference,open_food_facts,
4600433602213,Вода минеральная природная столовая питьевая &quot;Пилигрим&quot; газированная,Пилигрим,"Основной состав, мг/л: Гидрокарбонаты НСО 30-160 Хлориды CL 3-30 Сульфаты s02 3-40 Кальций Ca2+ 10-100 Магний Mg2+ 0,5-20 Натрий Nat 2-50 Калий к+ 0,1-10",,reference,open_food_facts,
4600605033900,Йогурт густой греческий,Простоквашино,"Нормализованное молоко, нормализованные сливки, закваска. Может содержать следы глютена.",,reference,open_food_facts,
7622210742025,Печенье Утреннее С Йогуртовой Начинкой,Belvita,"Злаковые (мука ПШЕНИЧНАЯ, цельные злаки (хлопья ОВСЯНЫЕ, мука цельнозерновая РЖАНАЯ, отруби ПШЕНИЧНЫЕ)), сахар, масла растительные (рапсовое, пальмовое), крахмал кукурузный, вода, сыворотка сухая МОЛОЧНАЯ, разрыхлители (гидрокарбонат аммони",,reference,open_food_facts,
8717644144628,clear,,,,reference,open_food_facts,
4620017453145,Тараллини с томатом и ароматными травами,Nina Farina,"Cостав: мука пшеничная в/с, масло подсолнечное высокоолеиновое рафинированное дезодорированное, паста томатная, соль, спирт этиловый ректификованный из пищевого сырья, базилик сушеный, орегано сушеный, перец красный,",,reference,open_food_facts,
4601512005299,Сок апельсиновый с мякотью,J7,Сок апельсиновый,,reference,open_food_facts,
4610169567173,Бомбар фисташковый пломбир,Bombbar,,,reference,open_food_facts,
4690388111197,лейс зелёный лук,Lay's,,,reference,open_food_facts,
4605246005943,"Tess Pleasure Black Tea, Rosesip, Apple",,,,reference,open_food_facts,
4607115352097,"Лебедянь Молоко 3,2%",ООО &quot;Лебедяньмолоко&quot;,"Цельное молоко, обезжиренное молоко",,reference,open_food_facts,
4607051158261,13.02.26 L38A,CURTIS,"Цейлонский черный листовой чай, ароматизатор лимон, цедра цитрусовых, лемонграсс, лепестки подсолнечника, лепестки календулы.",,reference,open_food_facts,
4600699506797,Масло подсолнечное с добавлением оливкового масла,Слобода,,,reference,open_food_facts,
4630024630776,Соус чили,,,,reference,open_food_facts,
7622201777223,Молочный шоколад,,,,reference,open_food_facts,
4605496023355,Биг Бон wok острая говядина в соусе по китайски,Big Bon,"Лапша (мука пшеничная в/с, масло растительное, крахмал кукурузный (содержит сульфиты) и тапиоковый, вода питьевая, соль, загуститель гуаровая камедь, стабилизатор карбонат калия, разрыхлитель гидрокарбонат натрия, усилитель вкуса и аромата ",,reference,open_food_facts,
4600494687279,эвервес кола без сахара смотка 1 литр,Evervess,"Вода, краситель E150d, регулятор кислотности E338, ароматизаторы, ароматизатор с кофеином, стабилизатор Е414; подсластители (Е950, E951, E952, Е954). Содержит подсластители. Содержит источник фенилаланина. Пищевая ценность на 100 мл (средни",,reference,open_food_facts,
4600680034544,Горький шоколад,«Россия» — Щедрая Душа!,,,reference,open_food_facts,
4606419025193,сыр творожный,экомилк,,,reference,open_food_facts,
4610274540061,Scandic Strawberry Mints,Scandic,"Подсластители (сорбит, ксилит, сукралоза), регулятор кислотности лимонная кислота, сухие измельченные ягоды клубники, эмульгатор стеарат кальция, ароматизаторы.",,reference,open_food_facts,
4600605029271,Сметана 15%,Простоквашино,"Сливки нормализованные, заквасочные микроорганизмы.",,reference,open_food_facts,
4603290003038,Французский крекер с кунжутом,Яшкино,"Мука пшеничная, жир кондитерский (растительные масла, в том числе соевое, эмульгаторы:  моно - и диглицериды жирных кислот, соевый лецитин; ароматизатор, краситель: бета-каротин; антиокислители: аскорбиновая кислота, концентрат смеси токофе",,reference,open_food_facts,
5000159439488,лесной орех 🌰 сникерс,Марс,"молочный шоколад (сахар, какао масло, какао тертое, сухое цельное молоко (W) или сухое обезжиренное молоко (R), лактоза, молочный жир, эмульгатор (соевый лецитин), ароматизатор (ванилин)); глюкозный сироп (кукурузный, пшеничный), арахис, са",,reference,open_food_facts,
4607005090128,Соль йодированная сорт Экстра,ЗАО ТДС,,,reference,open_food_facts,
4600819311058,Хлопья овсяные,Ясно солнышко,,,reference,open_food_facts,
4607004890150,плавленый сыр,hochland,"Сыры полутвердые, масло сливочное, молоко сухое обезжиренное, концентрат молочного белка, эмульгаторы е331, е339, е450, лимонная кислота, соль пищевая, низин, вода питьевая.",,reference,open_food_facts,
4607004891690,Сыр творожный Hochland сливочный,Hochland,,,reference,open_food_facts,
4607065714116,Dr.Korner кукурузно-рисовые хлебцы &quot;Прованские травы&quot;,Dr. Körner,"Кукуруза лопающаяся жёлтая для приготовления попкорна, крупа кукурузная, крупа рисовая: рис шлифованный, пряности «Прованские травы», соль йодированная",,reference,open_food_facts,
4605246006270,jardin,Jardin,,,reference,open_food_facts,
4607011267800,Любимое овсяное с добавлением шоколадных кусочков,Посиделкино,"№
м. жк _ м че - . не. .
ЗА 57 . —* т
к , } у, И у
№ №: 4 Н у
@&7) Печенье овсяное «Овсяное» с добавлением
шоколадных кусочков.
` (хак мука пшеничная, сахар, мука овсяная, вода питьевая, масло растительное
`  мфинизованное дезодорированное,",,reference,open_food_facts,
4607015232671,Яшкино вафли с варёной сгущёнкой,Яшкино,"Мука пшеничная хлебопекарная, сахар, масла растительные, сыворотка молочная сухая, какао-порошок, начинка «Сгущенка вареная» (сахар, вода, заменитель молочного жира (масла растительные, антиокислители: Е304, альфа-Токоферол), сыворотка моло",,reference,open_food_facts,
4607035653270,Вафельные рулетики &quot;Яшкино&quot; со вкусом сгущённого молока,Yashkino,"Мука пшеничная в/с, сахар, масла растительные, крахмал кукурузный, эмульгатор: лецитин соевый; антиокислитель: Е306; соль, ароматизатор, краситель: Е160b. Может содержать диоксид серы. Пищевая ценность в 100 г продукта (средние значения): б",,reference,open_food_facts,
4602112502331,Геркулес Монастырский,Русский продукт,Овсяные хлопья,,reference,open_food_facts,
4602547000888,Молоко,Пискарёвское,"молоко цельное, молоко обезжиренное",,reference,open_food_facts,
4600605019353,Йогурт с шариками в шоколаде,Даниссимо,"ЙОГРт«ДАНИССИМО ФАНТАЗИЯ», С МАССОВОЙ ДОЛЕЙ ЖИРА 6,9 % И ХРУСТЯЩИЕ ШАРИКИ В ШОКОЛАДЕ in ЙОГУРТ: Состав: нормализованное молоко, восстановленное молоко из сухого молока, сахар, йогуртовая закваска. Пищевая ценность на 100 г. жира - 6,9 г; бе",,reference,open_food_facts,
4602041005196,кукурузные палочки кузя большие коробка в загашнике,Кузя Лакомкин,"крупа кукурузная, сахарная пудра, масло растительное подсолнечное, соль, натуральный ароматизатор",,reference,open_food_facts,
4690388050531,Чипсы со вкусом сметаны и зелени,Lay's,"картофель, растительное масло, ароматизатор(соль, лук, петрушка), сахар, глутамат натрия, инозинат натрия, e627, лимонная кислота, e262.
содержит: соя, рыба, ракообразные, горчица",,reference,open_food_facts,
4607015232583,ЯШКИНО ВАФЛИ СЛИВОЧНЫЕ,Яшкино,"Мука пшеничная хлебопекарная, сахар, масла растительные, сыворотка молочная сухая, крахмал кукурузный, соль, разрыхлители: гидрокарбонат аммония, гидрокарбонат натрия; ароматизаторы, эмульгатор: лецитин соевый; антиокислитель: концентрат см",,reference,open_food_facts,
4602441014077,Черноголовка лимонад,Черноголовка,"Сок яблока концентрированный, регуляторы кислотности кислота лимонная, нитрат натрия, бензонат натрия",,reference,open_food_facts,
4810268033267,Сыр полутвердый «Брест-Литовск классический» массовой долей жира в сухом веществе 45%,Брест-Литовск,"молоко коровье нормализованное пастеризованное, закваска на основе молочнокислых мезофильных и термофильных бактерий, соль, консервант нитрат натрия, краситель аннато, уплотнитель хлорид кальция, ферментный препарат животного происхождения:",,reference,open_food_facts,
4607048836688,Чипсы картофельные &quot;Naturals&quot; классические с солью,Lorenz,"Картофель, масло подсолнечное, соль, соль морская.",,reference,open_food_facts,
4607065730105,Snickers «Белый»,Snickers,"Белый шоколад (сахар, какао масло, сухое цельное молоко, лактоза, эмульгатор (соевый лецитин), ароматизатор (ванилин)); глюкозный сироп (кукурузный, пшеничный), арахис, сахар, масло пальмовое рафинированное дезодорированное, сухое обезжирен",,reference,open_food_facts,
4607041133050,Классический Соевый Соус,Sen Soy,"Вода, соевые бобы, пшеница, соль, сахар.",,reference,open_food_facts,
4607163091586,сок яблочно-персиковый с мякотью восстановленный,Сады Придонья,"яблочный сок, персиковое пюре",,reference,open_food_facts,
4604248020743,Кетчуп Чили,Махеев,"Вода питьевая, Томатная паста, Сахар, Загуститель E1422, Соль пищевая, Сушеные: Перец сладкий зеленый, Перец красный чили дробленый, Лук репчатый, Чеснок, Регуляторы кислотности: Уксусная и молочная кислоты, Антиокислитель аскорбиновая кисл",,reference,open_food_facts,
4600068052971,Cool cola zero,Очаково,"Вода подготовленная, краситель сахарный колер IV, регуляторы кислотности ортофосфорная кислота, лимонная кислота, подсластители (цикламат натрия, ацесульфам калия, сукралоза, сахаринат натрия), натуральные ароматизаторы, кофеин (менее 150 м",,reference,open_food_facts,
4620007592409,Чёрная карта,jhj,,,reference,open_food_facts,
4670149301003,Сырок БЮ Александров,,"Творог, молочный шоколад (сахар, сухое цельное молоко, масло какао, какао тёртое, эмульгатор: лецитины (соевый лецитин), ароматизатор: ванилин), сахар, масло сливочное, молоко сгущённое с сахаром варёное (нормализованное молоко, сахар (саха",,reference,open_food_facts,
4600605029314,Простоквашино творог 5%,Простоквашино,"молоко нормализованное, закваска",,reference,open_food_facts,
4610169567119,Батончик неглазированный со вкусом «Малиновый чизкейк»,Bombbar,"Белковая смесь (концентрат сывороточного белка, концентрат молочного белка), водорастворимые волокна кукурузы, вода, малина, масло растительное, агент влагоудерживающий (глицерин), подсластитель (сорбит), соль, ароматизаторы натуральные, ре",,reference,open_food_facts,
4602048004099,молочко,Му-у,"молоко цельное,
молоко обезжиренное.",,reference,open_food_facts,
4607163095829,сок мой ананас,Мой,,,reference,open_food_facts,
4810268035265,Сыр Российский,Брест-Литовск,"молоко коровье нормализованное пастеризованное, закваска на основе молочнокислых мезофильных и термофильных бактерий, соль поваренная пищевая выварочная (содержит агент антислеживающий ферроцианид калия), консервант нитрат натрия, краситель",,reference,open_food_facts,
4680019560858,Сок томат с солью с мякотью,Сады придонья,"Томатный сок, соль.",,reference,open_food_facts,
4605142046194,Тёмный шоколад с тонкоизмельчёнными добавлениями &quot;Особый&quot;,Кондитерская фабрика им. Н.К Крупской,,,reference,open_food_facts,
7622202209996,Choco cookie,Milka,,,reference,open_food_facts,
4640103525288,Kerlli,,,,reference,open_food_facts,
4604248014575,Трубочки Хрустящие Со Вкусом Сгущенного Молока,Essen,"Мука пшеничная, сахар, масла растительные (пальмовое, подсолнечное, соевое), сыворотка молочная сухая, мука кукурузная, мука рисовая, соль, эмульгатор лецитины, ароматизатор, антиокислители (аскорбилпальмитат; токоферолы, концентрат смеси)",,reference,open_food_facts,
4650243871822,Gorilla energy mango coconut,Gorilla,,,reference,open_food_facts,
4610169567298,Low-calorie cookie - Chocolate brownie,Bombbar,,,reference,open_food_facts,
4602441015580,Черноголовка Газированная,Черноголовка,Вода газированная,,reference,open_food_facts,
4607084352315,Чоко пай,,,,reference,open_food_facts,
4780069000156,Coca-Cola Classic,Coca-Cola,,,reference,open_food_facts,
4780069000147,Coca Cola,Cola,"6 6 (100 ml): kal/176 kJ 9 ig 9 HARORATDA, QURUQ VA DA ISTE'MOL QILING. COCA-COLA ICHIMLIGI TINTOPGAN KO'CH., 40, NOD-S) SAMARQAND DISMIDA KO'RSATIL 4 780069 000147 MENI QAYTA ISHLA",,reference,open_food_facts,
4780022620177,Pepsi,Pepsi,,,reference,open_food_facts,
4600068058054,MOJITO FRESH,OCHAKOVO,"20 UZ HAJMI 0,45 L стиспользованием натурального сырь анки аличие) пищевой ель АО МПБК МПБК «ОЧАКОВО» продукции АО МЛБАС ОЧАКОВО», сертифицирована по ИСО 9001 и ИСО 22000 «ОЧАКОВО» *121471 РФ г. Москва, ул. Рябиновая, д. 44 Адрес производст",,reference,open_food_facts,
4780101733774,4780101733774,,,,reference,open_food_facts,
4780069000138,Coca Cola,Coco cola,,,reference,open_food_facts,
8714599107517,jacobs,Jacobs,,,reference,open_food_facts,
4604248003320,4604248003326,,,,reference,open_food_facts,
4780022621325,4780022621327,,,,reference,open_food_facts,
0013546525773,Mega Mass,new formula,,,reference,open_food_facts,
4780069000192,Fanta,Fanta,,,reference,open_food_facts,
4780069000183,Fanta 1.0,Fanta,,,reference,open_food_facts,
4780040770032,квас,,,,reference,open_food_facts,
4780069001021,Coca Cola 2.5,Coke,,,reference,open_food_facts,
4780069000323,ali,kokchoy,,,reference,open_food_facts,
5000174184174,head s shoulders,yguuf,,,reference,open_food_facts,
4780064380136,B-strong protein bar,,"08 NON MO LUTEN FREE GUATING FREE Concentrates ents: Protein 34% (whey protein concentrate, milk protein concentrate), corn syrup, coconut oil, water, sugar, nuts (peanut butter, almond), naturs Best before date: not more than 12 months fro",,reference,open_food_facts,
4780044573002,Ark tea 1.25,,,,reference,open_food_facts,
4780068020047,flesh,flash,,,reference,open_food_facts,
8714599107492,jacabs,,,,reference,open_food_facts,
4780042470507,Santal,,,,reference,open_food_facts,
4780101733783,Montella Daily ichimlik suvi,Montella,"Calcium, Magnium, Hydrogen carbonate, sulphate, chlorine, water",,reference,open_food_facts,
4780030391544,Nestle,krember,,,reference,open_food_facts,
4600680016779,shokolat,Nestlé,,,reference,open_food_facts,
4780022620159,Pepsi,pepsi,"gada bolgan haroratda, qopqog' pigo Coan +25% saqlash mumkin. bolitesd/-/1-Toshkent shahri, Sirgʻali tumani, Qumariq 7-tor ko'cha, Qumariq MFY, enbowlitasi Toshkent shahri, Sirgʻali tumani, Qumariq 7-tor ko'cha, Qumariq MFY, shlab chiqarilg",,reference,open_food_facts,
4780069000235,4780069000239,,,,reference,open_food_facts,
4780080130805,Sour Cream,PureMilky,,,reference,open_food_facts,
4607004890187,хохланд грибной,,"сыры ,сливочное масло ,концентрат молочного белка ,Е331,Е339,Е450,Е452,консервант низин ,ароматизатор",,reference,open_food_facts,
8690515118301,Tofita,,"საღეჭი კამფეტი “ტოფიტა&quot; ხილის წვენმა და მარშებს არი}}} , | შ ,მ, ინგრედიენტები: შაქარი (55%), გლუკოზის სიროფი, მცენარეული გლის გეში, ჩართული, ლიმონმჟავა, ცხოველური წარმოშრგის მელარა), მარქ30 63500 ვერტიკ მჟავების მონო და დიგლიცერიდები,",,reference,open_food_facts,
4780032050368,Сок Мультифрукт 1л,,,,reference,open_food_facts,
4600680023487,Kasha,Nestlé,Hood,,reference,open_food_facts,
4780029511683,Strobar,,,,reference,open_food_facts,
4601916007743,Протеиновая,Мистраль,,,reference,open_food_facts,
4780099470185,Peanut Butter,Ermak,,,reference,open_food_facts,
4780033020531,chococream,N.Medov,,,reference,open_food_facts,
4680017920649,Молоко ультрапастеризованное 1.5%,Эконива,,,reference,open_food_facts,
4870206415605,Danone живой йогурт банан,Danone,,,reference,open_food_facts,
4780104701475,Greek Yogurt,Dobroe,,,reference,open_food_facts,
4780080130692,Cottage Cheese 5%,PureMilky,,,reference,open_food_facts,
4780101732100,Аис теа лисные ягоды  чёрный чай,,,,reference,open_food_facts,
4780042470011,Lactel 2 foiz 1 letr,Lactel,,,reference,open_food_facts,
9789943221077,What's the weather like?,umid,,,reference,open_food_facts,
4780042470552,4780042470554,,,,reference,open_food_facts,
4780036863399,tomato ketchup,tanho,"04.04.24 Tanhe КЕТЧУП ОСТРЫЙ UZ «Tanho» o'tkir ketchupi. Tarkibi: ichimlik suvi, tomat pastasi, shakar, tabiiy uksus, osh tuzi, konservantlar, qalinlashtiruvchi tarkiblar va tabiiy ziravorlar. GENETIK O'ZGARTIRILGAN MAHSULOTLARDAN FOYDALANI",,reference,open_food_facts,
7622201448604,Trident,Trident,,,reference,open_food_facts,
4780042470206,Молоко ультрапастеризованное Lactel sutim 1% (Узбекистан),Lactel (Lactalis),Молоко коровье нормализованное,,reference,open_food_facts,
4605627008567,4605627008567,,,,reference,open_food_facts,
4620001311237,Напиток безалкогольный среднегазированный,Laimon Fresh,"ВОДА ОЧИЩЕННАЯ, САХАР, КОНЦЕНТРИРОВАННЫЕ СОКИ (ЯБЛОЧНЫЙ, ЛАЙМА), НАТУРАЛЬНЫЙ АРОМАТИЗАТОР (НАТУРАЛЬНЫЕ ВКУСОАРОМАТИЧЕСКИЕ ВЕЩЕСТВА, ВКУСОАРОМАТИЧЕСКИЕ ПРЕПАРАТЫ, МАСЛА: ЛИМОНА, ЛАЙМА, МЯТЫ).",,reference,open_food_facts,
4780099360161,Jesco Kids,,Based on Plant Raw Materials With Peach Flavor,,reference,open_food_facts,
4780030391720,Печенье с маршмеллоу Ole,Krember,,,reference,open_food_facts,
4780021900030,Tomat,Ittfoq,,,reference,open_food_facts,
4780101733792,Montella Daily,,,,reference,open_food_facts,
7622210210915,Alpen gold max fun,Mondelez,,,reference,open_food_facts,
4600680005621,rice porridge,Nestlé,,,reference,open_food_facts,
6941335402937,diyorbek,,,,reference,open_food_facts,
8714599103399,JACOBS,,"UZ JACOBS 1-DA3 MONARCH ERUVCHANA kibi: sh ciyomi eruvchan sublimatsiyalangan qahva, kokos o'simlik yog'i, stabilizatorlar (E3401 (E471, E481), qumoqlar hosil bo'lishiga qarshi modda (E551). TARKIBIDA SUT OQSILI MAVJUD: 160 g-ning energetik",,reference,open_food_facts,
4600680016797,Nestle,Nestlé,,,reference,open_food_facts,
0667555536341,hope,,,,reference,open_food_facts,
4780101734250,18+,18+,,,reference,open_food_facts,
4607085811806,затея,масло,,,reference,open_food_facts,
4780012960173,Hydrolife Eco,Hydrolife,"Sulfat, kalsiy, magniy, kaliy, natriy, chlorine",,reference,open_food_facts,
4810046003613,Omega-3-Mik,Omega-3-Mik,,,reference,open_food_facts,
4780022621042,Lipton Tea,,,,reference,open_food_facts,
4780019900578,Dinay 🍐,,,,reference,open_food_facts,
4606779682504,Ермигут Питьевой персик-маракуйя,Ehrman,"milk, water, sugar, glucose syrup, cream, whey, peach, peach juice, e1422, Xanthan gum, pectin, gelatine, citrid acid, sodium citrate, sodium fosfate, aromatizators, colour carotene",,reference,open_food_facts,
4607086410491,Candy,,,,reference,open_food_facts,
4604248012638,горчица махеев зернистая в сб,,,,reference,open_food_facts,
4810279008489,4810279008487,,,,reference,open_food_facts,
4751001580298,Riga Gold,,,,reference,open_food_facts,
8714599518838,Monarch,Jacobs,,,reference,open_food_facts,
4606779767300,Grand Cocktail,Ehrmann,,,reference,open_food_facts,
4780016110077,sherin delikates sasiska,,,,reference,open_food_facts,
4601576009491,4601576009495,,,,reference,open_food_facts,
4780011544002,Кетчуп Монарх: сладкий итальянский,Монарх,,,reference,open_food_facts,
6269174800270,Mazafati Dates,Handa,,,reference,open_food_facts,
8990333811122,بسكويت لوت,,,,reference,open_food_facts,
4607002753846,Пряники с абрикосовой начинкой,Петродиет,"Мука пшеничная 1/с, фруктоза, масло подсолнечное рафинированное дезодорированное, вода, пюре абрикосовое, продукты натуральные растительные из волокна пшеницы, разрыхлители: карбонаты аммония, гидрокарбонат натрия; смесь пряностей (корица, ",,reference,open_food_facts,
0665553123914,Creatine,AllMax Essentials,nice,,reference,open_food_facts,
4870207315171,Сметана,President,,,reference,open_food_facts,
4601780009924,Makaron Makfa,,,,reference,open_food_facts,
8711000545623,Jacobs orginal 3.1,Jacobs,,,reference,open_food_facts,
4780010570301,hayay spray,hayat,,,reference,open_food_facts,
8801046862283,8801046862285,,,,reference,open_food_facts,
4700000160206,легенда 1,,,,reference,open_food_facts,
4870022003318,Energy Drink Gorilla Mango Coconut,Gorilla,,,reference,open_food_facts,
4700002060168,сметана,Белая река,,,reference,open_food_facts,
4870038004655,4870038004655,,,,reference,open_food_facts,
4700000310050,jalalabad,,"kypanu/ cocrae hia karwohaop/kathoa hатрий har 300-950 40-230 гиарокарбонаты 126400 4501960 200840 0,2203 2,048,0 1500-4000",,reference,open_food_facts,
4870002329485,pepsi,,,,reference,open_food_facts,
4700002061200,Молоко 3.2%,Белая Река,,,reference,open_food_facts,
4870001571027,Асу со вкусом,,,,reference,open_food_facts,
4690228030925,Вода и сок Агуша детский яблоко,,,,reference,open_food_facts,
4690388057631,Nini,,,,reference,open_food_facts,
0031604026211,Extra strength D3,Nature Made,"Vitamin D3 (as Cholecalciferol), soybean oil, gelatin, glycerin, medium chain triglycerides",,reference,open_food_facts,
4680018020238,форсхолин,,,,reference,open_food_facts,
4700000310041,Жалал-Абад,Келечек,,,reference,open_food_facts,
5449000273679,Piko pulpy,Piko,,,reference,open_food_facts,
7622210345804,Шоколад молочный с карамельной начинкой,Milka,"сахар, сироп глюкозный, масло какао, какао тертое, сыворотка сухая молочная, жир растительный (масло пальмовое), молоко сухое цельное, молоко сухое обезжиренное, жир молочный, эмульгаторы (лецитин соевый, Е471, Е476), ароматизаторы, паста о",,reference,open_food_facts,
0854618207214,Allclen,Korea,,,reference,open_food_facts,
4607065712136,хлебцы доктор корнер рисовые с витаминами смотка,Dr. Körner,,,reference,open_food_facts,
4604248006877,Джем Малиновый,Махеевъ,,,reference,open_food_facts,
8714599512047,Кофе натуральный растворимый сублемированный Jacobs Monarch,Jacobs,Кофе,,reference,open_food_facts,
4603955002028,Dark chocolate Babaevsky with whole hazelnut,Babaevsky Confectionery,"Main Ingredients: cocoa mass, sugar, whole hazelnut kernel (19.8%), cocoa butter, cocoa powder, butterfat (2.4%) (of animal origin), emulsifiers: soya lecithin E322 (less than 1%), ethers of polyglycerol and interetherified ricinoleic acids",,reference,open_food_facts,
4700040115743,Altynai,,Ugh I'm Not Sure,,reference,open_food_facts,
4607177073107,Нагетсы Куриные С Ветчиной,Мираторг,,,reference,open_food_facts,
4607117892119,Алёнка,Красный Октябрь,"Кант, какао майы, кұрғақ қаймағы алынбаган сут, фундук жанлaгынын уатылеан взегі, угinілген какао, эмульгаторлар: соялық лецитин, Е4763B хош иістендіргriштер.",,reference,open_food_facts,
9000100420082,Persil color,,,,reference,open_food_facts,
4823077609734,Fizzy Boom!,Roshen,"glucose syrup, sugar, acidity regulators: citric acid, mixed lactic acid and citric acid, sodium bicarborbonate glucose, &quot;Cherry&quot;, &quot;Cola&quot;, &quot;Lemon-fresh mint&quot;, &quot;Lime&quot;, Orange&quot; flavours, colours: E",,reference,open_food_facts,
4600080310406,Грильяж смотка в пачках,РотФронт,"Zucker, kakaohaltige Fettglasur 30% (Zucker, Kakaomasse, pflanzliche Öle: Palmöl, Shea, in veränderlichen Gewichtsanteilen; Kakaopulver, Emulgatoren: _Sojalecithin_, E476; Vanille-Aroma), _Haselnuss_ geröstet, gehackt 23%, pflanzliche Öle: ",,reference,open_food_facts,
4690329004553,бегемотик бонди,,,,reference,open_food_facts,
3228024090165,Rondelé,President,,,reference,open_food_facts,
9002859036620,Grazioso Cappuccino-Geschmack,Gunz,,,reference,open_food_facts,
4607010168946,brand,,,,reference,open_food_facts,
4660013945691,100% CHARGED Extra dark chocolate,Pobeda,"cocoa mass, sugar, cocoa butter, emulsifier (soya lecithin), &quot;Vinitrox&quot; extract of grape pomace and apple peel, natural vanilla.",,reference,open_food_facts,
4660013948120,Bitterschokolade ohne Zuckerzusatz &quot;72% Kakao&quot; &quot;Charged&quot;,Pobeda,"cocoa mass, sweetener (maltitol), cocoa powder, prebiotic (inulin 10%), cocoa butter, emulsifier (soya lecithin), natural sweetener (stevia 0.03%), natural vanilla.",,reference,open_food_facts,
4660028334622,невский кондитер,,,,reference,open_food_facts,
2053145570141,ак куу,,,,reference,open_food_facts,
3800003323552,экстракт клюквы,,,,reference,open_food_facts,
4620017454904,zele visnja конфеты железные со вкусом вишни,jeleinii,,,reference,open_food_facts,
4870004904660,Мороженое пломбир «Миша»,Шин-Лайн,,,reference,open_food_facts,
2762286010020,имин ата сметана,имин ата,,,reference,open_food_facts,
4607006370137,Хрутка. Молочные подушечки,Nestlé,,,reference,open_food_facts,
4700000480304,Nitro,nitro,"caffeine
vitamin c 
Taurine 
vitamin B",,reference,open_food_facts,
4690329009062,Даниель,,Чипсы,,reference,open_food_facts,
5730009170000,Шок,,,,reference,open_food_facts,
4700321650200,Миндаль,Фрутовит,,,reference,open_food_facts,
4607014822644,молочный коктель клубника,чудо,,,reference,open_food_facts,
4690329016707,Озера Горький Шоколад 55% Cocoa,Озера,,,reference,open_food_facts,
4607043160331,Тунец В Масле Филе,Пеликан,,,reference,open_food_facts,
4690329016691,Молочный Шоколад 31.5%,Озера,,,reference,open_food_facts,
4602986010244,Молоко Цельное Сухое,Любимое Молоко,,,reference,open_food_facts,
4700030360566,Азитромицин,,Азитромицин дигидрат,,reference,open_food_facts,
4601576007235,Кетчуп,ЕЖК,"Вода питьевая, томатная паста, сахар, загуститель Е1422, соль, регулятор кислотности уксусная кислота, концентрированный томатный сок, консерванты сорбат калия и бензоат натрия, корица, гвоздика.",,reference,open_food_facts,
4670161190898,malina secer,,.....,,reference,open_food_facts,
4607120854854,путассу янтраная сушенная,beerka,,,reference,open_food_facts,
0088002505385,jets,,,,reference,open_food_facts,
0938948509245,you me,,,,reference,open_food_facts,
4600765028495,Cream Cheese,Чудское Озеро,,,reference,open_food_facts,
4700023900010,Классик Пельмени,Steak Dream,,,reference,open_food_facts,
4700023901426,Пельмени Премиум,Steak Dream,,,reference,open_food_facts,
6260161570855,Yogurt Lactose Free Seven,Kalleh,,,reference,open_food_facts,
4700002060140,Творог 5%,Белая Река,,,reference,open_food_facts,
4700040115840,Ваниль,,,,reference,open_food_facts,
4700003912433,Творог 9%,Чабрец,,,reference,open_food_facts,
4607016247388,Оасяная Каша С Клубникой,Моя Овсянушка,,,reference,open_food_facts,
4607043160571,Скумбрия С Добавлением Масла,Пеликан,,,reference,open_food_facts,
4607014826604,молочный коктейль клубника,чудо,,,reference,open_food_facts,
2594793838545,Коржик,Тортовита,,,reference,open_food_facts,
2346896006121,Печенье Мишки С Глазурью,Яшар,,,reference,open_food_facts,
4640047041011,Сыр Хрустящий Запечённый,Crinkles,,,reference,open_food_facts,
2533308000013,Ржаная Булочка К Завтраку,Globus,,,reference,open_food_facts,
2565543717737,Какао Порошок,N1,,,reference,open_food_facts,
4603775671336,Глютен Пшеничный,Стоинг,,,reference,open_food_facts,
4603825001113,Паста Шоколадно-ореховая,Бурёшка,,,reference,open_food_facts,
2339825007689,Печенье Топлёное Молоко,Любятово,,,reference,open_food_facts,
4610044661424,Эритрит (Эритритол),Miosuperfood,,,reference,open_food_facts,
0679771952104,Flex Wheeler Whey Protein,Wlex Wheeler,,,reference,open_food_facts,
4680023462207,Cold smoked mackerel,VICI,,,reference,open_food_facts,
0745114411154,Salt Caramel Syrop,Esko,,,reference,open_food_facts,
2515013000010,croissant with chocolate,Spar,,,reference,open_food_facts,
4700040115877,Coffee With Milk,Riki,,,reference,open_food_facts,
4620054754094,Молоко Кокосовое,Zinus Vegan,,,reference,open_food_facts,
4700020915871,Peanut Butter,Runner,,,reference,open_food_facts,
4627175010667,Protein Matrix-7 Chocolate cookies,Binasport,,,reference,open_food_facts,
4870001573405,Granat Lemonade,Ava,,,reference,open_food_facts,
2385094003549,Салат Неженка,Spar,,,reference,open_food_facts,
7622202272336,Whole Hazelnut Chocolate,Milka,,,reference,open_food_facts,
4700004146046,Крем-Брюле Трубочки,Kulikov,,,reference,open_food_facts,
2539234000019,Пирожное Муссовое Пина-Колла,Spar,,,reference,open_food_facts,
4700040115859,Молочный Коктейль Какао,Riki,,,reference,open_food_facts,
7622201696070,Молочный Шоколад Арахис И Хлопья,Alpen Gold,,,reference,open_food_facts,
2579439000016,Круассан С Малиновым Джемом,Spar,,,reference,open_food_facts,
4607013794645,Шоколадная Гранола,Bionova,,,reference,open_food_facts,
2572278992056,Круассан С Малиновым Джемом,Spar,,,reference,open_food_facts,
4690388121413,Шевченко 9 Lay's Maxx Двойной Гамбургер,Lay's,,,reference,open_food_facts,
4780047861494,Dropz Сладкий Микс,Cheers,"pelletlar (makkajo'xori uni - tarkibida glyuten, kraxmal, tuz, shakar mavjud), o'simlik yog'i, shakar upasi, antioksidant (rozmarin ekstrakti), vanilin",,reference,open_food_facts,
4870112008010,Albeni Latte,Ülker,"Сахар, пшеничная мука, пальмовое масло, частично гидрогенизированное пальмовое масло, глюкозный сироп, сухое цельное молоко, какао масло, какао масса, инвертный сироп, сухое обезжиренное молоко, какао порошок с пониженным содержанием жира, ",,reference,open_food_facts,
4700002062120,Творог,Белая Река,,,reference,open_food_facts,
4607014827755,Творог 0.2%,Весёлый Молочник,,,reference,open_food_facts,
4601780007722,Fettuccine,Grand Di Pasta,,,reference,open_food_facts,
4607014827737,Творог 5%,Весёлый Молочник,,,reference,open_food_facts,
4703721011099,Suzme,Акмаанай,,,reference,open_food_facts,
4811258002771,Blackcurrant Drink,Exponenta,,,reference,open_food_facts,
4610082840458,Milk 2.5%,Весёлый Молочник,,,reference,open_food_facts,
4700000485451,Energy Drink Blueberry & Guava Balance+,Nitro,,,reference,open_food_facts,
4700022890062,Пельмени С Говядиной Ручной Работы,Kaynar Food,,,reference,open_food_facts,
4610082840421,Сметана 20%,Весёлый Молочник,,,reference,open_food_facts,
4690228110823,Йогурт Ягодное Конфетти,Чужо,,,reference,open_food_facts,
4700023903275,Перец Фаршированный,Steak Dream,,,reference,open_food_facts,
4610082840476,Кефир 1%,Весёлый Молочник,,,reference,open_food_facts,
4811040138767,Колбаса Вареная С Маслецем,Брестский Мясокомбинат,,,reference,open_food_facts,
4610082840449,Молоко 3.2%,Веселый Молочник,,,reference,open_food_facts,
4700004000045,Памир,,700004 000049,,reference,open_food_facts,
4702963440038,султан чай,,22 MO oy kok 50 g qda atda da bir salari shlab MChJ 6555 bo'yicha MOJ ug'diyon 13 4 PET 4 702963 440034,,reference,open_food_facts,
4680232931086,LIT ENERGY,,APH 4 680232 931080 TOCT 29,,reference,open_food_facts,
4870022033009,GORILA,,MILLAENER 4 870022 003305 TOD,,reference,open_food_facts,
8691381000482,Beypazarı Doğal Maden Suyu,Beypazarı,"Doğal maden suyu, karbondioksit",,reference,open_food_facts,
8690504017307,Çubuk kraker 40 g,Ülker,"Buğday unu, bitkisel yağ (palm), tuz (%3,5), emülgatörler (soya lesitini, yağ asitlerinin mono ve digliseritlerinin mono ve diasetil tartarik asit esterleri), asitlik düzenleyiciler (sodyum hidroksit), kabartıcılar (sodyum hidrojen karbonat",,reference,open_food_facts,
8690526069506,Yulaf Ezmesi,Eti,"_oat_ flakes. Contains _gluten_. May contain traces of _hazelnut_, _milk_, _peanut_ and _egg_.",,reference,open_food_facts,
8690504011525,Altınbaşak tahıl cipsi,Ülker altınbaşak,"Wheat flour, potato flour (18%), vegetable fat (palm), starch, yoghurt flavoured and herbs seasoning (6%) [whey powder, sugar, salt, garlic powder (8%), onion powder (8%), flavourings, acidity regulator (citric acid), sourdough, butter oil ",,reference,open_food_facts,
8690526095413,Ети Карам,Eti,"karam-dark chocolate cream wafer-contents: cocoa cream 66.2% (vegetable oil (palm, sunflower, cotton), sugar, glucose syrup, spring-free milk powder, fat reduced cocoa powder 8.6%, whey powder (dairy), cocoa mass, emulsifiers (sunflower lec",,reference,open_food_facts,
8690766009203,Çizi Peynirli Kraker,Ülker,"Buğday unu, bitkisel yağ (pair), kabartıcılar (amonyum hidrojen karbonat, Nut sodyum hidrojen karbonat, disodyum difosfat), peyniraltı suyu tozu, tuz, invert şeker şurubu, şeker, aroma Ene vericiler (süt içerir), yağsız süttozu, peynir tozu",,reference,open_food_facts,
5000112664496,coca-cola 1 L,Coca Cola,"su, şeker, karbondioksit, renklendirici (karamel), asitlik düzenleyici (fosforik asit), doğal aroma vericiler, kafein (98 mg/L).",,reference,open_food_facts,
8690504135913,ülker çikolata,Ülker,"Şeker, Buğday unu, bitkisel yağlar (palm, tam hidrojenize palm, palm çekirdeği) fındık püresi (%10), süt tozu, kakao yağı, nişasta, emülgatörler, aroma vericiler, kabartıcılar",,reference,open_food_facts,
8695077102016,Dost Tam Yağlı Süt,Dost,Yağlı inek sütü,,reference,open_food_facts,
8690526039505,Yulaf Ezmesi İnce Öğütülmüş,Eti Lifalif,"_oat_ flakes (_gluten_). May contain traces of _pistachio nuts_, _almonds_, _hazelnuts_ and _peanuts_.",,reference,open_food_facts,
8690793020062,"erikli 0,5 su",Erikli,,,reference,open_food_facts,
8692813005570,DOĞAL MADEN SUYU,KIZILAY,"Bicarbonate 2470 mg/l
Phosphorus 0.9 mg/l
Sulfate 21.99 mg/l
Clorine 135.39 mg/l
Calcium 49.58 mg/l
Magnesium 16.57 mg/dl
Sodium 776.02 mg/l
Iron 19.24 pg/l
Potassium 10.86 mg/l",,reference,open_food_facts,
8692813005598,Maden Suyu,Kızılay,,,reference,open_food_facts,
8696362804712,ketchup,Heinz,"HEINZ DOMATES KETCABI ⚫KORUYUCU İÇERMEZ •KIVAM ARTTIRICI İÇERMEZ •100g ketçap 148g domates içerir. 35710597 İçindekiler: Domates püresi, sirke, şeker, tuz, baharat ve bitki özütleri (kereviz içerir), baharat. İz miktarda hardal, yumurta ve ",,reference,open_food_facts,
5000112672033,Coca cola,Coca-Cola,,,reference,open_food_facts,
8682214707047,Full Fat Milk,Mis,,,reference,open_food_facts,
8695077100090,Dost Süt Yarım Yağlı,Dost,,,reference,open_food_facts,
8699270013412,Gofrik,KAHVE DUNYASI,"Milk chocolate (47%) [Sugar, cocoa butter, whole milk powder, cocoa mass, skimmed milk powder, emulsifier (sunflower lecithin), flavouring (vanillin). Total cocoa solids min. 34%.], pistachio paste (31%) [Pistachio puree (37%), sugar, malto",,reference,open_food_facts,
8690574114791,Pepsi 1litre,Pepsi,,,reference,open_food_facts,
5000112664885,Coca-Cola Şekersiz,Coca-Cola,"Su, karbondioksit, renklendirici (karamel), asitlik düzenleyiciler (fosforik asit, sodyum sitrat), tatlandırıcılar (sukraloz, asesülfam K), aroma vericiler, koruyucu (sodyum benzoat), kafein.",,reference,open_food_facts,
8695077124683,Bol Bol Mayonez (Yağı %39 Azaltılmış Mayonez),Bolbol,"Ayçiçek yağı (%45), su, modifiye nişasta, _pastörize yumurta sarısı (%2)_, sirke, şeker, tuz, limon suyu konsantresi, kıvam arttırıcı (ksantan gam), koruyucu (sodyum benzoat, potasyum sorbat), aroma vericiler (yumurta, sarımsak), renklendir",,reference,open_food_facts,
1500144801651,ULUDAĞ LİMONATA 1L,Uludağ,"Su, şeker, limon suyu konsantresi, stabilizörler (gam arabik, ağaç reçinesinin gliserol esterleri), doğal aroma verici, renklendirici (aspir çiçeği konsantresi), antioksidan (askorbik asit).",,reference,open_food_facts,
8691637030010,Doğal Mineralli Maden Suyu,Özkaynak,"Doğal mineralli su, karbondioksit.",,reference,open_food_facts,
8683130067792,Ranch Sos,Calve,"Su, bitkisel yağ (değişen miktarlarda ayçiçek, kanola), modifiye nişasta, şeker, yumurta sansı, tuz, peynir tozu (süt ürünü), sirke, yoğurt tozu (süt ürünü), maya özütü, asitlik düzenleyiciler (fosforik asit, sitrik asit, laktik asit), kıva",,reference,open_food_facts,
8681630361011,Nutzilla Kakaolu Fındık Kreması,Züber,"Fındık (%36), Bitkisel Yağlar (Shea, Hindistan Cevizi, Fındık), Hurma, Yağsız Süt Tozu (Süt içerir), Kakao Tozu (%7), Hindiba Kökü Lifi.",,reference,open_food_facts,
8695077004361,Dost Doğal yoğurt,Dost,,,reference,open_food_facts,
8680908020018,indomie körili Noodle,indomie,,,reference,open_food_facts,
8711000532452,Jacobs,Jacobs,,,reference,open_food_facts,
8690526076375,Browni Intense Çikolatalı Kek&quot;,50 g,"Cake 52% [vegetable oil (palm, sunflower, cottonseed, rapeseed), sugar, _wheat_ flour (_gluten_), _egg_, humectants (glycerol, sorbitol), dark chocolate 5% [sugar, cocoa mass, cocoa butter, reduced-fat cocoa powder, emulsifiers (sunflower l",,reference,open_food_facts,
8690526044871,Crax Patlayan Lezzet Acı Baharatlı Çubuk Kraker,Eti,"_Buğday_ unu (_gluten_ içerir), mısır patlağı, bitkisel yağ (palm, ayçiçek, pamuk, kanola), acı baharat çeşnisi %7 (tuz, şeker, domates tozu, soğan tozu, aroma verici, dekstroz, sarımsak tozu, kırmızı acı toz biber %1,8, asitlik düzenleyici",,reference,open_food_facts,
5000112664511,Water,Damla,,,reference,open_food_facts,
8696362805216,Mayonez,Heinz,"Su, Ayçiçek Yağı, Modifiye Nişastalar, Sirke, Şeker, Pastörize Yumurta Sarısı, Tuz Hardal Tozu, Kivam Arttirici (Ksantan Gam), Koruyucu (Sodyum Benzoat, Potasyum Sorbat Aroma Vericiler (Süt içerir), Asitlik Düzenleyici (Sitrik Asit, Laktik ",,reference,open_food_facts,
5000112666078,fuseTea Şeftali,Fuse Tea,,,reference,open_food_facts,
8691395001053,Doğal Maden Suyu,Kınık,"Doğal mineralli su, karbondioksit.",,reference,open_food_facts,
8690574114490,Pepsi Cola,Pepsi,"Su, şeker veya fruktoz-glukoz şurubu, karbondioksit, renklendirici (amonyum sülfit karamel), asitlik düzenleyici (fosforik asit), kafein 0,1 g/L, doğal aroma vericiler.",,reference,open_food_facts,
8680014082113,Doğal Mineralli Su,Fuska,"ska mineral water ANALIZ SONUC SUEL ANALYSIS Florür Bikarbonat Klorür ANYONLAR/ANIONS 95,16mg/ 6Amp Bicarbonate Fluoride Chloride Sulfat 5.2mg Sulfate KANYONLAR/CANIONS Kats Magnezyum Calcium Magnesium Potasyum Sodyum TE Potassium Sodium Ir",,reference,open_food_facts,
8690627021209,Kurukahveci Turkish Coffee,Kuru Kahveci Mehmet Efendi,Öğütülmüş Arabica Kahve,,reference,open_food_facts,
8691641529016,Nuga,Fiskobirlik,,,reference,open_food_facts,
8690526095228,Hosbes Wafers W / Hazelnut Cream,Eti,"Hazelnut cream 73.1% [sugar, coconut oil, glucose syrup, _milk_ powder, _hazelnut_ oil, _hazelnut_ 8.7%, cocoa, whey powder (_milk_), emulsifier (sunflower lecithin), flavouring, salt], wafer sheet 26.9% [_wheat_ flour (_gluten_), starch, s",,reference,open_food_facts,
8690526084675,Eti Goa Reiswafelln,,"ETI GONG-MISIR VE PIRING PATLAĞI - Içindekiler: Mısır %42,2, Pirinç %38,5, Bitkisel Yağ (Palm Tuz, Emülgatör (Ayçiçek Lesitini). Eser miktarda Gluten, Hardal, Kereviz ve Süt Ürünü içerebilir. Yerli ve ithal pirinç kullanılarak Türkiye'de ür",,reference,open_food_facts,
8695077000879,Доматонв Пюре,Юрдум,"Muridiye Fabrika 0_letme Kay1t No (MRF):TR-45-K015S
Oretioi Tel No: 0 232 687 13 2713 Hat).
Orstici Faks No: 0 232 667 13 31
Kank Fabrika I_letme Kay1t No (KNF):TR-35-K-04526
Bu urun (SULTAN GIDA SAN. VE T0C. AS tarafindan)
Tyaskent Fa",,reference,open_food_facts,
8690120070140,Banada,Torku,"Icindekiler-Seker, Bitkisel Yag (Hurma), Findik (%13,5),Yağsız Süt Tozu (67,5), Kakao Tozu (48), Deminerulize Peynirath Say T (Sit Orini), Emilgatir Aycicek Lesitini), Tuz, Aroma, Eser miktarda Antep Fistiği, Gluten, Soya Urüni ve Yer Fisti",,reference,open_food_facts,
8690504034508,Albeni,Ülker,"Milk Chocolate 52%, Sugar, Cocoa Butter, Milk Powder, Cocoa Mass, Emulsifier (Soya Lecithin), Artificial Flavors (Ethyl Vanillin), Cocoa Solids 36%, Hazelnut 22%, Hydrogen Vegetable Oil (Cottonseed Oil And/Or Sunflower Oil And/Or Palm Oil),",,reference,open_food_facts,
8695077092029,Süt,Dost,non-fat milk,,reference,open_food_facts,
8699878420753,Doğal Mineralli Su,Buzdağı,"Water
Su

Anyon ve katyonlar - Anions and cations:

Bikarbonat-Bicarbonate:48,6mg/l
Potasyum-Potassium:&lt;0,5mg/l
Klorür-Chloride:2.6mg/l
Florür-Fluoride:&lt;0,04mg/l
Demir+2-Iron+2:&lt;0,01mg/l
Sülfat-Sulfate:37,2mg/l
Sodyum-So",,reference,open_food_facts,
8695077092472,yulaf,Kelly's,,,reference,open_food_facts,
8690526064741,Form Buğday patlağı,Eti,"Tahıllar (_buğday_ %54,6, bulgur %26,2, _arpa_ %9,3, _çavdar_ %9,3), tuz, emülgatör (ayçiçek lesitini).",,reference,open_food_facts,
8699015750121,Natural Spring Water,Abant,,,reference,open_food_facts,
8690526095200,Hoşbeş Kakao Kremalı Gofret,Eti,"Kakaolu krema %73 [glukoz şurubu, Hindistan cevizi yağı, şeker, yağsız _süt_ tozu, yağı azaltılmış kakao tozu %6,8, emülgatörler (ayçiçek lesitini, poligliserol polirisinolat), aroma verici, tuz], gofret yaprağı %27 [_buğday_ unu (_gluten_ ",,reference,open_food_facts,
5000112664557,Coca-Cola,Coca-Cola Company,"Coca-Cola ORIJINAL TAT NE Coke Kola Kafein içerir Şeker ve tatlandırıcı içerir. Eyw 100 ml için 2,5 Le Enerji: 126 kJ/30 kcal 3 Yag Doymusya At Og 150 150 Og Og Mersin (MRS) Ortalama bir yetişkinin refera (8400 kJ/2000 kcal) dekiler Su, şek",,reference,open_food_facts,
8697448890047,Niğde Gazozu Gazoz,Niğde Gazozu,"Su, Şeker (Pancar Şekeri), Karbondioksit, Asitlik düzenleyici (Sitrik Asit), Frambuaz Aroması, Koruyucu (Sodyum Benzoat).",,reference,open_food_facts,
8690574114445,Ice Tea Lemon,Lipton,,,reference,open_food_facts,
8693354001094,doganay salgam,,,,reference,open_food_facts,
8692886622511,Kefir,Altınkılıç,"Pasteurized cow milk, yeast, kefir culture",,reference,open_food_facts,
8680050304925,Gingerbread Cookies,Humm,"Organik buğday unu, organik elma suyu, organik ayçiçek yağı, organik toz zencefil (%0,5), organik toz tarçın (%0,5), kabartıcı(sodyum bikorbonat) Gluten içerir.",,reference,open_food_facts,
8699916610285,Beysu  0.5L,Beysu,"Amonyum Klorür lletkenlik : TE : 241 mg/L : 155 us/cm pH : 7,96 Alüminyum : TE Demir TE Mangan Oksitlenebilirlik Sülfat : T.E : 0,5 mg/LO2 : 1,67 mg/L Sodyum Bulanıklık : 6,51 mg/L : Uygun Koku Renk Tat : Uygun : Uygun Uygun :0 Koliform Bak",,reference,open_food_facts,
8699118060965,Az Yağlı Mayonez,Çokça,,,reference,open_food_facts,
5449000000994,Coca Cola,Coca-Cola,"очищенная вода, сахар, краситель сахарный колер IV, регулятор кислотности ортофосфорная кислота, натуральные ароматизаторы, кофеин",,reference,open_food_facts,
8690504142986,%80 Bitter Çikolata,Ülker,"Kakao Kitlesi, Şeker, Yağı Azaltılmış Kakao Tozu, Sadeyağ (Süt), Emülgatörler (Soya Lesitini, Poligliserol Polirisinoleat), Aroma Verici. Kakao kuru maddesí en az %80'dir. Eser Miktarda Gluten, Yumurta, Yerfıstığı ve Sert Kabuklu Meyveler i",,reference,open_food_facts,
8690526061106,Burcak,Eti,,,reference,open_food_facts,
8690627023401,Mehmet Effendi,Kurukahveci Mehmet Efendi,100% ARABICA COFFEE,,reference,open_food_facts,
8690629252007,Hamur Kabartma Tozu,Dr. Oetker,"Kabartıcılar (sodyum pirofosfat, sodyum bikarbonat), misır nişastası.",,reference,open_food_facts,
8690504007805,Çokoprens,Ülker,"10amet rkakaolw findik kemalt sandviç bisküvi, i̇çindekiler: bisküvi [buğday unu, bitkisel yad (palm), şeker, misır nişastası, glukoz surubu, kabarticlar (sodyum dre oonat amonyum hidrojen karbonat, disodyum difosfat), tuz, peyniralti suyu ",,reference,open_food_facts,
8690526093549,Eti Form Bitter Çikolata Kaplı Lifli Bisküvi,Eti,,,reference,open_food_facts,
8690565017557,Pınar Protein Kakaolu Süt,Pinar,"Yağsız süt,süt proteini,kakao tozu,selüloz,sodyum polifosfat,karboksi metil selüloz,vanilya aroma vericisi,B1 vitamini,B3 vitamini,B6 vitamini, B12 vitamini,L-karnitin,laktaz.",,reference,open_food_facts,
8690526083728,Eti Pop Kek - Muzlu,Eti,"Kek %70 [Buğday Unu (Gluten), Şeker, Yumurta, Bitkisel Yağlar (Palm, Ayçiçek, Pamuk, Kanola), İnvert Şeker Şurubu, Nem Verici (Gliserol), Peynir Altı Suyu Tozu (Süt Ürünü), Emülgatörler (Yağ Asitlerinin Mono ve Digliseritleri, Yağ Asitlerin",,reference,open_food_facts,
8681630311016,Züber Peanut Butter,Züber,"Peanuts, Honey.",,reference,open_food_facts,
8690635151550,TAT -  KETÇAP,tat,"Доматено пюре (68%), захар, оцет, сол, натурални аромати на подправки, лук на прах, чесън на прах.",,reference,open_food_facts,
8690526047258,Canga,ETI,"Aza kisel Yağlar (Tam Hidrojenize Palm, Palm, Sheakastin Tay akas Toza, Nem Vero (Sorbitol), Emulgatories (Amon um Forme Bugday Unu (Gluten), Frukto-oligosakkarit, Tuz, Tereyağı (Süt Ürünü), Inulin, Aroma Venciler, Autile Dice bonat). Sütlü",,reference,open_food_facts,
8690565022106,Pınar kido süt 180 kakaolu,Pinar,"Enerji ve 100ml 100ml Besin Öğeleri İçin için %RA* Enerji (kJ/kcal) 248/59 %3 Yağ (g) 1,2 %2 Doymuş yağ (g 0,8 %4 Karbonhidrat (g) 9.2 %4 - Şekerler (g) 8,6 %10 Protein (g) 2,8 %6 Tuz (g) 0 %0 Mineraller %BRD** Kalsiyum (mg) 120 %15",,reference,open_food_facts,
5900020004578,Cheerios,Nestlé,"Whole oat flour (30.3%), whole wheat flour (28.1%), sugar, whole barley flour (17.3%), wheat flour (6.7%), partially inverted brown sugar syrup, honey (2.2%), salt, vegetable oil (high oleic sunflower oil), molasses, natural flavorings, ant",,reference,open_food_facts,
8690767160185,Ayran,Sütaş,"Yogurt, water, salt.",,reference,open_food_facts,
8690533081135,Cicibebe,Eti,"Wheat Flour (Contains Gluten), Sugar, Vegetable Oil (Palm, Sunflower, Cottonseed, Canola), Starch, Skimmed Pasteurized Milk 2,8%, Pasteurized Egg 0,5%, Raising Agent (Ammonium Hydrogen Carbonate), Salt, Minerals (Calcium, Magnesium, Iron, Z",,reference,open_food_facts,
8690574114658,Pepsi 330.ml,Pepsi,,,reference,open_food_facts,
8690504005667,Çokokrem,Ülker,"Sugar, vegetable oil (palm, sunflower, canola), whey powder (milk product), cocoa powder 7%, hazelnuts 4%, milk powder 4%, emulsifier (soy lecithin, polyglycerol polyricinoleate), flavourings, salt. May contain traces of pistachios. Ye اولك",,reference,open_food_facts,
8690635151426,Tat kechup,tat,"Doymus Wet Ma Karbonhidrat 302 13 $23 26 Protein 1.3 3 Tuz (g 1,4 23 Delgeler ortalama bir yetişkinin Referans Alm Düzeyini belids (8400 kJ/ donated püresi, Seker, sirket, tuz, aroma verici, sogan tozu, sarmisak tozu",,reference,open_food_facts,
8690767670053,Sütaş süt 1 litre yarım yağlı,Sütaş,uht,,reference,open_food_facts,
8690504271835,Céréal,Kellogg's,,,reference,open_food_facts,
5000112664982,Fanta 1lt,Fanta,"Su, şeker (S)* veya fruktoz-glukoz şurubu (F)*, karbondioksit, portakal suyu konsantresi (meyve oranı en az %3), asitlik düzenleyiciler (sitrik asit, malik asit, sodyum sitrat), C vitamini, koruyucu (potasyum sorbat), aroma vericiler, tatla",,reference,open_food_facts,
8690508601849,Ketçap,Tukaş,"Domates Püresi, Glikoz Şurubu, Şeker, Sirke, Modifiye Mısır Nişastası, Tuz, Asitlik Düzenleyici (Asetik Asit), Koruyucu (Potasyum Sorbat, Sodyum Benzoat), Aroma Vericiler.",,reference,open_food_facts,
8690635430208,Hardal,,,,reference,open_food_facts,
5900951311509,SNICKERS,SNICKERS,"milk chocolate (sugar, cocoa butter, chocolate, skim milk, lactose, milkfat, soy lecithin), peanuts, corn syrup, sugar, palm oil, skim milk, lactose, salt, egg whites, artificial flavor, peanuts, milk, egg and soy, tree nuts,",,reference,open_food_facts,
8690637508628,Ketçap,calve,,,reference,open_food_facts,
8681630162012,Granola Bar Kırmızı Meyve,Züber,"Yulaf Ezmesi (Gluten), Kırmızı Meyveler (%9) In Turna Yemişi, Çilek), Buğday Patlağı (Gluten Içerir Elma Suyu Konsantresi, Hurma Suyu Konsantresi, Zeytinyağı, Mait Ekstraktı (Gluten Içerir), Bal, Sade Yağ (Süt içerir), Doğal Ahududu Aroması",,reference,open_food_facts,
8690526069904,Popkek Dark Chocolate,Eti,"FK-51000008 KAKAO SOSLU KAKAO KAPLAMALI BİTTER ÇİKOLATALI KEK - İçindekiler: Bitter Çikolatalı Kek %70,9 [Buğday Unu (Gluten), Bitkisel Yaglar (Palm, Tam Hidrojenize Palm), Yumurta, Şeker, Nem Vericiler (Gliserol, Sorbitol), Invert Şeker Şu",,reference,open_food_facts,
8681349030811,karadut&frenk üzümü soda,avşar,,,reference,open_food_facts,
8690105014594,didi Şeftali Aromalı Soğuk Çay,çaykur,"Su, şeker, asitlik düzenleyiciler (sitrik asit, trisodyum sitrat), siyah çay ekstraktı (% 0,24) aroma verici (şeftali). Pastörize edilerek steril koşullarda üretilmiştir. Gıda Adresi Cay isletmeleri",,reference,open_food_facts,
5000112665158,2.5 LİTRE FANTA,Fanta,,,reference,open_food_facts,
8690526073873,Pop Kek Vişneli,Eti,"Cake 68%: Wheat flour (contains gluten), sugar, egg, vegetable oils (palm, sunflower, cottonseed, canola), humectants (sorbitol, glycerol), reduced-fat cocoa powder 2.7%, inverted sugar syrup, whey powder (milk), emulsifiers (mono - and dig",,reference,open_food_facts,
8697433680118,Bahçepınar Doğal Kaynak Suyu,Bahçepınar,Su,,reference,open_food_facts,
8690526748348,ETi Lifalif BİTTER ÇİKOLATALI YULAF BAR ✓Doğal Lif,eti,"Yulaf Ezmesi (Gluten) %51, Bitter Çikolata %14,3 Kakao Tozu, Kakao Kitlesi, Şeker, Kakao Yağı, Dekstroz, Emülgatörler (Ayçiçek Lesitini). Kakao Kuru Maddesi En Az %70'tir.], Bitkisel Yağlar (Ayçiçek, Zeytinyağı), Tam Buğday Gevreği (Gluten)",,reference,open_food_facts,
8697681460096,Natural Spring Water,Asya,,,reference,open_food_facts,
8693202030063,Doğal Mineralli Su,HMD.,Doğal Mineralli Su,,reference,open_food_facts,
8690526740744,Petit Beurre,Eti,,,reference,open_food_facts,
8683417000124,SARELLE,SAGRA,"Şeker, Bitkisel Yağ (Pamuk, Ayçiçek), Fındık (%13), Yağsız Süt Tozu, Yağı Azaltılmış Kakao Tozu (%5), Peynir Altı Suyu Tozu, Kakao Kitlesi, Laktoz (Sütten), Emülgatör (Ayçiçek Lesitini), Doğal Aroma Verici (Vanilya). Iz miktarda diğer sert ",,reference,open_food_facts,
8690120070052,Torku Banada,TORKU,"TORKU BANADA KAKAOLU FINDIK KREMASI içindekiler - Seker, Bitkisel Yaj (Palm), hndlk (%13,5), Süt Tozu (%6,8), Kakao Tozu (0%}), Demineralize Peynimltl (Süt IrüHü), Ernülgatbr (Ayçiçek Lesitini), Tuz, Aroma. Eser miktarda Antep hstljl, Glute",,reference,open_food_facts,
8699141057057,amada mood,amada,,,reference,open_food_facts,
8695077020411,Peripella Kakaolu Fındıklı Krema,peripella,yag doymus trans yag karbonhidrat protéines,,reference,open_food_facts,
8695077061092,Yarım yağlı yoğurt,Dost,Unknown,,reference,open_food_facts,
8690526094043,Eti Pizza Kraker -,,,,reference,open_food_facts,
8690526004891,Balık kraker,,"Flour, palm oil, sunflower oil, cottonseed oil, canola oil, ammonium hydrogen carbonate, sodium bicarbonate, flavoring, sugar, invert sugar syrup, salt, corn flour, sodium metabisulphite",,reference,open_food_facts,
8690632049166,Gofret,Nestlé,,,reference,open_food_facts,
8690565041730,Labne,Pınar,"Pastörize inek _sütü_, laktik asit bakteri kültürü, tuz",,reference,open_food_facts,
8690504271686,Special K classic,Kellogg's,"Cereals (82%) (whole wheat (54%), rice (46%)), sugar, mulberry molasses, salt, glucose syrup, colorant (annatto), antioxidant (tocopherol-rich extract), vitamins r cotinamide, thiamine mononitrate (thiamine), pyridoxine hydrochloride (vit 6",,reference,open_food_facts,
8699432205972,Sade yesil cay,,,,reference,open_food_facts,
8695077102034,Sut,Dost,_Yağlı inek sütü_,,reference,open_food_facts,
8690579140612,Penne rigate,Barilla,"DAL 1877 Barilla SADE KESME MAKARNA. İçindekiler: Durum buğdayı irmiği (gluten), su. Eser miktarda yumurta, soya ve hardal içerebilir. İşletme Kayıt No: TR-14-K-000004. Net Miktar: 500ge. Pişirme Süresi: 11 Dakika. Hazırlanışı: Bol miktarda",,reference,open_food_facts,
8690558013225,Dimes,Dimes,,,reference,open_food_facts,
8681630312015,kakaolu fıstık ezmesi,züber,"İçindekiler. Yer Fıstığı (%80), Bal (%10). Kakao (%10) (Kakao Tozu, Kakao Çekirdeği). Ingredients: Peanuts (80%), Honey (10%), Cocoa (10% Cocoa Powder, Cocoa Nibs). Alerjen Uyarısı: Yer Fıstığı içerir. Allergens: Contains Peanuts. Doğal Ola",,reference,open_food_facts,
8692886311615,Kefirix Probiyotik Orman Meyveli,ALTINKILIÇ,"Pastörize inek sütü, Kefir mayası, Kefir kültürü, Orman meyveli sos %15: (Ahududu %3, Bögürtlen %2,1, Cilek %2, Limon suyu konsantresi, Şeker, Kıvam arttırıcı: (Pektinler))",,reference,open_food_facts,
8690767671089,Sütaş ayran,Sütaş,,,reference,open_food_facts,
8690565005534,Laktozsuz Yarım Yağlı UHT Süt,Pınar Denge,laktozsuz,,reference,open_food_facts,
8690526643292,Benim'O Lokmalık Çikolatalı Bisküvi,Eti,"Buğday Unu (Gluten), Şeker, Bitkisel Yağlar (Palm, Ayçiçek, Pamuk, Kanola), Inm Yumurta, Kabartıcılar (Amonyum Hidrojen Karbonat, Sodyum Hidrojen Karbonat, Sodyum Asit Pirofosfat), Tam Buğday Unu (Gluten), Tuz, Aroma Vericiler (Süt ürünü iç",,reference,open_food_facts,
8691316521206,Kefir,Eker,"Pastörize ve homojenize inek sütü, kefir kültürü ve probiyotik mikroorganizma (bifidobacterium ve lactobacillus acidophilus).",,reference,open_food_facts,
8683347030860,Glutensiz Karabuğday Patlağı,wefood,Karabuğday (100%),,reference,open_food_facts,
8681630314013,Noutos Fırınlanmış Nohut Cips Kajun Baharatlı,Züber,"Nohut Unu (58%), Pirinç Unu, Pirinç İrmiği, Ayçiçek Yağı, Kajun Çeşni (8%) (Acı Kırmızı Toz Biber, Tatlı Kırmızı Toz Biber, Köri, Yenibahar, Zerdeçal, Sarımsak, Karabiber, Hardal), Zeytinyağı, Tuz.",,reference,open_food_facts,
7622300498423,Strawberry Chocolate,Milka,"0zalpine milk chocolate 50% with strawberry and yogurt flavor filling, ingredients: alpine milk chocolate 50%: (sugar, cocoa butter, skim milk powder, coat milk powder, cocaor powder, creamy milk whey powder, *emulsion (soy lecithin), hazel",,reference,open_food_facts,
8682815015495,Şekersiz yer fıstığı ezmesi,Migros,,,reference,open_food_facts,
8410066125207,Heinz Hamburger Sauce 220g,Heinz,"Aceite de girasol, agua, vinagre de alcohol, puré de tomate concentrado, azúcar, jarabe de glucosa - fructosa, yema de huevo, sal, almidón modificado, salsa Worcester (vinagre de malta de cebada, melaza, jarabe de azúcar invertido, agua, ce",,reference,open_food_facts,
4000177408102,capri sun Mystic dragon,Capri-Sun,"MD Băutură răcoritoare necarbonatată nealcoolică, cu suc de fructe. Continut de fructe: 10.1%. Nu contine indulcitori, coloranti artificiali şi conservanti. Ingrediente: apă zahăr, suc de mere concentrat, acidifiant: acid citric; suc de ban",,reference,open_food_facts,
8690629300207,Maya,Dr. Oetker,"Saccharomyces, cerevisiae, emulgator, , sorbitan monosteatat",,reference,open_food_facts,
8681324006149,Hüptrik,Sütaş,,,reference,open_food_facts,
8691375608557,Teremyağ,Ülker,"TRANS YAG YOKTUR Ogelen 100 gidin 2183/531 59 17 45 2151475 ÜLKER TEREMYAĞ Bitkisel Margarin, % 59 Yağlı Icindekiler: Bitkisel Yağlar (Değişen Miktarlarda Ayçiçek, Pamuk, Palm, Kanola, Keten Tohumu), Su, Yağsız Pastörize Süt, Emulgatörler (",,reference,open_food_facts,
8690533034012,Crax Sade Çubuk Kraker,Eti,"_Buğday_ unu (_gluten_ içerir), bitkisel yağlar (palm, ayçiçek, pamuk, kanola), tuz, invert şeker şurubu, asitlik düzenleyici (sodyum hidroksit), emülgatör (yağ asitlerinin mono ve digliseritlerinin mono ve diasetil tartarik asit esterleri)",,reference,open_food_facts,
8690504079325,Ülker Dankek Pöti with Fruit,Ülker,"Buğday unu, şeker, su, yumurta, bitkisel yağ (palm), kuru üzüm (%8,7), invert şeker şurubu, yumurta akı, meyveler (%3) (portakal, ayva, limon, incir), nem verici (gliserol), peynir altı suyu tozu, koruyucular (potasyum sorbat, sodyum propiy",,reference,open_food_facts,
4008400290124,Киндер в молочке стоит,Kinder,"dark chocolate coated seu filled cake ingredients: pastorized milk (21,5%), dark chocolate 20% (sugar, cocoa mass, cocoa butter, emulgator: lecithin (soy), flavors), sugar, vegetable oil (palm), wheat flour, fatty milk powder, dextrose, fat",,reference,open_food_facts,
8695077125655,Yer Fıstığı Ezmesi Parçacıklı,Harras,,,reference,open_food_facts,
8690767716434,Laktozsuz Süt Yarım Yağlı,Sütaş,"pastörize inek sütü, laktaz.",,reference,open_food_facts,
8690574114728,ICE TEA ŞEFTALİ AROMALI İÇECEK,Lipton,,,reference,open_food_facts,
8690793020099,Erikli 1lt su,,,,reference,open_food_facts,
8000500082379,Nutella,Nutella,"sugar, palm oil,  hazelnuts  (13%), skimmed  milk  powder (8,7 %), lean cocoa (7,4 %), emulsifier: lecithins ( soya ), vanillin,",,reference,open_food_facts,
8681630302018,Lokma,züber,,,reference,open_food_facts,
8695077010821,Tam Buğday Unlu Ekmek,BİM,"Tam _buğday_ unu, içme suyu, _gluten_, _buğday_ kırması, maya, _buğday_ ekşisi, tuz, koruyucular (kalsiyum propiyonat, sorbik asit), antioksidan (askorbik asit)",,reference,open_food_facts,
5900951311323,Mars,Mars,"Zucker, Glukosesirup, Magermilchpulver, Kakaobutter, Kakaomasse, Sonnenblumenöl, Molkepermeat (Milch), Palmfett, Butterreinfett (Milch), fettarme Kakaopulver, Gerstenmalzextrakt, Salz, Emulgator (Sojalecithin Hühnerei-Trockeneiweiss, (Kann ",,reference,open_food_facts,
4760023500177,Sirab,,,,reference,open_food_facts,
4760173290041,isti su,,,,reference,open_food_facts,
5449000131841,Coca-Cola Zero,Coca-Cola,"Wasser, Kohlensäure, Farbstoff E 150d, Süssungsmittel Cyclamat, Acesulfam-K und Aspartam, Säuerungsmittel E 338 und Natriumcitrate, natürliche Aromen inkl. Koffein.",,reference,open_food_facts,
4760023500034,sirab,sirab,,,reference,open_food_facts,
4760089000433,aydan 1905,Patron 4D,ulvi,,reference,open_food_facts,
4760088705771,pepsi,,,,reference,open_food_facts,
4760023500043,Mineral water,,,,reference,open_food_facts,
4760095101025,Azersud,,,,reference,open_food_facts,
4760095101034,Azersud 1.5%,,,,reference,open_food_facts,
4760062106129,Berqa salma ətirli,Azərsun,,,reference,open_food_facts,
8906553240105,Himalayan Salt,Ali-imdad,"Sodium,Kalium Iodite",,reference,open_food_facts,
5449000022181,bonaqua,,"BƏSİ, AZI17, BAKI, AZƏRBAYCAN, TEL: (012) 346 DIRMANIN ÜZƏRİNDƏ GÖSTƏRİLMİŞ TARİXDƏN AZIMDIR, SƏRİN va QURU YERDƏ SAXLAYIN, RBON DÍOKSİD, NATRIUM BIKARBONAT, KALSIUM M XLORID D1-2012 CA-COLA COMPANY TOPLAM MİNERAL MADDƏLƏR 800 MG/L-DƏN ÇOX ",,reference,open_food_facts,
4760081600024,Коровье молоко,milla,,,reference,open_food_facts,
4760065701800,final tomat,,,,reference,open_food_facts,
8690526086655,adicto,,"ENag, Kakao, Emulgatoriar (Gunvcakan Lesn ho va Diqtiseridleri, Yağ Turşülannın Poliqliserol Efirlaril, Duz, Cabartiçilar (Natrium Turşu Pirofosfat, Natrium Hidrogen Kartonad uğu anzimləyici (Limon Turşusul), Sudlu Şckalad 31% Qure Sid Lakt",,reference,open_food_facts,
8690717004653,Beta Tea 250,Nur qida mmc,,,reference,open_food_facts,
4760160571441,Şhoki Moki,Ləzzət,,,reference,open_food_facts,
4760065703154,Bizim tarla,,,,reference,open_food_facts,
4600699513380,4600699513384,Слобода,,,reference,open_food_facts,
4760095104299,Kənd Qatığı 3.2%,Azərsüd,,,reference,open_food_facts,
4760081600033,Коровье молоко 3.2%,milla,,,reference,open_food_facts,
5449000185259,Cappy,Coca Cola Company,,,reference,open_food_facts,
4600949110037,Пудинг Чудо шоколад,цубо,,,reference,open_food_facts,
4760088706558,Pepsi lime,Pepsi,,,reference,open_food_facts,
4760081603377,milla,milla,,,reference,open_food_facts,
6408432203031,Valio,Valio,,,reference,open_food_facts,
5449000165149,capy albalı,lezzet,,,reference,open_food_facts,
4760062105403,Berqa Jasmine,azersun,,,reference,open_food_facts,
4760060604061,Bizim sufrə,,,,reference,open_food_facts,
8690504033934,Milk Chocolate Coated Caramel And Biscuit Mini,Ülker,"Sugar, wheat flour, vegetable fats (palm, fully hydrogenated palm kernel), maltodextrin, sweetened condensed semi-skin Sun Cocoa mass, skimmed milk powder, whey powder, emulsifiers (ammonium phosphatides, soy lecithin, mono and diglycerides",,reference,open_food_facts,
4760088703694,Visnə,Natura,,,reference,open_food_facts,
8690624203787,Куйбышева 75 doritos тако,Doritos,,,reference,open_food_facts,
4760081603863,bimba,,,,reference,open_food_facts,
4760095101593,bismis süd,,,,reference,open_food_facts,
8690717004015,Beta Tea 500q net,Nur qida mmc,,,reference,open_food_facts,
4760048701131,Mister tum 100 GR,,,,reference,open_food_facts,
0690309014077,Молочный шоколад,Babyfox,,,reference,open_food_facts,
4606180005116,4606180005116,,,,reference,open_food_facts,
4760022407004,full cola,full,,,reference,open_food_facts,
4600699514167,Слобода Масло подсолнечное,Sloboda,,,reference,open_food_facts,
7622202203530,TUC Paprika,Tuc,,,reference,open_food_facts,
4760130800027,Pəhriz Çörəyi,No1 Çörək Zavodu,,,reference,open_food_facts,
7622210813998,Dark,Alpen Gold,,,reference,open_food_facts,
4820028529433,ds tort,ds,,,reference,open_food_facts,
4601576005370,Мечта Хозяйки,Glass,"Масло подсолнечное, вода, сахар, желток яичный, соль, уксус, сок лимонный, сорбат калия, бензонат натрия, природные ароматизаторы, краситель каротин. В составе ароматизатора содержатся продукты переработки горчицы. Может содержать продукты ",,reference,open_food_facts,
4760095103218,kəsmik,Azər Süd,,,reference,open_food_facts,
4760028318562,chips,chips,,,reference,open_food_facts,
4607015232866,глазированные вафли,яшкино,"Сахар, масла растительные, мука пшеничная хлебопекарная, какао-порошок, крахмал кукурузный, эмульгаторы: соевый лицетин, Е492; соль, разрыхлители: гидрокарбонат натрия, гидрокарбонат аммония; ароматизатор, антиокислители: токоферолы, концен",,reference,open_food_facts,
4760071500026,səba kərə yağı,,"roct 32261-2013 Terkibi: tobil inak sodinden alınmış pastertza edilmiş qayag 100 qmohsulun gide' zülallar - 0, karbohidatiar - 0,8 vitamin A-0,50 mq, enerji dayari - 748 Kkar Saxam nisbi rütubati 80 % - dan çaxmayan şaraitde istehsal müessi",,reference,open_food_facts,
4820192683605,Kent,British American Tabocco,,,reference,open_food_facts,
4760036300568,PAL SÜD,PAL SÜD,Təbii inek südü. Состав: Цельное коровье молоко. 3.4% yagli UНT sud Молоко ультрапастеризованное 3.4% жирности Qida deyərləri 100 ml Пищевая ценность в 100 мл Yag / Жиры Zilal / Белки Karbohidrat / Углеводы 3.4 q/г 2.6 q/г 4.7 q/r 60kkal En,,reference,open_food_facts,
4760026805824,Zavod çörəyi,N1 Çörəkçi,,,reference,open_food_facts,
4760003805180,сметана каунасская,MPro,,,reference,open_food_facts,
8680171510944,Dübar qazoz,Dübar,Dübar qazoz,,reference,open_food_facts,
4760086803459,DRAJE,Nati,,,reference,open_food_facts,
4760109700884,corek,,,,reference,open_food_facts,
8692388507381,Hazelnut,De Lucca,"Sugar, Vegetable Oil (Sunflower, Cottonseed), Hazelnut (13%), Cocoa(6,4%), Maltodextrin, Emulsifier (Sunflower lecithin), Flavoring agent (Vanillin).",,reference,open_food_facts,
4630007400381,Джинн,Smart,,,reference,open_food_facts,
8691707079666,Ozmo popsy,,,,reference,open_food_facts,
4607005408123,pobeda 57%,,,,reference,open_food_facts,
3800013531965,Cream face,,,,reference,open_food_facts,
4610053791161,4610053791167,,,,reference,open_food_facts,
4680089891326,Protein brownie,fitness shock,,,reference,open_food_facts,
4600494600526,Peach Ice Tea,Lipton,"Water, sugar, acidity regulators (citric acid, sodium citrate), black tea extract, peach juice (from concentrate), flavoring, antioxidant ascorbic acid, sweetener stevia extract.",,reference,open_food_facts,
4760081602235,milla yoqurt,,,,reference,open_food_facts,
4760109701926,German Bread,Çörəkçi,,,reference,open_food_facts,
8690504009201,Çizi,Ülker,"Пшеничено брашно, растително масло (палмово), суроватка на прах (млечен продукт), сол, сироп от глюкоза, захар, мляко на прах, сирене на прах(млечен продукт) 1%,набухватели(натриев бикарбонат, амониев бикарбонат, динатриев дифосфат), овкуси",,reference,open_food_facts,
6281100350147,Ulker Chocosandwich,Ülker,price 0.75,,reference,open_food_facts,
8695077125327,Esmerim,Ülker,"Wheat flour, vegetable oils (palm, cotton, sunflower, canola), sugar, invert syrup (beet), cocoa powder, corn starch, skimmed milk powder, raising agent (ammonium bicarbonate, sodium acid pyrophosphate, sodium bicarbonate), whole milk powde",,reference,open_food_facts,
8690504142959,Ülker Bol Sütlü Kare Çikolata,Ülker,"Şeker, tam yağlı süttozu, kakao yağı, kakao kitlesi, emülgatör (soya lesitini), tuz, aroma verici. Kakao kuru maddesi en az %30'dur. Eser miktarda gluten, yumurta, yerfıstığı ve sert kabuklu meyveler içerebilir.",,reference,open_food_facts,
5941664009567,Sesam-Sticks,Ülker,"_Weizenmehl_, _Sesamsamen_ (15%), Palmfett, Speisesalz, Backtriebmittel (Ammoniumcarbonate, Dinatriumdiphosphat), Säureregulator (Natriumhydroxid), _Vollmilchpulver_, Emulgator (_Sojalecithine_).",,reference,open_food_facts,
8690504142977,Bitter Çikolata %60,Ülker,"Kakao Kitlesi, Şeker, Kakao Yağı, Yağı Azaltılmış Kakao Tozu, Peyniraltı Suyu Tozu, Sade Yağ (Süt), Emülgatörler (Soya Lesitini, Poligliserol Polirisinoleat), Aroma Verici.",,reference,open_food_facts,
8690504080899,O'lala,Ülker,"ЗАХАР, ВОДА, РАСТИТЕЛНИ МАЗНИНИ (ПАЛМОВА, НАПЪЛНО ХИДРОГЕНИРАНА ПАЛМОВА), ЯЙЦА, ПШЕНИЧНО БРАШНО, ИНВЕРТИРАН ЗАХАРЕН СИРОП, МАЛТОДЕКСТРИН, ВЛАГОЗАДЪРЖАЩИ АГЕНТИ (СОРБИТОЛ, ГЛИЦЕРОЛ) ЧИСКОМАСЛЕНО КАКАО НА ПРАХ (3%), ЦАРЕВИЧНО НИШЕСТЕ, ЛЕШНИКО",,reference,open_food_facts,
8690504035747,Albeni,Ülker,,,reference,open_food_facts,
8690504114929,Piko,Ülker,"Powder, cocoa mass, cocoa butter, maltodextrin, whey powder wheat mat flour (gluten), humectants rapesee e emulsifiers (ammonium phosphatides, polyglycerol pollyromoleste, soy lecithin), barley natural orange, vanillin). May contain traces ",,reference,open_food_facts,
8690504039512,Ulker Halley BIscuits 10 pieces,Ülker,"Wheat flour, sugar, invert sugar syrup, water, vegetable fat (palm), cocoa butter, cocoa mass, whole milk powder, skimmed milk powder, raising agents (ammonium hydrogen carbonate, sodium hydrogen carbonate, disodium diphosphate), humectant ",,reference,open_food_facts,
8690504018573,Clip Pizza Sticks,Ülker,"(onjalecitin) Kan ng kryride sort peber inatum diphosphat, kart lecitin) Kan indeho efedt og dets den 8 690504-018575",,reference,open_food_facts,
8690612314956,Tuna Fish,SuperFresh,"Tuna, Sunflower Oil (27%), water, salt.",,reference,open_food_facts,
8691375608201,Bizim margarin,Ulker,,,reference,open_food_facts,
8690504114150,Biskrem,Ülker,"FR sel Bi Tem gredients: Wheat flour, sugar, vegetable oils (palm, sunflower), invert sugar syrup, fat reduc oa powder azelnu Hard Vivatives oisettes Coudre de cuits with coco cream fillin whole egg, whole milk der, raising agents (sodium h",,reference,open_food_facts,
8690504007203,Ulker Probis Sandwich Biscuits 10 Pack 280G,Ülker,"Kakaolu ve muzlu krema (%36) [şeker, bitkisel yağ (palm), kao tozu (%8), yağsız süttozu, buğday proteini, muz tozu (%0,2)*, emülgatör (soya lesitini), aroma verici, asitlik düzenleyici (sitrik asit)]. iday unu, soya unu, bitkisel yağ (palm)",,reference,open_food_facts,
8690504015202,Stick crackers,ulker,"Wheat flour, vegetable fats (palm), whey powder (milk, sugar, invert sugar syrup, cheese powder (2.4%), salt, raising agents (sodium hydrogen carbonate, disodium diphosphate), flavourings (milk), emulsifier soy lecithin). May contain traces",,reference,open_food_facts,
8690504067108,Kekstra Jölebol Çilek,Ülker,"Sugar, vegetable fats a over, wheat flour, egg, water, invert sugar syrup, maltodextrin, starch, humectant (glycerol), de dose sat rising agents Pero esters of fatty acids, soy lecithin), flavourings, preservatives (potassium sorbate, sorbi",,reference,open_food_facts,
8690504082994,Sakliköy,ülker,"Enerji TR Cikolatalı ve Sütlü Kremalı Tam Buğday Unlu Bisküvi, içindekiler: Buğday unu, tam buğday unu (%16), sütlü krema (%16) [bitkisel yağ (palm), şeker, kurutulmuş glukoz şurubu, permeat tozu (süt), laktoz (süt), yağsız süttozu (%5), em",,reference,open_food_facts,
8690504017264,Petit-Beurre Biscuits,Ülker,"Wheat flour, sugar, vegetable oil (palm), invert sugar syrup, full fat pasteurized milk (2.5%), raising agents (ammonium hydrogen carbonate, sodium hydrogen carbonate, disodium diphosphate), whey powder (milk), salt, flavoring donor, flour ",,reference,open_food_facts,
8690504115016,Biskrem,Ülker,"Wheat flour, sugar, vegetable oils (palm, sunflower), invert sugar syrup, fat-reduced cocoa powder (2.8%), hazelnut puree, eggs, salt, raising agents (sodium hydrogen carbonate, disodium diphosphate), full-fat milk powder, emulsifiers (soy ",,reference,open_food_facts,
8690504157641,Antep Fıstıklı Çikolata,Ülker,"Şeker, tam yağlı süttozu, bütün antep fistığı (%18), kakao yağı, kakao kitlesi, emülgatör (soya lesitini), tuz, aroma verici. Kakao kuru maddesi en az %30'dur.",,reference,open_food_facts,
8683508073736,Çokonat Baklava,Ülker,,,reference,open_food_facts,
8690766082303,Kekstra,Ülker,"Sugar, Wheat Flour, Egg, Vegetable Fats and Oils lm, Sunflower), Water, Invert Sugar Syrup Maltodextrin, Humectant (Glycerol), Starch, Dextrose, Emulsifiers Rono and Diglycerides of Fatty Acids, Soy Lecithin, Polyglycerol Esters of Fatty Ac",,reference,open_food_facts,
8690504641733,Ulker Bizim Mutfak Lentil Soup,Ülker,"Lentil flour (40%), wheat flour, salt, starch (corn), dried potato (contains sulphite), dried onion, flavour enhancer i (monosodium glutamate), sugar, flavourings, red pepper, turmeric, spices (cumin, black pepper, sweetbay), olive oil, dir",,reference,open_food_facts,
8690504024538,Susamlı çubuk kraker,Ülker,"palm, tuz, kabartıcılar, asitlik düzenleyici, tam yağlı süttozu, emülgatörler, buğday unu, gluten",,reference,open_food_facts,
5941664006816,Biskrem,ULKER,"Făină de grâu, cremă de cacao 30% [zahăr, grăsime vegetală nehidrogenată (palmier), cacao cu conținut de grăsime (10%), pastă de alune, lapte praf integral, zer praf, emulsifiant (lecitină de soia), sare iodată, arome (etil-vanilină, alune)",,reference,open_food_facts,
8690504121336,Ülker Çokokrem,Ülker,"Şeker , bitkisel yağlar , (palm , ayçiçek , kanola), peyniraltı suyu tozu (süt), kakao tozu (%7), fındık (%4), yağsız süttozu (%4), emülgatörler (soya lesitini, poligtiserol polirisinoleat), aroma vericiler , tuz .",,reference,open_food_facts,
8690504011695,Altınbaşak Light,Ülker,"Wheat flour, whole wheat flour, vegetable fat (palm), wheat bran (4.7%), rolled oats (4.6%), 3.5 sodium hydrogen carbonate, disodium diphosphate), salt, molasses, invert sugar syrup, skimmed milk powder quinoa (0.8%), emulsifier (mono and d",,reference,open_food_facts,
8691375673083,Ulker Teremyag Margarin / Unsalted Margarine - 250 GR,Ülker,"Vegetable Oils and Fats (59%) (Sunflower, Palm, Cottonseed, Canola), Water, Pasteurized Skimmed Milk, Emulsifiers 40032664 (mono-diglycerides of fatty acids, lecithins (sunflower, soy)), Salt (Max. 0,18%), Preservative (Potassium Sorbate), ",,reference,open_food_facts,
6281100353524,Teabiscuits,Ülker,price 1.25,,reference,open_food_facts,
8690504064378,"Dankek Lokmalik , Kakaolu",Ülker,,,reference,open_food_facts,
8690504020505,Çikolatalı Gofret,Ülker,,,reference,open_food_facts,
8690504008691,Dore,Ulker,Befo Kayıt No: MERKE www.ulker.com.tr 90 212 5677557 ICE www.pladisglobal.com Domuz kaynaklı hiçbir bileşen MLZ KOO 40 8690504&quot;008699 içermez./Does not contain any pork derivatives. Çeşit No: 00086-09 DORE03-BRJ 69888-9109:50 Kokus 18-,,reference,open_food_facts,
8690504011808,Ülker Hanimeller Findikli,Ülker,"Wheat Flour, Sugar, Vegetable Fat (Palm), Roasted Hazelnuts (4,8%), Paising Agents (Ammonium Hydrogen Carbonate, Disodium Diphosphate, Sodium Hydrogen Carbonate), Invert Sugar Syrup, Salt, Whole Milk Powder, Flavourings, Egg, Emulsifier (So",,reference,open_food_facts,
8690504085593,9 kat tat,Ülker,,,reference,open_food_facts,
6281100350156,Ulker Halley,Ülker,,,reference,open_food_facts,
8690504115380,Biskrem,Ülker,"qollak, dlsdoyum diostan), tam yağlı suttozu, ogserol polisiholeat), aroma vericiler (süt içerir), peynir at suyu tozu, eser miktarda susam ve diğer en biscuits with cocoa cream filling (30%), inoredients: wheat flour, sugar, vegetable fats",,reference,open_food_facts,
8690504067612,Olala Tiramisu,Ülker,"Sugar, Water, Egg, Vegetable Fats and Oils (Ful Matodextrin, Skimmed Milk Powder, Invert Sugar Syrup, Dextrose, Cocoa Butter, Wheat Flour (Gluten), Cocoa Mass, Whole Milk Powder, Labneh Cheese Powder (1,9%), Fat Reduced Cocoa Powder (1,4%),",,reference,open_food_facts,
8690504018023,Krispi Stick Crackers,Ülker,,,reference,open_food_facts,
8690504116255,Altınbaşak Çörekotlu Kinoalı Labneli Kraker,Ülker,,,reference,open_food_facts,
6281100358103,ULKER fingers biscuits,Ülker,price 1.25,,reference,open_food_facts,
8690504135560,Cikolatali Gofret,Ülker,,,reference,open_food_facts,
6222024102892,Ulker Chocosandwich,Ulker,,,reference,open_food_facts,
8683508112071,GO ahead Protein Bar,Ülker,"Yer fıstığı, hurma, süt proteini konsantresi, hurma suyu konsantresi, mısır lifi, tatlandırıcılar, nem vericiler, kakao, hindiba kökü lifi, emülgatörler, doğal aroma vericiler",,reference,open_food_facts,
8690504108830,Krispi Baharatlı Çubuk Kraker,Ülker,,,reference,open_food_facts,
8690766157777,Tablet Çikolata Bitter,Ülker,"Cocoa Mass, Sugar, Cocoa Butter, Fat Reduced Cocoa Powder, Whey Powder, Butter Oil (Milk), Emulsifiers (Soy Lecithin, Polyglycerol Polyricinoleate), Flavouring. Cocoa solids: 60% minimum. May Contain Traces of Gluten, Egg and Nuts. Tavsiye ",,reference,open_food_facts,
8690766026389,Çikolatalı Yaş Pasta,Ülker,"Sugar, Vegetable Fats (Palm, Palm Kernel, Cotton, Sunflower, Rapeseed, Shea), Maltodextrin, Whole Milk Powder, Water, Wheat Flour, Cocoa Butter, Cocoa Mass, Egg, Humectants (Glycerol, Sorbitol), Dextrose, Skimmed Milk Powder, Invert Sugar S",,reference,open_food_facts,
8690504513102,Cola turka,Ülker,"Eau, sucre, dioxyde de carbone, colorant (E150d), acidifiant (E338), arôme naturel, édulcorant (sucralose, acésulfame K), arôme caféine.",,reference,open_food_facts,
5941664009576,Clip,Ülker,"106 TA AT FR NL/BE/SE Importer. Akar Gmbh, Am Logistik Park 3, D-85416 Lange portor. Megafood ApS Sintrupvej 30-32, 8220 Brabrand Danmark e-mail:info@ GB Gama Med Ltd, N9 OBJ www.gamauk.com Manufacturer / Hergestellt von / Produit par / Gep",,reference,open_food_facts,
8690504131458,Dido Trio,Ülker,,,reference,open_food_facts,
8692971481847,"Mayonez,",Ülker,"Huile végétale (tournesol, colza)/ eau, jaunes d'oeufs pasteurisé, sucre, vinaigre de raisin, amidon de maïs modifié, sel, concentré de jus citron, acidifiant (acide citrique), antioxydant (EDTA), épices.",,reference,open_food_facts,
8690504085672,9 kat tat- Rulokat (Ülker),ulker,"tozu, oltler agi. Rakao kuru madde 856-07 ULKER RULOKAT 9 KAT KAT CHOC. CRE. WAFER",,reference,open_food_facts,
8690504110233,Ikram,Ulker,,,reference,open_food_facts,
8690504018087,Солети дусам,Ülker,"Пшенично брашно, сусамени семена (17%), растителна мазнина (палмова), сол, набухващи агенти (амониев хидрогенкарбонат, динатриев дифосфат), регулатор на киселинността (натриев хидроксид), пълномаслено сухо мляко, емулгатор (соев лецитин). М",,reference,open_food_facts,
8690504011710,Cifte,Ülker,,,reference,open_food_facts,
8690504142719,Ülker pistachio white chocolate,Ülker,,,reference,open_food_facts,
8690504079273,Ulker Dankek Poti With Cocoa,Ülker,୪ Dankek pott 03 205 23 4030,,reference,open_food_facts,
8690504011738,Salted sticks,Ülker,,,reference,open_food_facts,
8690504011206,Ulker Kakaolu Bisküvi,Ulker,"Wheat flour, Sugar, Vegetable Oil (Palm). Glucose Symeocoa Pow (4%), Raising Agents (A imo lun y Whey Powder (Milk Puct), Salt, silk powder (0,2 %), Flavouring (Milk Product), egg, soy and hazelnuts May contain traces n Carbonate, Sodium Hy",,reference,open_food_facts,
8690504019509,9 Kat Tat Original Fındıklı Kremalı Gofret,Ülker,,,reference,open_food_facts,
8690504064369,dankek,Ülker,,,reference,open_food_facts,
8690504020338,Biskrem Biscuit Filled With Cocoa Cream 130Gm,Ülker,,,reference,open_food_facts,
8690504016885,Ülker bebe sutlu biskuvit,Ülker,,,reference,open_food_facts,
8690504005108,çokokrem,Ülker,,,reference,open_food_facts,
8690504096076,Café Crown,Ülker,,,reference,open_food_facts,
6281100357900,ulker choco al amir,ULKER,"[Wheat Flour (60.9%), Sugar, Non Hydrogenated Vegetable Oil (Palm, Palm Kernel), Glucose Syrup, Invert Syrup, Whey Powder (Cow), Corn Starch, Raising Agents (Ammonium Bicarbonate and Sodium Bicarbonate), Acidity Regulator (Sodium Acid Pyrop",,reference,open_food_facts,
8692971071701,ülker Içim Karisik,Ülker,"Su, Şeker (*$) veya Fruktoz-Glukoz Şurubu (&quot;F), Çeşitli Meyve Suyu ve Püre Konsantreleri (Şeftali, Kayısı, Elma, Portakal, Kirmizi Üzüm, Vişne), Asitlik Düzenleyici (Sitrik Asit), Aroma Vericiler (Doğal Portakal, Ananas, Şeftali, Mango",,reference,open_food_facts,
8690504086529,Canpare,Ülker,,,reference,open_food_facts,
8690766085735,9 kat tat,Ülker,,,reference,open_food_facts,
8690504065818,Юлкер олала гофрета,Ülker,"ЗАХАР, ВОДА, ПШЕНИЧНО БРАШНО, РАСТИТЕЛНА МАЗНИНА (ПАЛМОВА), ВЛАГОЗАДЪРЖАЩИ АГЕНТИ (ГЛИЦЕРОЛ, СОРБИТОЛ), ГЛЮКОЗЕН СИРОП, ЯЙЦА, ИНВЕРТИРАН ЗАХАРЕН СИРОП, НИСКОМАСЛЕНО КАКАО НА ПРАХ (2,5%), ДЕКСТРОЗА, МОДИФИЦИРАНО НИШЕСТЕ, ШОКОЛАД (1%), НАБУХВ",,reference,open_food_facts,
4870112006474,Albeni Карамельный крем,Ülker,,,reference,open_food_facts,
8690504117829,Susamli cubuk kraker,Ülker,,,reference,open_food_facts,
8690504643546,Risi Arpa Şehriye,Bizim Mutfak,Semoule de _blé_,,reference,open_food_facts,
8690840216396,Oneo,Ülker,,,reference,open_food_facts,
8690504011428,اولكر بسكوت هانميلير مشكل 150 جرام,ulker,,,reference,open_food_facts,
8690504818575,Clip pizza stick,Ülker,,,reference,open_food_facts,
8690504136161,Ülker Çikolata Gofret,Ülker,,,reference,open_food_facts,
8690504439271,Labneh,Ülker,,,reference,open_food_facts,
8690504009089,Çokoprens,Ülker,"Wheat flour, vegetable and is az/Salt bully hydrogended palm suntovat raket 1 porsiyondur./m ngents (ammonium C",,reference,open_food_facts,
8683508142054,Fındık Rüyası,Ülker,,,reference,open_food_facts,
8690504111038,Rondo,Ülker,,,reference,open_food_facts,
8690504032139,Smartt Milk Chocolate & Cream,Ülker,,,reference,open_food_facts,
8690504190558,Paylaşmalık TAÇ Kraker,Ülker,"Wheat flour, vegetable fat (palm), maltodextrin, raising agents (ammonium hydrogen carbonate, sodium hydrogen carbonate, disodium diphosphate), sugar, salt, invert sugar syrup, malt extract (gluten), whey powder, egg, acidity regulator (cit",,reference,open_food_facts,
8683508112053,Portakallı ve Bitter Çikolatalı Kuruyemiş Bar,Ülker,,,reference,open_food_facts,
8690504112116,XL Cookie,Ülker,,,reference,open_food_facts,
8690504435433,Labneh,Ülker,"Pasteurized fresh cow's milk, pasteurized cow's cream, starter culture (lactic acid bacteria), salt (%0.8). Allergen statement: Contains Milk. المكونات حليب بقري مبستر، كريمة مبسترة ، بادئ التخمير بكتيريا حمض اللاكتيك) ، ملح (%0.8) بيان مسب",,reference,open_food_facts,
8690504024361,Knusprige Sesamstangen,Ülker,"FARINE DE BLÉ, GRAINES DE SÉSAME (22%), GRAISSE VÉGÉTALE (PALME), SEL, LEVURES (CARBONATES D'AMMONIUM ET DIPHOSPHATE DISODIQUE),",,reference,open_food_facts,
8690504020374,biskrem (grand sachet de 170g),ÜLKER,"Farine de blé, crème de cacao 30% [sucre, huile de palme poudre de cacao(10%), noisette (4%), lait en poudre, émulsifiant (lécithine de soja), sel, arôme], sucre, huile de palme, sirop de glucose, œuf, sel, poudre à lever (carbonates de sod",,reference,open_food_facts,
8692971481944,ülker Bizim Mutfak Ketchup,Ülker,"Concentré de tomates 62 %, eau, sucre, sirop de glucose, amidon de maïs modifié, sel, vinaigre de raisin, acidulant (acide acétique), épaississant (gomme de guar, gomme de tara, agar), arôme, épices, conservateur (benzoate de sodium).",,reference,open_food_facts,
8690526614087,stick crackers extra spicy,ETI,"861408 61408 459 eti.com 13:37.10.1 KRK Garlic Fooder Acidity Regulator act Whey Powder (Milk Product) Invert ato Paste, Salt Raising Agent (Ammonium gen Gite Chill Pepper Powder 1,1%, Yeast Extract, Flavouring per) Flour Treatment Agent (S",,reference,open_food_facts,
8690526062992,ETi Whola Digestive Cookies,ETI,"FK-51010520A Camionale, Wheat Dan Carbonate, Sodium Adid Pyrophosphate), Salt, Nature-identical Flavourings (Butter-Vanilla, Chocolate). Allergen Information: Contains Gluten (Wheat, Oat) and Peanut. May contain trace amounts of Hazelnut, A",,reference,open_food_facts,
8690526055655,Eti Wafe'up extra Cocoa Cream Wafer,ETi,price 1.50,,reference,open_food_facts,
8690526024497,Crax Spec Djeges dhe Limon Jeshil,Eti,"_Пшенично брашно_ (съдържа глутен), екструдирана царевица [царевичен грис, захар, царевично нишесте, агент за обработка на брашното (калциев карбонат), емулгатор (моно - и диглицериди на мастни киселини)], растителни масла (палмово, слънчог",,reference,open_food_facts,
8690526010111,Crax sticks,ETI,"Пшенично брашно (Съдържа глутен) Растително масло (Палма, слънчогледово, памукови семена, рапично), Смес от подправки 3,5% Maгданоз, Целина, Чесън), Прах от суроватка (млечни продукти), Глюкозо-фруктозен сироп, Набухвател (Амониев хидрогени",,reference,open_food_facts,
8690526602949,Eti Burçak Bitkisel içerikli Çok Tahıllı Bisküvi,Eti,"Tam Buğday Unu (Gluten) %28,8, Buğday Unu (Gluten) % 18,7, Elma Suyu Konsantresi %15, Bitkisel Yağ (Aycicek). Yulaf Ezmesi (Gluten) %7, Hindistan Cevizi %3, Kabartıcılar (Amonyum Hidrojen Karbonat, Sodyum Hidrojen Karbonat, Sodyum Asit Piro",,reference,open_food_facts,
8690526010120,Crax Sticks Cheese,Eti,"_Пшенично брашно_ (Съдържа глутен), Растително масло (Палма, семена, рапично), Глюкозо-фруктозен сироп _Прах от суроватка_ (млечни продукти), _сирене на прах_ 2,4% (млечни продукти) Сол, Набухватели (Натриев хидрогениран карбонат, Амониев х",,reference,open_food_facts,
8690526090348,Tutku,Eti,"peniche flour (contains gluten), vegetable oil (palm, sunflower, cottonseed, rapeseed), sugar, starch, cocoa powder 1%, salt, naughtily (sodium pyrophosphate, sodium hydrogencarbonate), flavourings, emulsifier (sunflower lecithin), cream 30",,reference,open_food_facts,
8690526094098,ETI FORM,ETI,,,reference,open_food_facts,
8690526053736,Eti Browni Gold,Eti,"Kek 85% (Palm yağı, şeker, _buğday unu_, _gluten_), _yumurta_, invert şeker şurubu, nem vericiler (gliserol, sorbitol), bitter çikolata 4,5%, (şeker, kakao kitlesi, kakao yağı, yağı azaltılmış kakao tozu), emülgatörler (ayçiçek lesitini, po",,reference,open_food_facts,
8690526080280,Tea biscuits,Eti,"Farine de Blé (Contient du gluten), Sucre, Huile Végétale (Palme, Tournesol, Grain de Coton, Canola), Lait en Poudre écrémé, Sirop de Glucose-Fructose, Poudres à lever Carbonate d'Ammonium Hydrogéné, Carbonate de Sodium Hydrogéné), Sel, Arô",,reference,open_food_facts,
8690526661100,Eti Burcak Klasik,Eti,,,reference,open_food_facts,
8690526094706,Lifalif Müsli Kuru Meyveli ve Fındıklı,Eti,"Yulaf ezmesi (gluten içerir) , Kuru üzüm %7, Kuru incir % 7, Kuru kayısı % 6, Fındık %4",,reference,open_food_facts,
8690526094034,Eti Balik Keaker,Eti,,,reference,open_food_facts,
8690526075552,Eti Darelo Dark Chocolate,Eti,"cocoa cream 66,2% [vegetable oil (palm, sunflower, cottonseed), sugar glucose syrup,milk powder, cocoa 9,7%, whey powder (milk product), cocoa butter, emulsifier (sunflower lecithin), flavourings (chocolate, vanilin), salth dark chocolate 2",,reference,open_food_facts,
8690533714145,Crax,ETI,,,reference,open_food_facts,
8690526044826,Gong honey and mustard flavored,Eti,,,reference,open_food_facts,
8690526031132,Cicibebe,Eti,,,reference,open_food_facts,
8690526094201,"Eti Form Hurma, İncir ve Çiyalı Tam Buğday Unlu Bisküvi",Eti,"Buğday Unu, Maltodekstrin, Bitkisel Yağ (Palm, Ayçiçek, Pamuk, Kanola), Şeker, Tam Buğday Unu %5,8, Yulaf Unu, Hurma Ezmesi %4,2, İncir Ezmesi %4,2, Çavdar Unu, Polidekstroz, Çiya Tohumu %2, Kabartıcılar (Amonyum Hidrojen Karbonat, Sodyum H",,reference,open_food_facts,
8690526063742,Brownie Gold  Vişneli Çikolatalı Kek,Eti,,,reference,open_food_facts,
8690526267931,Lifalif Puffed Granola,Eti,"Yulaf ezmesi (gluten) (33%), tahıl patlağı (20%), bitkisel yağlar (ayçiçek, zeytinyağı), elma suyu konstantresi (9,2%), kuru üzüm (9%), hurma pekmezi (8%), fındık (5,5%), kakao çekirdeği parçacıkları (2,2%), kakao tuzu (2%), tarçın, tuz",,reference,open_food_facts,
8690526487401,Burçak Kurabi,Eti,,,reference,open_food_facts,
8690526940645,Canga Cookie,Eti,,,reference,open_food_facts,
8690526033750,Pop-kek with chocolate,Eti,,,reference,open_food_facts,
8690526076524,Browni intense,Eti,,,reference,open_food_facts,
8690526704016,Eti crax,Eti,,,reference,open_food_facts,
8690526019945,Eti lifalif müsli 250 k meyveli,Eti,"_Yulaf_ Ezmesi (_Gluten_ içerir) 75.7%, Elma Tozu, Badem 4%, Kurutulmuş Turna Yemişi 3%, Hibiskus 2.8%, Kurutulmuş Vişne 1%.",,reference,open_food_facts,
8690533734060,Eti susamlı çubuk,Eti,"Wheat Flour (Gluten), Sesame 13%, Vegetable Oils (Palm, Sunflower, Cottonseed, Canola), Whey Powder (Dairy Product), Inverted Sugar Syrup, Salt, Leavening Agents (Ammonium Hydrogen Carbonate, Sodium Hydrogen Carbonate), Acidity Regulator (S",,reference,open_food_facts,
8690533074010,Crax,eti,,,reference,open_food_facts,
8690526074827,Gong Honey mustard,Eti,"Mısır %40,2, Pirinç %36,5, Bitkisel Yağ (Palm), Bal ve Hardal Aroma Çeşnisi %4,8 [Şeker, Tuz, Soğan Tozu, Aroma Vericiler, Buğday Unu (Gluten içerir), Maydanoz Tozu, Bal Ekstraktı, Hardal Ekstraktı], Tuz, Renklendirici (Kurkumin), Emülgatör",,reference,open_food_facts,
8690533003173,Cin,eti,"Buğday unu, Bitkisel Yağlar (Palm, Ayçiçek, Pamuk), Kabartıcılar, Tuz, Aroma Verici, Kıvam artırıcı, Asitlik Düzenleyici, Sos %30 [Glukoz Şurubu, Invert Şeker Şurubu, Şeker, Portakal Pulpu %2,6, Kivam Yag Azaltılmış Kakao Tozu %3,  Jelatini",,reference,open_food_facts,
8690526024895,Balik Kraker Misirli,Eti,"FK-5100000 BALIK K-MISIRLI KRAKER - İçindekiler: Buğday Unu (Gluten), Bitkisel Yağ (Palm, Ayçiçek, Pamuk, Kanola), Kabartıcılar (Amonyum Hidrojen Karbona Hinnat), Aroma Vericiler, Şeker, Invert Şeker Şurubu, Tuz, Mısır Unu %0,9, Un İşlem Ma",,reference,open_food_facts,
8690526023027,Lifalif Yer Fıstıklı Üzümlü Fındıklı Bademli Granola,Eti,"_Yulaf_ Ezmesi (_Gluten_) 36%, _Yer-Fıstığı_ 18%, Bitkisel Yağlar (Ayçiçek, Zeytinyağı), Elma Suyu Konsantresi 8.8%, Hurma Özü 67,1, Üzüm 6%, Tam Buğday Gevreği (_Gluten_) 5%, _Fındık_ 4%, _Badem_ 2%, Tereyağı (_Süt_ Ürünü), Tuz.",,reference,open_food_facts,
8690526001131,Cicibebe,Eti,,,reference,open_food_facts,
8690526627744,Солети Със Сирене,ETi,"wheat flour (gluten), vegetable fats (palm, cottonseed, rapeseed, sunflower), whey powder (milk product), cheese powder 2.4% (milk product), leavening agents (sodium bicarbonate, ammonium bicarbonate), red pepper, flavoring (contains celery",,reference,open_food_facts,
8690526043429,Tutku,Eti,"FK S101052 ETI Tutku Kakao Kremalı Mozaik Bisküvi BAHA BÜYÜK PAKET **Tutku 100 g'a göre %50 daha fazladır. KAKAO KREMALI MOZAIK BİSKÜVİ-İçindekiler: Buğday Unu (Gluten) Bisel Yağlar (Palm, Ayçiçek, Pamuk, Kanola), Şeker, Yağı Azaltılmış Kak",,reference,open_food_facts,
8690526563057,Popkek Şeftali,Eti,"Şeker, Tam Buğday Unu, Bitkisel Yağ (Palm), Kakao Kitlesi (%5,7), Emülgatör (Ayçiçek Lesitini), Aroma Verici (Bisküvi), Tuz, Sodyum Hidrojen Karbonat, Tuz, Aroma Verici (Tereyağ).

Alerjenler: Buğday Unu (Gluten), Süt Ürünü (Peynir Altı Suy",,reference,open_food_facts,
8690526266844,dare,eti,,,reference,open_food_facts,
8690526041351,CiciBebe,Eti,,,reference,open_food_facts,
8690526065537,Hoşbeş Hindistan Cevizli Gofret,Eti,,,reference,open_food_facts,
8690526067438,Maximus,Eti,"Şeker, İnvert Şeker Şurubu, Yer Fıstığı, Tam Yağlı Süt Tozu, Bitkisel Yağ (Palm yağı, Tam Hidrojenize Palm), Maltodekstrin, Buğday Patlağı (Gluten içerir), Kakao Yağı, Peynir Altı Suyu Tozu (Süt Ürünü), Kakao Kitlesi, Nem Verici (Sorbitol),",,reference,open_food_facts,
8690526063140,Cin,Eti,"Bisküvi %60 [Buğday Unu (Gluten), Bitkisel Yağ (Palm, Ayçiçek, Pamuk, Kanola), Şeker, Invert Şeker Şurubu, Kabartıcılar (Amonyum Hidrojen Karbonat, Sodyum Hidrojen Karbonat), Tuz, Aroma Verici], Portakallı Sos %30 [Glukoz Şurubu, Invert Şek",,reference,open_food_facts,
8690526036827,Adicto Intense Chocolate Covered & Cream Filled Cake,Eti,,,reference,open_food_facts,
8690526040343,Tutku,Eti,,,reference,open_food_facts,
8690526018867,Karam 54% Cocoa Dark Chocolate,Eti,"kakao kitlesi, şeker, kakao yağı, kakao tozu, _tereyağı_, ayçiçek lestini, vanilin",,reference,open_food_facts,
8690526065005,Gong Pops,Eti,,,reference,open_food_facts,
8690526001539,Burçak Limonlu Kremalı Yulaflı Bisküvi,Eti,,,reference,open_food_facts,
8690526037987,Antep Fıstıklı Çikolata,Eti,,,reference,open_food_facts,
8690526878621,Karam Gurme,Eti,,,reference,open_food_facts,
8690526877394,Dare with Dark Chocolate,Eti,,,reference,open_food_facts,
8690526813776,Dare Milk Chocolate,Eti,,,reference,open_food_facts,
8690526028059,Karam Bitter,Eti,"Şeker, Kakao Kitlesi, Kakao Yağı, Tam Yağlı Süt Tozu, Emülgatörler (Ayçiçek Lesitini, Poligliserol Polirisinoleat), Aroma Verici (Vanilin).",,reference,open_food_facts,
8690526013525,Eti Form Tam Çavdarlı Ekşi Mayalı Kepekli Bisküvi,Eti,"Buğday Unu, Kepek 8,7%, Tam Buğday Unu, Buğday Kırması, Buğday Gluteni, Bitkisel Yağ (Palm, Ayçiçek, Pamuk, Kanola), Keçiboynuzu Unu, Çavdarlı Ekşi Maya Tozu 3%, Kabartıcılar (Amonyum Hidrojen Karbonat, Sodyum Hidrojen Karbonat), Tam Çavdar",,reference,open_food_facts,
8690526097101,Ети Брауни,ETI,,,reference,open_food_facts,
8690526023832,Burçak bitter karam,eti,,,reference,open_food_facts,
8690526643016,Eti kremalı,eti,,,reference,open_food_facts,
8690526786560,Kombo Lokmalık,Eti,"Buğday Unu (Gluten), Bitkisel Yağ (Palm, Aycicek, Pamuk, Kanola), Seker, Peynir Alti Sw Süt Ürünü Pastörize Yumurta, Kabartıcılar (Amonyum Hidrojen Karbonat, Sodyum Hidrojen Karbonat, Sodyum Asit Pirofosfat), Invert Seker Surubu, Melas Suru",,reference,open_food_facts,
8690526671286,Canga Antep Fıstıklı,Eti,,,reference,open_food_facts,
8690526818577,Десерт Dare С Карамел,ETI,,,reference,open_food_facts,
8690526895521,Popkek,Eti,,,reference,open_food_facts,
8690526996422,Puf Cake,Eti,,,reference,open_food_facts,
8690526069490,Lifalif,Eti,"Yulaf Ezmesi %36, Yer Fıstığı %17,3, Zeytinyağı, Fındık %69,1, Tam Buğday Gevreği, Hurma Özü, Elma Suyu Konsantresi, Badem %4, Tereyağı (Süt Ürünü), Tuz. Gluten içerir. Eser miktarda Antep Fıstığı, Ceviz, Kaju Fıstığı ve Yumurta içerebilir.",,reference,open_food_facts,
8690526215503,Dare - Cocoa Wafer with Dark Chocolate Cream,ETI,,,reference,open_food_facts,
8690526097989,Eti çikolata,eti,,,reference,open_food_facts,
8690526004679,Gong original,Eti,"corn 47%, Rice 43%, Wheat, salt, oat, vegetable Oil (palm) Emulsifier (Sunflower lecithin). Contains Gluten. May contain trace amounts of Mustard and Milk Product.",,reference,open_food_facts,
8690526061090,Eti Kakaolu Bisküvi,Eti,"Buğday Unu (Gluten içerir), Bitkisel Yağ (Palm, Ayçicek, Pamuk, Kanola), Şeker, Glukoz-Fruktoz Şurubu, Kakao %3,5,  Kabartıcılar (Amonyum Hidrojen Karbonat, Sodyum Hidrojen Karbonat), Tuz, Aroma Vericiler, Renklendirici (Karamel).",,reference,open_food_facts,
8690526083427,Tutku,Eti,,,reference,open_food_facts,
8690526693367,Burçak Sütlü Kremalı 4lü,Eti,,,reference,open_food_facts,
8690526060295,Eti tea biscuits cocoa,ETI,"Weizenmehl (Gluten), Zucker, pflanzliche Öle (Palmöl, Sonnenblumenöl, Baumwollsaatöl, Rapsöl), Glukose-Fruktosesirup, Fettarmes Kakaopulver 3%, Backtriebmittel (Ammoniumhydrogencarbonat, Natriumhydrogencarbonat, Natrium Säure-Pyrophosphat),",,reference,open_food_facts,
8690526047504,Eti Chocolate with Milk,Eti,"Enerji ve Besin Öğeleri (100g'da) Enerji (kJ/kcal) 2255/541 Yağ (g) 33 Doymuş Yağ (g) 21 Trans Yağ (g) 0,2 Karbonhidrat (g) 53 Şekerler (g) 50 Lif (g) 5,2 Protein (g) 6,2 Tuz (g) 0,28",,reference,open_food_facts,
8690526023179,CIN ORANGE JELLY BISCUIT,eti,,,reference,open_food_facts,
8690526030328,Cin strawberry jelly biscuit,Eti,"Biscuit 60% [Wheat Flour, Vegetable Oil (Palm, Sunflower, Cotton, Canola), Sugar, Invert Sugar Syrup, Raising Agents (Ammonium Hydrogen Carbonate, Sodium Hydrogen Carbonate), Salt, Flavoring], Strawberry Sauce 30% [Glucose Syrup, Invert Sug",,reference,open_food_facts,
8690526019501,Lifalif Yulaf Ezmesi,Eti,Yulaf Ezmesi,,reference,open_food_facts,
8690526794091,Eti Form Kepekli,Eti,,,reference,open_food_facts,
8690526053860,Поп кейк - банан,ETI,"per 70 re ha 1797/428 18 kojih šećeri (g) 1.0 2642 12 61 41 - /Масти/Masti (g) at të ngopura/от които наситени мастни киселини масти/od kojih zasićene masne kiseline nexunparw/Ugljeni hid 8490526053848 α Нето тегло, Нето количина. 45 RS Net",,reference,open_food_facts,
8690526056469,Попкейк Mini Pop Kekz,ETI,,,reference,open_food_facts,
8690526015781,Eti Çanga Yer Fıstığı,Eti,,,reference,open_food_facts,
8690526029739,Pastamia,Eti,"Fr PASTAMIA - SÜTLÜ, BALLI VE CEVİZLİ PASTA - İçindekiler: Kek %60 [Buğday Unu (Gluten İçerir), Şekei, Yumurta, Bitkise! Yağ (Tam Hidrojenize Palm, Ayçiçek), Bal %5,1, Kabartıcı (Sodyum Hidrojen Karbonat), Koruyucu (Sorbik Asit)], Sütlü Kre",,reference,open_food_facts,
8690526032955,Burçak Tuzlu Çörek Otlu Bisküvi,Eti,,,reference,open_food_facts,
8690526047805,Milk Burger,Eti,ar TU OTWIERAC 820-582-22202869071 Milk Burger Zmlekiem i miodem 8 690526 047805,,reference,open_food_facts,
8690526316909,Fıstık Ezmeli Kremalı,Eti,,,reference,open_food_facts,
8690526099048,Browni,Eti,,,reference,open_food_facts,
8690526440899,Lifalif Cocoa Finely Ground Muesli,Eti,"_Yulaf_ Ezmesi (_Gluten_) 66%, _Fındık_ 15%, Elma Tozu, Kakao Çekirdeği Parçacığı 3%, Kakao Tozu 2.5%.",,reference,open_food_facts,
8690565100538,Pinar Süt 1 lt,Pinar,PI Gercek Yaşam Gerçek Lezzet Doğal 0%100 Net: 1L e Yağlı Süt Pinat,,reference,open_food_facts,
8690565003606,لبنة بينار 180غ,Pinar,,,reference,open_food_facts,
8690565130706,Pinar labneh 200g,Pinar,ingmdicnts: produccd in nutfitioaal (1 8so,,reference,open_food_facts,
8690565017539,High Protein Lactose-Free Vitamin Added 0.3% Fat UHT Milk With Vanilla Flavour,Pinar,,,reference,open_food_facts,
8690565330032,Pinar Käse Beyaz Peynir,Pinar,,,reference,open_food_facts,
8690565006834,Fromage frais Labne,Pinar,,,reference,open_food_facts,
8690565041402,Mayonez,Pinar,,,reference,open_food_facts,
8690565005093,Fromage en Saumure,Pinar,,,reference,open_food_facts,
8690123212118,Graines de tournesol,Pinar,,,reference,open_food_facts,
8690565151578,Pınar süt 500 laktozsuz light,Pinar,,,reference,open_food_facts,
8690565003624,Labneh,Pinar,,,reference,open_food_facts,
8690565140633,Acili ketcap,Pinar,,,reference,open_food_facts,
8690565015090,Oaymaq,Pinar,,,reference,open_food_facts,
8690565330333,Pinar White Soft Cheese,Pinar,"Lait et crème pasteurisée, sel, ferments lactiques, présure",,reference,open_food_facts,
8690565005084,Pinar Käse In Salzlake,Pinar,,,reference,open_food_facts,
8690123216530,Graine de tournesol,Pinar,,,reference,open_food_facts,
8690565011942,Premium white cheese,PINAR,"PINAR KÄSE IN SALZLAKE (mindestens 45% Fett i. Tr.) DE Zutaten: Pasteurisierte Kuhmilch,Mikrobielles Lab, Milchsäurebakterienkulturen, Speisesalz. Gekühlt zwischen +4°C und +10°C mindestens haltbar bis:siehe Aufdruck. Hergestellt in: Türkiy",,reference,open_food_facts,
8690565020685,Labaneh,Pinar,,,reference,open_food_facts,
8690565021329,Kashkaval,PINAR,,,reference,open_food_facts,
8690565015717,Pnar cheese,Pinar,,,reference,open_food_facts,
8690565015416,Pinar kashkaval 400g,Pinar,,,reference,open_food_facts,
6291108340657,Pinar premium cheddar cheese,Pinar,,,reference,open_food_facts,
8690565021125,Mayonez,Pinar,,,reference,open_food_facts,
8690565005075,P?nar Kahvalt? Keyfi Beyaz Peynir 45%,Pinar,,,reference,open_food_facts,
8690565230246,"Pinar, Käse",Pinar,,,reference,open_food_facts,
8690123212507,Pinar kuruyemis,pinar,"Geröstete Sonnenblumenkerne, Salz. Allergenhinweis: Kann Spuren von Pistazien, Haselnüssen, Erdnüssen, Mandeln, Cashew-Kernen, Walnüssen, Sesam und Weizengluten enthalten.",,reference,open_food_facts,
8690565131398,Fromage de Chèvre en saumuré,Pinar,"Lait de chèvre pasteurisé, sel, microbienne présure, culture bactérienne, chlorure de calcium.",,reference,open_food_facts,
8690565003004,Pinar Fresh Cheddar Cheese,Pinar,,,reference,open_food_facts,
8690565330281,Ayran,Pinar,"Pasteurisierter Kuhmilch, Milchpermeat, Wasser, Speisesalz, Milchsäurekulturen",,reference,open_food_facts,
8690565003642,Creamy Labneh,PINAR,"pasteurized fresh cow’s milk, starter culture and salt (0.7%)",,reference,open_food_facts,
8690527010835,Aç Bitir Hindi Salam,Pinar,,,reference,open_food_facts,
8690123213001,Graine de Tournesol,Pinar,,,reference,open_food_facts,
8690123512504,Pois chiches blanc grillees,Pinar,vos 50) Allergies: gluten de blé,,reference,open_food_facts,
8690123522510,Pois chiches soufflés,Pinar,,,reference,open_food_facts,
8690565015249,Fromage en Saumure,Pinar,,,reference,open_food_facts,
8690123213029,Pépite  de tournesol sans sel,Pinar,,,reference,open_food_facts,
8690565330087,Pinar Fresh Cheddar Cheese,Pinar,,,reference,open_food_facts,
8690527011296,Aç Bitir Hindi Salam,Pinar,"EMULSIFIYE ET URUNÜ. Igindekiler: Hindi eti, aycicek yağı, dana yağı, su, patates nisastası,soya proteini, süt proteini, buğday lifi, baharat karımı, tuz, sanmsak, kıvam arthina (karragenan), koruyucu madde (sodyum laktat, sodyum nitri), st",,reference,open_food_facts,
8690123422016,Amande grillés sallées,Pinar,,,reference,open_food_facts,
8690565040874,Moutarde,Pinar,,,reference,open_food_facts,
8690565131413,Keçi Peyniri,Pinar,,,reference,open_food_facts,
8690565025866,Spreadable Cheese (Krem Peynir),Pinar,,,reference,open_food_facts,
8690527010826,Pinar salamy,Pinar,,,reference,open_food_facts,
8690123202023,Pinar nuts,Pinar,,,reference,open_food_facts,
8690123213065,pinar,Pinar,,,reference,open_food_facts,
8690123412541,NOISETTES DÉCORTIQUÉES GRILLÉES,Pinar,,,reference,open_food_facts,
8690123502516,Nuts,Pinar,,,reference,open_food_facts,
8690565400298,Akdeniz,Pinar,,,reference,open_food_facts,
8690123742512,Cacahuètes enrobées,Pinar,"Arachides,sel,amidon, huile de palme,sauce à tacos amidon, sucre,farine de blé. Allergies: Peut contenir des traces de pistaches, noisettes, arachides, amandes, noix de cajou,noix,sésame et gluten de blé.",,reference,open_food_facts,
8690123772513,Kuruyemis,Pinar,,,reference,open_food_facts,
8690565001811,Böreklik Beyaz Peynir,Pinar,,,reference,open_food_facts,
8690565330023,Pinar Yarim Yagli Inek Peyniri,Pinar,,,reference,open_food_facts,
8690565440533,Nectar abricot,Pinar,,,reference,open_food_facts,
8690565030707,Beyaz,Pinar,,,reference,open_food_facts,
8690123302509,Mélange grillées et salées,Pinar,,,reference,open_food_facts,
8690565420539,Sour cherry nectar,Pinar,,,reference,open_food_facts,
8690123506017,Pois chiches grilies et sales,Pinar,,,reference,open_food_facts,
8690565021596,Labne Mushroom,Pinar,,,reference,open_food_facts,
8690123201501,Kürbiskerne,Pinar,,,reference,open_food_facts,
8690565450530,portakal Nektar,pinar,,,reference,open_food_facts,
8690565021578,Labne,Pinar,,,reference,open_food_facts,
8690123775006,Pois chiches torréfiés ceoquants,Pinar,,,reference,open_food_facts,
8690565021082,mayonez,Pinar,,,reference,open_food_facts,
8690123202591,Pepin de citrouille salle et grillée,Pinar,,,reference,open_food_facts,
8690123412046,Pinar,Pinar,,,reference,open_food_facts,
8690565715446,Jus de pomme,Pinar,,,reference,open_food_facts,
8690123795037,Maïs grillé avec sauce,Pinar,,,reference,open_food_facts,
0726502505347,Protein Suzme Peynir,Pinar,,,reference,open_food_facts,
8690123101007,Turk kahvesi,Pinar,,,reference,open_food_facts,
8690123202360,Geröstete und gesalzen Sonnenblumenkerne,Pinar,,,reference,open_food_facts,
8690123412055,Pinar haselnüsse,Pinar,,,reference,open_food_facts,
8690123505036,Pois chiches grillées,Pinar,,,reference,open_food_facts,
8690565025510,Pnary swr,pinar,,,reference,open_food_facts,
8690565125810,djath,Pinar,,,reference,open_food_facts,
8690565023035,Chocolat labne,Pinar,,,reference,open_food_facts,
6291108340976,Labeh,Pinar,,,reference,open_food_facts,
8690565130715,Pinar,Pinar,,,reference,open_food_facts,
8690565006153,Pinar,Pinar,,,reference,open_food_facts,
8690565002041,Labne peynir,Pinar,,,reference,open_food_facts,
8690527110667,Traditional Turkish su borek,Pinar,,,reference,open_food_facts,
8690565021204,Pinar labneh garlic chives 180g,Pinar,,,reference,open_food_facts,
8690565022920,Hot Ketchup,Pinar,"Water, tomato paste, sugar, glucose, distilled vinegar, modified starch, salt, thickening agent (xanthan gum), chilli pepper and spices",,reference,open_food_facts,
6291108340736,Mozzarella Cheese,Pinar,,,reference,open_food_facts,
8690565024104,Full Fat Fresh White Cheese,Pinar,,,reference,open_food_facts,
6291108340082,Shredded Mozzarella Cheese,Pinar,,,reference,open_food_facts,
8690527011135,Hindi Salam,Pinar,,,reference,open_food_facts,
8690527132298,Ton Light Iri Parcali,Pinar,,,reference,open_food_facts,
8690527200650,Hindi Füme,Pinar,,,reference,open_food_facts,
8690565030211,High Protein Lactose-Free 0.3% Fat UHT Milk,Pinar,,,reference,open_food_facts,
6291108342345,Natural Cheddar Cheese,Pinar,,,reference,open_food_facts,
8690527130829,Citir Balik,Pinar,,,reference,open_food_facts,
6253804870858,Pro Fit Passion Fruit,Pinar,,,reference,open_food_facts,
8690527111240,Pizza,Pinar,,,reference,open_food_facts,
8690527200641,Gurme Karabiberli Hindi Fume,Pinar,,,reference,open_food_facts,
8690565030327,Pınar karamelli sos,PINAR,,,reference,open_food_facts,
8690565050826,Pınar krem şanti 150 gr,PINAR,,,reference,open_food_facts,
4260065879966,"Joghurt Natur 3,8%",Sütas,,,reference,open_food_facts,
8690767675225,Sütaş süzme peynir 250,sutas,"Tam Yağlı Taze Beyaz Peynir TR Katkı maddesi içermez. İçindekiler. Pastörize inek sütü, UT : peynir kültürü, peynir mayası, sofra tuzu Kuru STTE maddedeki süt yağı oranı en az %45tir. Ambalajdaki P Ab son tüketim tarihine (STT) kadar buzdol",,reference,open_food_facts,
8690767160088,light yogurt,sutas,,,reference,open_food_facts,
8690767716823,Light Beyaz Peynir,Sutas,,,reference,open_food_facts,
8681324000668,Kaymaksiz Yogurt,Sutas,,,reference,open_food_facts,
8681324000534,Kaymak,Sutas,,,reference,open_food_facts,
8681324004646,Ayran,Sutas,,,reference,open_food_facts,
8692095344354,QUARK yaban mersini,sek,,,reference,open_food_facts,
8692095344567,Protein 27g,Sek,"0,15 yağlı pastörize süt, süt proteini, diyet lifi (polidekstroz), kakao tozu 1%, stabilizer (jellangum, yağ asitlerinin mono ve digliseridlerii polifosfat), laktaz enzimi.",,reference,open_food_facts,
8692095343513,Protein Quark,sek,,,reference,open_food_facts,
8692095344585,Yüksek Proteinli Hindistan Cevizi Aromalı %0.2 Yağlı Laktozsuz UHT Süt,Sek,,,reference,open_food_facts,
8692095344372,Quark Ananas,Sek,,,reference,open_food_facts,
8692095342888,Lactose-free milk,Sek,"1,5% yağlı pastörize süt ve laktaz enzimi.",,reference,open_food_facts,
8692095011012,Süt,sek,,,reference,open_food_facts,
8692095343832,Yogurt,Sek,,,reference,open_food_facts,
8692095345803,Laktozsuz Yoğurt,Sek,,,reference,open_food_facts,
8692095344293,SEK Quark incir ceviz,SEK,,,reference,open_food_facts,
8692095345399,Light Yogurt,Sek,,,reference,open_food_facts,
8692095344178,Butter,Sek,,,reference,open_food_facts,
8692095339343,Pastörize Süt,Sek,,,reference,open_food_facts,
8692095341676,Ayran,Sek,,,reference,open_food_facts,
8692095343577,Protein laktozsuz sut kakaolu,Sek,,,reference,open_food_facts,
8692095344390,Quark sade,SEK,,,reference,open_food_facts,
8692095011049,UHT Light Süt,SEK,,,reference,open_food_facts,
8692095345210,Kaymaksiz Yogurt,Sek,,,reference,open_food_facts,
8692095344886,%1.6 Yağlı Ayran,Sek,,,reference,open_food_facts,
8692095347041,Ekşi Maya Yoğurt,SEK,,,reference,open_food_facts,
7730306006055,Sal Fina Iodo Fluorada,SEK,"Sal fina, antihumectante INS 341iii, fluoruro de sodio, yodato de potasio",,reference,open_food_facts,
8692095343735,Lactose Free Milk,Sek,,,reference,open_food_facts,
8692095346149,Süt,Sek,,,reference,open_food_facts,
8692095347166,Pumpkin Spice Milk,Sek,,,reference,open_food_facts,
8692095339680,Pastörize Taze Süt Doğal,Sek,,,reference,open_food_facts,
8692095346565,Sade Yağ,Sek,,,reference,open_food_facts,
8692095343151,Gurme Kaymaksız Yoğurt,Sek,,,reference,open_food_facts,
8692095346705,Ayran Ekşi Lezzet,Sek,,,reference,open_food_facts,
8692095346972,Kaymaksız Yoğurt,Sek,,,reference,open_food_facts,
8692095335675,Salep,sek,,,reference,open_food_facts,
8692095344600,Sek Latte Kahveli Sütlü İçecek,Sek,,,reference,open_food_facts,
8692095343188,Kefir Aktif,Sek,,,reference,open_food_facts,
8692095347218,Aktif Probiyotik Kefir Şeftalili ve Ananaslı,Sek,,,reference,open_food_facts,
8692095346316,Süzme Yoğurt,Sek,,,reference,open_food_facts,
8692095347458,High Protein 0.2% Fat Lactose-Free UHT Milk,Sek,,,reference,open_food_facts,
8692971435662,Coffee Protein Milk,Icim,,,reference,open_food_facts,
8690504441504,İçim şef krema,Icim,,,reference,open_food_facts,
4099936004213,Ayran,Icim,,,reference,open_food_facts,
8692971435626,Strawberry Protein Milk,Icim,,,reference,open_food_facts,
8692971031314,Tam yağlı kaşar,Içim,,,reference,open_food_facts,
8692971421155,içim kaymaksiz yoğurt 500,Içim,,,reference,open_food_facts,
8692971071507,Içim Peach Nectar 1Lt,Içim,,,reference,open_food_facts,
8692971478825,İçim süt 180 muzlu,Icim,,,reference,open_food_facts,
8692971411963,Laktozsuz Süt,içim,,,reference,open_food_facts,
8692971435741,İçim tost peyniri 200 dilimli,Icim,,,reference,open_food_facts,
8692971441645,Cheesy Cream,Icim,,,reference,open_food_facts,
8692971424727,Suzme yogurt,içim,,,reference,open_food_facts,
8692971431541,Cream Cheese,Içim,,,reference,open_food_facts,
8692971473592,fit protein kakaolu puding,içim,,,reference,open_food_facts,
8692971435705,Ye bitir,icim,,,reference,open_food_facts,
8692971430791,Chili Cesnili Tam Yagli Taze Peynir,Icim,,,reference,open_food_facts,
8692971424763,Suzme Yogurt,Içim,,,reference,open_food_facts,
8692971430588,Mini Cheese Balls,Icim,,,reference,open_food_facts,
5411188112705,Geröstete Mandel Ohne Zucker,alpro,"Wasser, _Mandeln_ (2,3%), Calcium (Calciumcarbonat), Meersalz, Stabilisatoren (Guarkernmehl, Gellan), Emulgator (Lecithine), natürliches Aroma, Vitamine B12, D2, E.",,reference,open_food_facts,
5411188124685,Oat No Sugars,alpro,"Haverbasis (97,0%) (water, _haver_ (8,3%)), oplosbare maïsvezel, zonnebloemolie, calcium (calciumcarbonaat), zeezout, stabilisator (gellangom), vitaminen B2, B12, D2.",,reference,open_food_facts,
5411188110831,"Alpro Mandeldrink, Original 1L",alpro,"Wasser, MANDELN (2,3%), Zucker, Calcium (Tricalciumphosphat), Meersalz, Stabilisatoren (Johannisbrotkernmehl, Gellan), Emulgator (Lecithine), natürliches Aroma, Vitamine (B2, B12, E, D2). Mandeln aus Spanien. Kann Spuren von Schalenfrüchten",,reference,open_food_facts,
5411188115368,Alpro smooth subtle creamy oat,alpro,"_Ovesná složka_ (pitná voda, oves (9,8%)]], rozpustná kukuřičná vláknina, slunečnicový olej, fosforečnan vápenatý, mořská sůl, stabilizátor (guma gellan), vitaminy (B2, B12, D2).",,reference,open_food_facts,
5411188103381,Vanille Yoghurt,alpro,"SOJABASIS (Wasser, geschälte SOJABOHNEN (9,9%)), Zucker, Stabilisator (Pektine), Tricalciumphosphat, Säureregulatoren (Citronensäure, Natriumcitrate), Karottenextrakt, Meersalz, natürliches Vanille-Aroma, Aromen, Vanillepulver (0,03%), Anti",,reference,open_food_facts,
5411188119090,Natur mit Kokosnuss,alpro,"_Sojabasis_ (Wasser, geschälte _Sojabohnen_ (10,4%)], Kokosmilch (4,3%) (Kokosceme, Wasser), Zucker, Tricalciumcitrat, Säureregulatoren (Natriumcitrate, Citronensäure), Stabilisator (Pektine), natürliches Aroma, Meersalz, Antioxidationsmite",,reference,open_food_facts,
5411188116598,Coconut,alpro,"Water, kokosnootmelk (5,3%) (kokosroom, water), rijst (3,3%), tricalciumfosfaat, stabilisatoren (guarpitmeel, gellangom, xanthaangom), zeezout, aroma's, vitaminen (B12, D2).",,reference,open_food_facts,
5411188125806,Mango ohne Zuckerzusatz,alpro,"Wasser, Mangomischung (16,8%) (Frucht (9,6%), Saftkonzentrat (7,2%)), geschälte Sojabohnen (9,7%), Calcium (Tricalciumcitrat), Stabilisator (Pektine Säureregulatoren (Natriumcitrate, Citronensäure), natürliches Aroma, modifizierte Stärke, M",,reference,open_food_facts,
5411188118967,Nature aux Amandes - Végétal soja & amande,alpro,"Base de soja (94,8%) (eau, fèves de soja sans OGM décortiquées (9,8%)], sucre, amande (1,5%), calcium (citrate tricalcique), stabilisant (pectines), correcteurs d'acidité (acide citrique, citrates de sodium), sel marin de table, antioxydant",,reference,open_food_facts,
5411188115474,Soyamilch,alpro,"SOJABASIS (96,8%) (Wasser, geschälte SOJABOHNEN (8%)), Zucker, Säureregulator (Kaliumphosphate), Calcium (Calciumcarbonat), Aroma, Meersalz, Stabilisator (Gellan), Vitamine (B2, B12, D2)",,reference,open_food_facts,
5411188110840,Rich and indulgent Hazelnut,alpro,"Wasser, Zucker, Haselnüsse (2,8%), Calcium (Tricalciumphosphat), Meersalz, Stabilisatoren (Johannisbrotkernmehl, Gellan], Emulgator (Lecithine), Vitamine B2, B12, D2, E. Kann Spuren von Schalenfrüchten enthalten.",,reference,open_food_facts,
5411188137999,Danone ALPRO® Joghurt Soja Heidelbeere 400g,alpro,"Wasser, geschälte SOJABOHNEN (9,8%), Zucker, Heidelbeere (5,7%), Calcium (Tricalciumcitrat), Stabilisator (Pektine), färbendes Schwarzes Karottenkonzentrat, Karotten und Heidelbeerkonzentrat, natürliches Aroma, Säureregulatoren (Citronensäu",,reference,open_food_facts,
5411188128317,Coco Sans Sucres,alpro,"Eau, lait de coco (14,1%) (eau, crème de noix de coco (5,3%), eau de noix de coco (2,6%)), calcium (phosphate tricalcique), arôme naturel de noix de coco, stabilisants (gomme guar, gomme xanthane, gomme gellane), sel marin, vitamines B12, D",,reference,open_food_facts,
5411188115492,Soja Milch,alpro,"SOJABASIS (98,8%) (Wasser, geschälte SOJABOHNEN (8,7%)), Säureregulator (Kaliumphosphate), Calcium (Calciumcarbonat), Aromen, Meersalz, Stabilisator (Gellan), Vitamine (B2, B12, D2)",,reference,open_food_facts,
5411188118125,"Fermentiertes Sojaprodukt, Ungesüßt",alpro,"_Sojabasis_ (98,3%) (Wasser, geschälte _Sojabohnen_ (10,7%)), Calcium (Tricalciumcitrat), Säureregulatoren (Natriumcitrate, Citronensäure), Stabilisator (Pektine), natürliches Aroma, Meersalz, Antioxidationsmittel (stark tocopherolhaltige E",,reference,open_food_facts,
5411188114536,Strawberry yogurt,alpro,"Sojabasis (water, gepelde sojabonen (9,7%)), aardbei (10,9%) (fruit (7%), sap uit concentraat (3,9%)), suíker, zuurteregelaars (citroenzuur, natriumcitraten, appelzuur), stabilisator (pectinen), tricalciumfosfaat, rodebietenextract, natuurl",,reference,open_food_facts,
5411188129316,Skyr Alternative Natur,alpro,"Sojabasis (95,4% (Wasser, geschälte Sojabohnen (15,7%]), Zucker, Stabilisator (Pek - tine), Calcium (Tricalciumcitrat), Säureregulatoren (Natriumcitrate, Citronensäure), natürliches Aroma, Meersalz, Antioxidationsmittel (stark tocopherolhal",,reference,open_food_facts,
5411188102805,Heidelbeere,alpro,"soy base (water, peeled _soybeans_ (9,8%)), sugar, blueberry (5,7%), tricalcium citrate, stabilizer (pectins), acid icing regulators (citric acid, sodium citrates), natural aroma, blueberry extract, carrot extract, sea salt, antioxidants (t",,reference,open_food_facts,
5411188127691,Barista Hafer,alpro,"_Haferbasis_ (95,6%) (Wasser, _Hafer _(10%)), Sonnenblumenöl, Zichorienwurzelfasern, Erbsenprotein, Säureregulator (Kaliumphosphate), Meersalz, Vitamine B2, D2.",,reference,open_food_facts,
5411188130057,"Alpro Sojadrink, Schokoladen-Geschmack, Protein 1L",alpro,"SOJABASIS (Wasser, geschälte SOJABOHNEN (12%)), Zucker, Magerkakao (1,6%), Calciumcarbonat, Aromen, Meersalz, Säureregulator (Kaliumphosphate), Stabilisator (Gellan), Vitamine (B2, D2). Von Natur aus gluten - und laktosefrei.",,reference,open_food_facts,
5411188115535,soya Vanille,alpro,"SOJABASIS (Wasser, geschälte SOJABOHNEN (7,8%)), Zucker, Calciumcarbonat, Aromen, Meersalz, Säureregulator (Kaliumphosphate), Karottenextrakt, Stabilisator (Gellan), Vitamine (B2, B12, D2).Von Natur aus gluten - und laktosefrei.",,reference,open_food_facts,
5411188131384,"Alpro Fermentiertes Kokosnussprodukt, Natur, Absolutely 350g",alpro,"Kokosmilch (Kokoscreme, Wasser), Kokosnusswasser, Wasser, Modifizierte Stärke, Kulturen (Str, Thermophilus, Von l, Bulgaricus)",,reference,open_food_facts,
5411188139128,Natural con Coco,alpro,"Base de soja (92,7%) (agua, habas de soja descascarilladas (10.4%)), base de coco (7,1%) (crema de coco, agua), azúcar, calcio (citrato tricálcico, correctores de acidez (citratos de sodio, ácido cítrico), estabilizante (pectinas), aromas n",,reference,open_food_facts,
5411188124269,"Alpro Joghurtalternative auf Sojabasis, Natur mit Hafer, 500 g",alpro,"Sojabasis (Wasser, geschälte Sojabohnen (9,7%)), Hafer (3%), Zichorienwurzel - fasern, Zucker, Tricalciumcitrat, Säureregulatoren (Natriumcitrate, Citronensäure), Stabilisator (Pektine), natürliches Aroma, Meersalz, Antioxidationsmittel (st",,reference,open_food_facts,
5411188122669,"Alpro Mandeldrink Weiß Ungesüßt, Ungeröstet 1 LT",alpro,"Wasser, MANDELN (2,3%), Calcium (Tricalciumphosphat), Meersalz, Stabilisatoren (Johannisbrotkernmehl, Gellan), Emulgator (Lecithine), natürliches Aroma, Vitamine (B2, B12, E, D2). Mandeln aus Italien und Spanien. Kann Spuren von Schalenfrüc",,reference,open_food_facts,
5411188121217,Greek Style Plain,alpro,"soya base (water, hulled soya beans (15,7%)), sugar, stabiliser (pectins), calcium (tri-calciumcitrate), acidity regulators (sodium citrates, citric acid), natural flavouring, sea salt, antioxidants (tocopherol-rich extract, fatty acid este",,reference,open_food_facts,
5411188128645,"Alpro Fermentiertes Sojaprodukt, Erdbeere, Skyr style 400g",alpro,"Sojabasis (Wasser, geschälte Sojabohnen (13,9%), Erdbeere (9%) (Frucht (5%), Saft aus Fruchtsaftkonzentrat (4%), Zucker, Stabilisator (Pektine), Säureregulatoren (Citronensäure, Natriumcitrate, Apfelsäure), Tricalciumphosphat, natürliches A",,reference,open_food_facts,
5411188115456,Alpro Sojadrink Chocolade Smaak Houdbaar 1L,alpro,"Sojabasis (water, gepelde sojabonen (7%)), suiker, magere cacao (1,5%), calci - umcarbonaat, stabilisatoren (carrageen, guarpitmeel, xanthaangom), zuurteregelaar (kaliumfosfaten), aroma, zeezout, natuurlijk aroma, vitaminen (B2, D2).",,reference,open_food_facts,
5411188138095,Danone ALPRO® Joghurt Soja Natur ungesüßt,alpro,"Wasser, geschälte SOJABOHNEN (10,7%), Calcium (Tricalciumcitrat), Stabilisator (Pektine), Säureregulatoren (Natriumcitrate, Citronensäure), natürliches Aroma, Meersalz, Antioxidationsmittel (stark tocopherolhaltige Extrakte, Fettsäureester ",,reference,open_food_facts,
5411188134983,not milk,alpro,"HAFERBASIS(Wasser, HAFER (8,7%)), Sonnenblumenöl, Zichorienwurzelfasern, Erbsenprotein, Calciumcarbonat, Säureregulator (Kaliumphosphate), natürliche Aromen, Meersalz, Stabilisator (Gellan), Vitamine (B12, D2). Von Natur aus laktosefrei.",,reference,open_food_facts,
5411188116905,Alpro Soya drink Banana flavor,alpro,"Соевая основа (вода, очищенные соевые бобы (7,8%), сахар, мальтодекстрин, банановый сок из концентрата (1,2%), ароматизатор, карбонат кальция (источник кальция), стабилизаторы (камедь рожкового дерева, геллановая камедь), морская СОЛь, регу",,reference,open_food_facts,
5411188120740,Mandel Vanille Geschmack,alpro,"water, sugar, almond (italy/spain) (2,3%), chicory root fibre, tri-calcium phosphate, natural vanilla flavour, sea salt, stabilisers (locust bean gum, gellan gum), emulsifier (lecithins (sunflower]), vitamins (b2, b12, e, d2),",,reference,open_food_facts,
5411188128584,"Alpro Fermentiertes Sojaprodukt, Ungesüßt, Skyr style 400g",alpro,"SOJABASIS (Wasser, geschälte SOJABOHNEN (15,7%)), Stabilisator (Pektine), Tricalciumcitrat, Säureregulatoren (Natriumcitrate, Citronensäure), natürliches Aroma, Antioxidationsmittel (stark tocopherolhaltige Extrakte, Fettsäureester der Asco",,reference,open_food_facts,
5411188130039,High Protein Soja Drink,alpro,"Sojabasis (96,9%) (Wasser, geschälte Sojabohnen (13,1%)), Zucker, Säureregulatoren (Kaliumphosphate), Calcium (Calciumcarbonat), Aroma, Meersalz, Stabilisator (Gellan), Vitamine B2, B12, D2.",,reference,open_food_facts,
5411188136556,Spécial petit-déj à l'avoine,alpro,"Base d'avoine (95,4%) (eau, avoine (8,3%)), huile de tournesol, fibres de chicorée, sucre, protéine de pois, calcium, correcteur d'acidité (phosphates de potassium), arômes, sel marin de table, stabilisant (gomme gellane), vitamine D2.",,reference,open_food_facts,
5411188112741,Dessert végétal citron vert,alpro,"Base de soja (84,3%) (eau, fèves de soja décortiquées (9,7%)), sucre, sirop de glucose-fructose, mélange citron-citron vert (3,4%) (jus à base de concentré (1,7%), citron (1,1%)), jus de citron vert à base de concentré (0,6%)), correcteurs ",,reference,open_food_facts,
5411188138013,Zitrone Limette aus Soja,alpro,"Wasser, geschälte SOJABOHNEN (9,7%), Zucker, Glukose-Fruktose-Sirup, Zitronenmischung (3,4%) (Zitronsaft aus Zitronensaftkonzentrat (1,7%), Zitrone (1,1%), Limettensaft aus Limettensaftkonzentrat (0,6%)), Säureregulatoren (Citronensäure, Na",,reference,open_food_facts,
5411188112778,"Alpro® Mandeldrink Ungesüßt, 1 L, FRESH",alpro,"Wasser. _Mandeln_ (2%), Tricalciumphosphat, Meersalz. Stabilisatoren (Johannisbrotkernmehl. Gellan), Emulgator (Sonnenblumenlecithin), Vitamine (Riboﬂavin (82), B12. E, D2).",,reference,open_food_facts,
3168930159896,Ice Tea Pêche,Lipton,"Eau, sucre, fructose, acidifiants (acide citrique, acide malique), extrait de thé noir⁽¹⁾ (0,12%), jus de pêche à base de concentré (0,1%), correcteur d'acidité (citrate trisodique), arômes, antioxydant (acide ascorbique), édulcorant (Glyco",,reference,open_food_facts,
6111252422415,Lipton Peche ice tea,Lipton,"eau, sucre, acidulant (acide citrique), extrait de fleur de pêche (0,1%), stabilisant (phosphates de potassium), arôme naturel de pêche, conservateur (sorbate de potassium), antioxydant (acide ascorbique), édulcorant (glycoside de stéviol)",,reference,open_food_facts,
5063270107845,Grand Sud Réglisse Menthe Infusion,Lipton,Réglisse menthe,,reference,open_food_facts,
3168930170695,Thé Vert Glacé Citron Vert et Menthe,Lipton,"Eau,sucre,acidifiants (acide citrique, acide malique),extrait de thé vert⁽¹⁾ (0,12%),jus de citron vert à base de concentré (0,1%),correcteur d'acidité (citrate trisodique),arôme naturel de citron vert et menthe avec autres arômes naturels,",,reference,open_food_facts,
3168930175487,Lipton sans sucre,Lipton,"Eau, acidifiants (acide citrique, acide malique), extrait de thé noir (0,12%), jus de pêche à base de concentré (0,1%), arômes, correcteur d'acidité (citrates de sodium), édulcorants (acesulfame-K, sucralose), antioxydant (acide ascorbique)",,reference,open_food_facts,
3168930176431,Ice tea,Lipton,"Eau, sucre, fructose, acidifiants (acide citrique, acide malique), extrait de thé noir (1) (0,12%), jus de pêche à base de concentré (0,1%), correcteur d'acidité (citrates de sodium), arômes, antioxydant (acide ascorbique), édulcorant (glyc",,reference,open_food_facts,
8720608026586,Thé vert classique,Lipton,,,reference,open_food_facts,
3168930170604,Citron-citron vert Ice tea,Lipton,"Eau,sucre,fructose,acidifiants (acide citrique, acide malique),extrait de thé noir⁽¹⁾ (0,12%),jus de citron à base de concentré (0,1%),arômes,antioxydant (acide ascorbique),correcteur d'acidité (citrates de sodium),édulcorant (Glycosides de",,reference,open_food_facts,
3502110005403,Lipton Ice Tea saveur pêche,Lipton,"Eau,sucre,fructose,acidifiants (acide citrique, acide malique),extrait de thé noir⁽¹⁾ (0,12%),jus de pêche à base de concentré (0,1%),correcteur d'acidité (citrate trisodique),arômes,antioxydant (acide ascorbique),édulcorant (Glycosides de ",,reference,open_food_facts,
3168930159984,ice tea saveur framboise,Lipton,"Eau,sucre,acidifiant (acide citrique),extrait de thé noir⁽¹⁾ (0,12%),jus de framboise à base de concentré (0,1%),arômes,correcteur d'acidité (citrate trisodique),antioxydant (acide ascorbique),édulcorant (Glycosides de stéviol issus de Stev",,reference,open_food_facts,
8720608025666,Thé vert myrtille et mûre x 20 sachets,Lipton,"Thé vert¹ (79%), arôme naturel, hibiscus, betterave, myrtille (2%), mûre (2%). ¹Certifié Rainforest Alliance",,reference,open_food_facts,
6111252422974,lipton,Lipton,,,reference,open_food_facts,
3168930170844,"Lipton Thé vert glacé saveur pêche blanche 1,25 L",Lipton,"Eau,fructose,sucre,extrait de thé vert⁽¹⁾ (0,12%),acidifiants (acide malique, acide citrique),arômes naturels,jus de pêche à base de concentré (0,1%),correcteur d'acidité (citrate trisodique),antioxydant (acide ascorbique),édulcorant (Glyco",,reference,open_food_facts,
5063270105485,Thé noir aux fruits rouges,Lipton,"Thé noir, arôme naturel , hibiscus, framboise, fraise",,reference,open_food_facts,
8717163842948,Lipton Thé Noir Bio Russian Earl Grey 150g,Lipton,"Thé noir, arôme naturel, écorces de citron 3%, écorces d'orange 3%.",,reference,open_food_facts,
3168930162711,Lipton Ice Tea Pastèque Menthe,Lipton,"Eau,sucre,acidifiant (acide citrique),extrait de thé noir (0,12%),arôme naturel,antioxydant (acide ascorbique),correcteur d'acidité (citrate trisodique) ,édulcorant (Glycosides de stéviol issus de Stevia)",,reference,open_food_facts,
3168930176361,Thé glacé pêche sans sucre,Lipton,"Eau, acidifiants (acide citrique, acide malique), extrait de thé noir (1) (0.12%), jus de pêche à base de concentré (0,1%), arômes, correcteur d'acidité (citrates de sodium), édulcorants (acésulfame-K, sucralose), antioxydant (acide ascorbi",,reference,open_food_facts,
8711327574553,Lipton Ice Tea Original Sparkling,Lipton,"100% CLABLE thee-extract zoetstof van houdend water tract (0,3%) appelzuur atriumcitraat) oncentreerd antioxidant zoetstof en van Stevia). Ice Tea bevat bezinksel is houdbaar tot ante aux extraits wec du sucre et naturelle pellante, sucre, ",,reference,open_food_facts,
3502110010812,Lipton Thé vert glacé saveur citron vert menthe,Lipton,"Eau,sucre,acidifiants (acide citrique, acide malique),extrait de thé vert⁽¹⁾ (0,12%),jus de citron vert à base de concentré (0,1%),correcteur d'acidité (citrate trisodique),arôme naturel de citron vert et menthe avec autres arômes naturels,",,reference,open_food_facts,
3168930159920,Liptonic,LIPTON,"Eau gazéifiée,sucre,extrait de thé noir (2,4g/l),acidifiant (acide citrique),correcteur d'acidité (citrate trisodique),arômes,antioxydant (acide ascorbique)",,reference,open_food_facts,
8720608026522,Thé vert Menthe,Lipton,,,reference,open_food_facts,
8720608003886,Thé vert fleur d’oranger mandarine🍊,Lipton,"Thé vert¹ 86%, arôme naturel, fleur d'oranger 2%, écorce de mandarine 2%.",,reference,open_food_facts,
5063270104875,Thé noir vanille caramel,Lipton,,,reference,open_food_facts,
5063270116065,Infusé à froid menthe citron vert,Lipton,"menthe verte (71%), arôme naturel de menthe et citron vert avec autres arômes naturels (15%), hibiscus blanc, écorces de citron vert (2%)",,reference,open_food_facts,
8711327435801,Hibiscus + pomegranate cold infuse,Lipton,"Églantier, pomme, hibiscus (27%), arôme naturel (15%), écorces de grenade (2%).",,reference,open_food_facts,
3502110009232,Lipton Thé vert glacé saveur citron vert menthe 33 cl,Lipton,"Eau,sucre,acidifiants (acide citrique, acide malique),extrait de thé vert⁽¹⁾ (0,12%),jus de citron vert à base de concentré (0,1%),correcteur d'acidité (citrate trisodique),arôme naturel de citron vert et menthe avec autres arômes naturels,",,reference,open_food_facts,
3168930174433,Thé glacé pêche pétillant,Lipton,"Eau gazéifiée, sucre, fructose, extrait de thé noir (0,18%), acidifiants (acide citrique, acide malique), arômes, correcteur d'acidité (citrates de sodium), antioxydant (acide ascorbique), édulcorant (glycosides de stéviol issus de Stevia).",,reference,open_food_facts,
8711327501007,Infuse à froid - menthe + citron vert,Lipton,"Menthe verte (71%), arôme naturel de menthe et citron vert (15%), hibiscus blanc, écorces de citron vert (2%).",,reference,open_food_facts,
5000118047798,Lemon Ice Tea,Lipton,"water, sugar, citric acid, black tea extract (0,14%), lemon juice from concentrate (0,1%), flavourings, antioxidant (ascorbic acid), acidity regulator (trisodium citrate),",,reference,open_food_facts,
8720608026568,Thé Vert Citron au goût frais et acidulé,Lipton,"Thé Vert (85%) - arôme naturel - écorce de citron (2,4%).",,reference,open_food_facts,
8901030779282,Green tea honey lemon 25 Tea Bags,Lipton,,,reference,open_food_facts,
8722700009278,Lipton Ice Tea saveur pêche 25 cl,Lipton,"Eau,sucre,fructose,acidifiants (acide citrique, acide malique),extrait de thé noir⁽¹⁾ (1,2 g/l),jus de pêche à base de concentré (0,1%),correcteur d'acidité (citrate trisodique),arômes,antioxydant (acide ascorbique),édulcorant (glycosides d",,reference,open_food_facts,
8720608003877,Thé vert fleur d'hibiscus framboise x 20 sachets Pyramid,Lipton,"Thé vert¹ (86%), arôme naturel, hibiscus (2%), framboise (2%). ¹Certifié Rainforest Alliance",,reference,open_food_facts,
3168930170668,Duo saveur pêche abricot,Lipton,"Eau,sucre,acidifiant (acide citrique),extrait de thé noir⁽¹⁾ (0,12%),arômes,correcteur d'acidité (citrate trisodique),antioxydant (acide ascorbique),édulcorant (Glycosides de stéviol issus de Stevia),⁽¹⁾ Certifié Rainforest Alliance. ,Plus ",,reference,open_food_facts,
8720608028399,Thé vert menthe,Lipton,"thé vert (82,4%) menthe (8,8%), arôme naturel",,reference,open_food_facts,
8711327636774,Kombucha,Lipton,A intensidade natural do extrato de planta stevia' permite reduzir o açúcar mantendo todo o sabor - deliciosamente refrescante. glicosideos de esteviol provenientes de estévia SEM CORANTES SEM CONSERVANTES Bebida refrigerante de extrato de ,,reference,open_food_facts,
5063270105670,Thé noir pêche mangue,Lipton,,,reference,open_food_facts,
3228881010973,Lipton Thé 5 Fruits Rouges 20 Sachets,Lipton,"Thé, arôme (16,9%), fruits rouges (2,9%) (fraise, framboise, groseille, mûre, cerise).",,reference,open_food_facts,
8717163842212,ORANGE JAIPUR STYLE BIO,LIPTON,"Thé noir¹ˉ², arôme naturel, écorces d'orange¹ (6,7%). ¹Ingrédients issus de l'agriculture biologique. ²Vérifié Rainforest Alliance.",,reference,open_food_facts,
3168930170756,Hibiscus saveur framboise facon infusion glacee,Lipton,"Eau,sucre,acidifiants (acide citrique, acide malique),jus de framboise à base de concentré (0,1%),extraits de plantes et de fruits (extrait de fleur d'hibiscus (0,055%), extrait de baie de sureau, extrait de zeste de citron, extrait de zest",,reference,open_food_facts,
8711327587177,Ice tea citron,Lipton,"Bebida refrigerante de extrato de chá com sumo de limão. Contém açúcares e edulcorante. Deve beber-se fresco. Bebida sem gás. Ingredientes: Chá ((água,extrato de chá preto) (4%)), açúcar, frutose, acidificantes (ácido cítrico, ácido málico)",,reference,open_food_facts,
8720608028405,TCHAÉ,Lipton,"Thé vert' (92,5%), arôme naturel, anis (1,1%), cannelle (1,1%), réglisse (0,9%). 'Certifié Rainforest Alliance",,reference,open_food_facts,
5063270105810,Thé noir Citron,Lipton,"thé noir, arômes naturels de citron (16%), écorce de citron (3%).",,reference,open_food_facts,
3168930178235,Saveur Agrumes Pétillant,Lipton,,,reference,open_food_facts,
3502110003113,Lipton Ice Tea saveur pêche 15 cl,Lipton,"Eau,sucre,fructose,acidifiants (acide citrique, acide malique),extrait de thé noir (1,2g/l),jus de pêche à base de concentré (0,1%),correcteur d'acidité (citrate trisodique),arômes,antioxydant (acide ascorbique),édulcorant (glycosides de st",,reference,open_food_facts,
8720608025675,Thé Pamplemousse & Mandarine,Lipton,"The vert¹ (70%), arôme naturel, hibiscus blanc, écorce de pamplemousse (1%), écorce de mandarine (1%).
¹Certifié Rainforest Alliance",,reference,open_food_facts,
8720608015456,LIPTON TEA YELLOW,LIPTON,,,reference,open_food_facts,
4062139009972,Ice tea Pfirsich Zero Zucker,Lipton,"Wasser, Säuerungsmittel Apfelsäure, Schwarzer Tee-Extrakt (1) (0,14%), Pfirsichsaft aus Pfirsichsaftkonzentrat (0,1%), Aroma, Säureregulator Trinatriumcitrat, Antioxidationsmittel Ascorbinsäure, Süßungsmittel (Acesulfam-K, Sucralose). (Rain",,reference,open_food_facts,
3168930175575,Thé glacé saveur pêche,Lipton,,,reference,open_food_facts,
8717163842957,Lipton Thé Vert Bio Marrakech Mint 145g,Lipton,"Thé vert¹ˉ², menthe verte¹ (6,6%), arôme naturel de menthe. ¹Ingrédients issus de l'agriculture biologique. ²Certifié Rainforest Alliance.",,reference,open_food_facts,
5900300550256,The,Lipton,,,reference,open_food_facts,
3168930175715,"Thé glacé pétillant au citron, citron vert",Lipton,"Eau gazéifiée, sucre, fructose, acidifiants (acide citrique, acide malique), extra de thé noir'&quot; (0,12%), jus de citron à base de concentré (0,10%), arômes, correcteur d’acidité (citrates de sodium), antioxydant (acide ascorbique), édu",,reference,open_food_facts,
8711327596698,Ice Tea Zero,Lipton,,,reference,open_food_facts,
5900497043382,"Lipton Green 1,5L",Lipton,,,reference,open_food_facts,
4062139009918,Ice tea Pfirsich,Lipton,"Wasser, Zucker, Fruktose, Säuerungsmittel (Äpfelsäure, Citronensäure), Schwarzer Tee-Extrakt (0,12%), Pfirsichsaft aus Pfirsichsaftkonzentrat (0,1%), Säureregulator Trinatriumcitrat, Aromen, Antioxidationsmittel Ascorbinsäure, Süßungsmittel",,reference,open_food_facts,
8711327587201,Ice Tea Pêssego,Lipton,,,reference,open_food_facts,
8720608003895,Thé vert fleur de jasmin pêche,Lipton,"thé vert 86%, arôme naturel, jasmin 2%, pêche 2%.",,reference,open_food_facts,
3168930170312,Ice Tea saveurs pastèque et menthe,Lipton,"Eau,sucre,acidifiant (acide citrique),extrait de thé noir (0,12%),arôme naturel,antioxydant (acide ascorbique),correcteur d'acidité (citrate trisodique),édulcorant (Glycosides de stéviol issus de Stevia)",,reference,open_food_facts,
8711327580925,Ice tea,Lipton,,,reference,open_food_facts,
8720608025684,Thé vert mangue & abricot,Lipton,"Thé vert¹ (72%), arôme naturel, hibiscus blanc, mangue (2%), abricot (1%), maltodextrine.
¹Certifié Rainforest Alliance",,reference,open_food_facts,
8901030779644,Lipton GREEN TEA LEMON ZEST,Lipton,,,reference,open_food_facts,
5410033820701,Sparkling Ice Tea,Lipton,"koolzuurhoudend water, suiker, fructose, thee-extract 0,3%, voedingsbron (citroenzuur, appelzuur), zuurtetegelaar (trinatriumcitraat), citroensap uit geconcentreerd sap 0,1%, natuurlijke aroma's, antioxidant (ascorbinezuur), zoetstof (stevi",,reference,open_food_facts,
3401312345620,Thé infusé glacé parfum Pêche Blanche,Lipton,,,reference,open_food_facts,
8711327587186,lipton pêssego,Lipton,"Chá ((água,extrato de chá preto) (4%)), açúcar, frutose, acidificantes (ácido málico, ácido cítrico), sumo de pêssego obtido a partir de um produto (citratos de sódio), aromas, antioxidante concentrado (0,1%), regulador de acidez (ácido asc",,reference,open_food_facts,
0012000019261,GREEN TEA CITRUS,Lipton,"die green 11 contains 0% juice nutrition amount/serving total fat 0g sodium 180mg total carb, &lt;1g total sugars 0g incl. og added sugars protein 0g % dv facts 0% citr 8% flavor with other na serving size 1 bottle calories per serving 0% m",,reference,open_food_facts,
8720608632758,شاي لبتون خفيف,Lipton,Naturel Tea 100% tea,,reference,open_food_facts,
0068400014290,Chicken Noodle,Lipton,"wheat noodles , salt, dry extracts of corn syrup, soy protein hydrolyséee, fat chicken, corn starch, palm oil, modified, monosodium glutamate, onion powder, cooked chicken mechanically separated and dehydrated, spice, natural flavor, guanyl",,reference,open_food_facts,
5063270109472,Thé noir fruit rouge,Lipton,,,reference,open_food_facts,
8720608632855,Green tea,Lipton,"Green tea, mint leaf, natural mint flavor. 100 ml of tea infusion typically contains negligible amounts of energy, fats, saturates, carbohydrates, sugars, protein and salt. Based on tea brewed with freshly boiled water (no milk, no sugar). ",,reference,open_food_facts,
6111252423229,Lipton can,lipton,,,reference,open_food_facts,
6221048700707,Yellow Label Tea,Lipton,black tea,,reference,open_food_facts,
8410409013396,LIMÓN ICE TEA TÉ SIN AZÚCAR,Lipton,"Agua, acidulantes: ácido málico y ácido cítrico, extracto de té negro (0,12%), zumo de limón a partir de concentrado (0,1%), corrector de acidez: citratos de sodio, aroma, antioxidante: ácido ascórbico, edulcorantes: acesulfamo Ky sucralosa",,reference,open_food_facts,
4060800167064,Lemon Ice Tea,Lipton,"water, sugars (sucrose, fructose), acids (citric acid, malic acid), black tea extract (0,12%), lemon juice from concentrate (0,1%), acidity regulator (trisodium citrate), flavourings, antioxidant (ascorbic acid), sweetener (steviol glycosid",,reference,open_food_facts,
5201156030229,Ice tea peach,Lipton,"Νερό, ζάχαρη, φρουκτόζη, μέσα οξίνισης (κιτρικό οξύ, μηλικό οξύ), εκχύλισμα μαύρου τσαγιού (0,12%), χυμός ροδάκινου από συμπυκνωμένο χυμό (0,1%), ρυθμιστής οξύτητας (κιτρικό νάτριο), αρωματικές ύλες, αντιοξειδωτικό (ασκορβικό οξύ), γλυκαντι",,reference,open_food_facts,
3168930170905,ICE tea Lipton mangue,Lipton,"Eau,sucre,fructose,acidifiant (acide citrique),extrait de thé noir⁽¹⁾ (0,12%),jus de mangue à base concentré (0,1%),correcteur d'acidité (citrate trisodique),arômes,antioxydant (acide ascorbique),édulcorant (Glycosides de stéviol issus de S",,reference,open_food_facts,
8711327582154,boisson the glace peche 33cl Lipton can,Lipton,ANTA IN ORIES MONSTER CEEN KLEURSTOFFEN / SANS COLORANT/OHNE FARBSTOFFE Voedingsstoffen/ Valeurs nutritionnelles moyennes/ Nährwertinformation: Energie Vetten/Matières grasses/Fett waarvan verzadigde vetzuren/dont acides gras saturés/davon ,,reference,open_food_facts,
8410409013387,Lipton Melocoton Zero,Lipton,"Agua,  azúcar,  acidulante: ácido citrico,  extracto  de té (0,12%), zumo de melocoton a partir de concentrado (0,1%), aromas,  corrector de acidez: citrato sódico,  antioxidante: acido ascórbico, edulcorante: glucósidos de estiviol.",,reference,open_food_facts,
8690574114968,Lipton  ice tea peach,Lipton,,,reference,open_food_facts,
3228886030015,saveur pêche ici tea,Lipton,"Eau,sucre,fructose,acidifiants (acide citrique, acide malique),extrait de thé noir⁽¹⁾ (0,12%),jus de pêche à base de concentré (0,1%),correcteur d'acidité (citrate trisodique),arômes,antioxydant (acide ascorbique),édulcorant (Glycosides de ",,reference,open_food_facts,
8711327435810,"Infuse à Froid à la mangue, rooibos",Lipton,"Rooibos (32%), pomme, citronnelle, arôme naturel (12%), feuilles d'oranger, racine de chicorée, mangue (2%).",,reference,open_food_facts,
8710908893654,Original Sparkling,Lipton,"of a concentrate (0,1%), aroma, antioxidant (acid (0,32%), acidifier (citric acid), ingrediénts corrector: sparkling water, sugar, tea extract of acidity (trisodium citrate), lemon juice from (ascorbinezuur), refreshing drink with tea extra",,reference,open_food_facts,
8001160003526,Pesca ice tea,Lipton,"Acqua, zucchero, fruttosio acidificanti: acido malico, acido citrico, estratto di tè nero (0,12%), succo di pesca da concentrato (0,1%), correttore di acidità: citrato trisodico, aromi, antiossidante: acido ascorbico, edulcoranti: glicosidi",,reference,open_food_facts,
8714100295120,chá verde hortelã e lima,Lipton,,,reference,open_food_facts,
5201156933227,Lipton ice tea,Lipton,,,reference,open_food_facts,
8720608008173,Lipton Yellow Label Classico,Lipton,tè nero,,reference,open_food_facts,
0012000019252,Green Tea Citrus,Lipton,"Water, Sugar, Citric acid , Sodium Polyphosphates, Green Tea , Natural Flavor, Ascorbic Acid , potassium sorbate, phosphoric acid, acesulfame potassium, calcium disodium edta, citrus pectin",,reference,open_food_facts,
8720608026531,Thé vert Classique,lipton,,,reference,open_food_facts,
0012000012754,Green tea,Lipton,"water,high fructose corn syrup,citric acid, natural flavor sooum hexametaphosphate (to protect flavor), pt) green tea, ascorbic acid (vitamin c), potassium sorbate (preserves freshness), phosphoric acid, sugar, acesulfame potassium, calcium",,reference,open_food_facts,
8711327587195,ice tea citron,lipton,"Thé ((eau, extrait de thé noir) (4%)), sucre, fructose, acidifiants (acide citrique, acide malique), jus de citron obtenu à partir d'un produit concentré (0,1%), régulateur d'acidité de l'eau (citrates de sodium), arômes, antioxydant (acide",,reference,open_food_facts,
8901030962226,Lipton,Lipton,,,reference,open_food_facts,
8711327637047,Kombucha Framboesa,Lipton,"Chá (água, extrato de chá preto) (4%), chá fermentado (água, kombucha em pó (0,2%) (maltodextrina, chá preto fermentado), açúcar, dióxido de carbono, vinagre de sidra, acidificantes (ácido málico, ácido cítrico), aromas naturais, antioxidan",,reference,open_food_facts,
8711327571538,Icetea,Lipton,"Water, fructose, suiker, voedingszuren (citroen peluur), groene thee-extract(¹) (0,12%), zuurteregelaar (trinatriumcitraat), antioxidant sobinezur), natuurlijk aroma, zoetstof (steviolglycosiden van Stevia),",,reference,open_food_facts,
8720608019434,Lipton Yellow Label Thee,Lipton,"188-7 nottba 100 tea bags in envelopes, black tea sachets enveloppes, the noir saquetas warte thee/schwarztee,/black tea/maúpo toái,/chá about 00% the noir&quot; &quot;certifiée rainforest alliance/ingrediënten: 100% zwarte thee, 'rainfores",,reference,open_food_facts,
8712100441660,Maille Vinaigre Balsamique de Modène 25 cl,Maille,"Vinaigre de vin (dont SULFITES), moût de raisin cuit (dont SULFITES), moût de raisin concentré (dont SULFITES), colorant : caramel E150d (dont SULFITES).",,reference,open_food_facts,
8722700030117,Sucre vanillé x 12 sachets,Alsa,"Sucre, amidon, extrait naturel de vanille, Peut contenir : blé,",,reference,open_food_facts,
3011360007421,Knorr Soupe Minestrone à l'Huile d'Olive 104g 4 Portions,Knorr,"pâtes gentilini : 27% (semoule de BLÉ dur), pomme de terre¹, tomate¹ : 14%, amidon de pomme de terre, 
haricot blanc,sel, haricot brun, carotte¹ : 2,9%, huile d'olive vierge extra : 2,9%, haricot vert¹ : 1,9%, chlorure de potassium, protéi",,reference,open_food_facts,
8722700035024,Spécialité Moutarde Fine Mi-Forte,Maille,"Moutarde de Dijon 55% (eau, graines de MOUTARDE, vinaigre d'alcool, sel, acidifiant : acide citrique, conservateur : E224 (SULFITES)), huile de tournesol, eau, dextrose, vinaigre de vin blanc, amidon modifié, sel, farine de MOUTARDE, stabil",,reference,open_food_facts,
8712566351024,Moutarde à l'Ancienne,Maille,"Vinaigre d'alcool, graines de MOUTARDE, eau, sel, sucre, arôme naturel, acidifiant: acide lactique, conservateur: E224 (SULFITES). 100",,reference,open_food_facts,
8901030921797,kissan fresh tomato,Kissan,"water, tomato paste (28%), sugar, iodised salt, acidity regulator - E260, stabilizers - E1422, E415, preservative - E211, onion powder, garlic powder, spices, condiments",,reference,open_food_facts,
3011360007430,Soupe Saveur Poule au Pot,Knorr,"Vermicelle: 49% (semoule de BLÉ dur), amidon de pomme de terre, sel, arômes (dont CÉLERI), carotte:4,9%, oignon': 4,2%, poireau':3,6%, chlorure de potassium, chou', CÉLERI-RAVE', préparation à base de morceaux de viande de poule (viande pou",,reference,open_food_facts,
3036810210273,Maille Cornichons Fins Bocal 300g,Maille,"Cornichons (dont SULFITES), vinaigre d'alcool 42%, oignon, sel, graines de MOUTARDE 0,6%, graines de coriandre, arôme naturel.",,reference,open_food_facts,
8710908961292,Knorr Soupe Liquide Douceur à l'Italienne Tomates Mozzarella 1L,Knorr,"Tomate¹ : 61%, eau, oignon¹ : 4%, CRÈME fraîche, fromage : 2,2% (mozzarella (FROMAGE) : 1,5%, FROMAGES, lactosérum (LAIT)), sucre, amidon modifié de maïs, huile d'olive vierge extra : 1%, BEURRE, huile de tournesol, sel, épice et aromates (",,reference,open_food_facts,
8720182248730,Sabor casero,Calvé,"Agua, aceite de soja 40%, vinagre de vino blanco 5.6%, yema de _huevo_ 3.2%, almidón modificado, almidón de _trigo_, azúcar, sal, sal mineral de potasio, zumo de limón concentrado, espesante (goma guar), aromas.",,reference,open_food_facts,
8712100760273,Knorr Soupe Liquide Douceur de Potiron Chataigne,Knorr,"eau, légumes¹ : 45% (potiron : 22%, carotte, pomme de terre, oignon, tomate), châtaigne réhydratée : 4,1%, CRÈME fraîche, sel, BEURRE, sucre, NOISETTE, arômes (dont ORGE), extrait de levure (dont ORGE), fructose, maltodextrine, vinaigre bal",,reference,open_food_facts,
8714100744343,Knorr Soupe Liquide Mouliné de Légumes Verts 1L,Knorr,"Eau, pomme de terre¹ : 16% , CÉLERI-RAVE¹ : 6,7%, oignon¹ : 5,5%, haricot vert¹ : 4,7%, brocoli¹ : 4,3%, poireau¹ : 3,9%, épinard¹ : 2,4%, cresson¹ : 2%, carotte¹ : 1,6%, amidon de maïs, sel, sucre de canne, aromates¹ (cerfeuil¹, racine de ",,reference,open_food_facts,
8710908962088,Knorr Soupe Liquide Velouté Potiron Crème Fraîche 50cl,Knorr,"Eau, potiron¹ : 29%, carotte¹ : 16%, oignon¹ : 3,9%, pomme de terre¹ : 3,9%, CRÈME fraîche : 1,6%, BEURRE, tomate¹ : 0,7%, sel, sucre, extrait de levure, arômes naturels (dont LAIT). Peut contenir : céleri, gluten, moutarde, œuf. ¹Légumes i",,reference,open_food_facts,
8710908960956,Soupe Douceur 8 Légumes à la Crème Fraîche,Knorr,"Eau, carotte¹ : 15%, tomate¹ : 10%, pomme de terre¹ : 6%, CRÈME fraîche : 4,1%, courge¹ : 3%, amidon de maïs, oignon¹ : 2,1%, poireau¹ : 1,8%, sucre de canne, CÉLERI-RAVE¹ : 1,1%, petit pois¹ : 1,1%, sel, BEURRE, aromates (ail, racine de li",,reference,open_food_facts,
3011360014999,Maizena Roux pour Béchamel 250g,Maïzena,"farine de BLÉ, graisse de palme,",,reference,open_food_facts,
8718114825313,Velouté de Cresson,Knorr,"Amidon de pomme de terre, pomme de terre*, graisse de palme, sel, arômes, cresson* 2,3%, sirop de glucose, oignon*, protéines de LAIT, extrait de levure, épices et aromate (persil*, curcuma*, noix de muscade). 

* Ingrédients issus de l'a",,reference,open_food_facts,
8722700136235,Gran mayonesa hellmanns boca,Hellmann's,"Aceite de soja 64%, agua, vinagre de vino blanco, yema de _huevo_ 5%, zumo de limón concentrado, extracto de pimentón, azúcar, sal, almidón modificado, antioxidante (EDTA), aroma, colorante (carotenos), aceite de girasol.",,reference,open_food_facts,
8710908958508,Sabor casero,Calvé,"Agua, aceite de soja 40%, vinagre de vino blanco 5.6%, yema de _huevo_ 3,2%, almidón modificado, almidón de _trigo_, azúcar, sal mineral de potasio, zumo de limón concentrado, espesante (goma guar), aromas.",,reference,open_food_facts,
8710908948282,KNORR Soupe Liquide Velouté de 12 Légumes Fromage Frais 1L,Knorr,"Eau, carotte¹ : 8,9%, pomme de terre¹ : 6,9%, tomate¹ : 6,6%, courge¹ : 4,8%, FROMAGE frais : 2,9%, oignon¹ : 2,8%, CÉLERI-RAVE¹ : 2,1%, petit pois¹ : 2,1%, haricot vert¹ : 2,1%, poireau¹ : 2%, amidon modifié de maïs, sucre, panais¹ : 1,1%,",,reference,open_food_facts,
8712566166480,Ketchup envase 430 g,Hellmann's,"Puré de tomate y tomate concentrado (150 g de tomate para elaborar 100 g de ketchup), azúcar, vinagre de alcohol, fibra de tomate, sal, aromas naturales, especias,",,reference,open_food_facts,
3036812513350,Maille Cornichons à la Russe Bocal 440g,Maille,"cornichons, vinaigre d'alcool, sucre, sel, aneth, ail, graines de MOUTARDE blanche, poivre noir, laurier, arôme naturel (dont CELERI).",,reference,open_food_facts,
8712100745593,Maionese,Calvé,"Água, óleo de colza, vinagre de álcool, amido modificado, açúcar, sal, gema de OVO 1,5%, NATAS em pó, fibra de citrinos, aroma natural de MOSTARDA, espessantes (goma de guar, goma xantana), farinha de MOSTARDA, sumo de limão concentrado, an",,reference,open_food_facts,
8717163889091,"Crema de Alicia con calabaza, zanahoria y guisantes",Knorr,"Agua, zanahoria 14%, tomate 10%, patata 6%, _nata_ 4.1%, almidón, calabaza 2.3%, cebolla 2.1%, puerro 1.7%, azúcar moreno, raíz de _apio_ 1%, guisantes 1%, sal, _mantequilla_, especias.",,reference,open_food_facts,
8714100019733,ReXona,Unilever,,,reference,open_food_facts,
8720182381804,Salsa original,Ligeresa,"Agua, aceite de soja 25%, vinagre de vino, almidón de _trigo_, yema de _huevo_ pasteurizada, azúcar, sal, jarabe de glucosa deshidratado, almidón modificado, espesante (goma garrofin, goma guar), colorante (carotenos), aroma.",,reference,open_food_facts,
8711327576816,Twister Mini Pineapple Ananas,Frigo,"Trinkwasser, Zucker, Glukosesirup, Zitronensaft aus Zitronensaftkonzentrat (5%), Erdbeersaft aus Erdbeersaftkonzentrat (4,5%), Fruktose, Ananassaft aus Ananassaftkonzentrat (2%), pflanzliche Ballaststoffe (Mais), Kokosfett, Stabilisatoren (",,reference,open_food_facts,
3250541913627,Knorr Sauce Chaude Beurre Blanc à l'Échalote Brique 30cl,Knorr,"eau, BEURRE : 15%, amidon modifié de maïs, vinaigre, sel, jus d'échalote¹ concentré : 0,7%, exhausteur de goût : glutamate de sodium, amidon de pomme de terre, protéines de LAIT, sucre, huile de tournesol, arôme (dont POISSON), sirop de suc",,reference,open_food_facts,
8710522652134,Maionese,Calvé,"Água, óleo de colza, vinagre de álcool, amido modificado, açúcar, sal, gema de _OVO_ (1,5%), _NATAS_ em pó, fibra de citrinos, aroma natural de _MOSTARDA_, espessantes (goma de guar, goma xantana), farinha de _MOSTARDA_, sumo de limão conce",,reference,open_food_facts,
8722700136226,Salsa original,Ligeresa,"Agua, aceite de soja 25%, vinagre de vino, almidón de _trigo_, yema de _huevo_, azúcar, sal, jarabe de glucosa deshidratado, almidón modificado, espesantes (goma garrofín, goma guar), colorante (carotenos), aroma.",,reference,open_food_facts,
8710908961238,Velouté Potiron Crème Fraîche,Knorr,"eau, potiron¹ : 29%, carotte¹ : 16%, oignon¹ : 3,9%, pomme de terre¹ : 3,9%, CRÈME fraîche : 1,6%, BEURRE, tomate¹ : 0,7%, sel, sucre, extrait de levure, arômes naturels (dont LAIT). Peut contenir : céleri, gluten, moutarde, œuf. 
¹Légumes",,reference,open_food_facts,
8714100816622,Doble caldo Starlux sabor carne,Knorr,"Sal, potenciadores del sabor (glutamato monosódico, inosinato disódico, guanilato disódico), grasa de palma, aromas, extracto de levadura, almidón, grasa de palma totalmente hidrogenada, aceite de oliva virgen extra 2%, azúcar, colorante (c",,reference,open_food_facts,
3664346300197,Au bon lait de nos régions - Chocolat au lait extra-fin,Mondelez,"Sucre, poudre de lait entier (24,3 %), beurre de cacao, pâte de cacao, émulsifiant (lécithine de soja), arôme naturel de vanille. 
Cacao : 30 % minimum. 
Peut contenir blé, orge et fruits à coque.",,reference,open_food_facts,
8710522854811,Mostarda,Calvé,"Água, _MOSTARDA_ (23,9%) (água, sementes de _MOSTARDA_ (20%), vinagre de álcool, sal, aroma natural, especiarias), óleo de colza, vinagre de álcool, açúcar, amido modificado, gema de _OVO_, sal, sal mineral (cloreto de potássio), espessante",,reference,open_food_facts,
8717163889152,Crema de calabaza con un suave toque de nata,Knorr,"Agua, calabaza 26%, zanahoria 16%, patata 3,9%, cebolla 3%, _nata_ 1,8%, tomate 0,6%, _mantequilla_, sal, azúcar de caña, raíz de levístico.",,reference,open_food_facts,
8717163889107,Crema de verduras mediterráneas,Knorr,"Agua, zanahoria 10%, patata 9%, raíz de _apio_ 5.8%, tomate 4%, cebolla 4%, calabaza 2.8%, chirivía 2.6%, almidón de maíz, _nata_, nabo 1%, puerro 1%, azúcar moreno, sal, raíz de levístico.",,reference,open_food_facts,
8683130003794,magnum double caramel,Unilever,,,reference,open_food_facts,
8720182500898,Moutarde de Dijon,Amora,"Eau, graines de MOUTARDE 26% , vinaigre, sel, acidifiant: E330, conservateur: E224 (SULFITE).",,reference,open_food_facts,
3036810207808,Senf grobkörnig | à l‘Ancienne | Grove Mustard,Maille,"vinegar, mustard seeds, water salt, sugar, dextrose, natural flavor, acodity regulator (latic acid), preservative (potassium metabisulphite),",,reference,open_food_facts,
4013300031386,Steak Sauce,Knorr,"68 % Tomatenmark, Zucker, 6 % Zwiebeln, Branntweinessig, modifizierte Stärke, Speisesalz, schwarzer Pfeffer, Gewürze, Aroma.",,reference,open_food_facts,
8720182308014,Avocado & Lime Sauce,Hellmann's,"Trinkwasser, Rapsöl, modifizierte Stärke, 5,5% Avocado, Branntweinessig/ Weingeistessig, Zucker, Speisesalz, Aromen, Zwiebeln, Knoblauch, Hefeextrakt, Jalapeno Chili, Schnittlauch, Zitronensaftkonzentrat, Färberdistelkonzentrat, Spirulinako",,reference,open_food_facts,
8717163889143,Crema de calabacín con queso de cabra,Knorr,"Agua, calabacín 25%, cebolla 5%, patata 4%, _nata_ 2,4%, almidón modificado de maíz, _leche_ mazada, _leche_ desnatada, espinacas 0,5%, sal, aceite de oliva virgen extra, aceite de girasol, _queso_ de cabra 0,3%, _queso_ de cabra fundido 0,",,reference,open_food_facts,
8410127012628,Potax,Maizena,"Almidón de maíz, aroma (vainillina), espesante (carragenano), azúcar, colorantes (riboflavina y annato) y aromas, Puede contener gluten, leche, huevo, soja y frutos secos.",,reference,open_food_facts,
8000830001150,Vegetale,Knorr,"Sale, grassi vegetali (palma, burro di karité, burro di sal), esaltatori di sapidità: glutammato monosodico, inosinato disodico, guanilato disodico; zucchero, estratto di lievito, verdure disidratate 3,9% (carote 1,5%, cipolle in polvere, p",,reference,open_food_facts,
8711200503898,Beef Gravy Pot,Knorr,"beef stock (beef extract, water)(40%), corn starch, salt, sugar, flavourings (contain wheat and barley), beef fat (3,5%), barley malt extract, yeast extract, gelling agents (xanthan gum, locust bean gum, gellan gum), onion juice concentrate",,reference,open_food_facts,
8711327630895,Bourbon Vanille,Cremissimo,"entrahmte MILCH, Wasser, Zucker, Glukosesirup, Kokosfett, Fruktose, Glukose-Fruktose-Sirup, MOLKENERZEUGNIS, vermahlene Vanilleschoten', Emulgator (Mono - und Diglyceride von Speisefettsäuren), Stabilisatoren (Guarkernmehl, Johannisbrotkern",,reference,open_food_facts,
8711327619476,Schokolade,Cremissimo,"entrahmte MILCH, Wasser, Glukosesirup, Zucker, RAHM (5,5%), Glukose-Fruktose-Sirup, fettarmer Kakao (4,5%), Kokosfett, Kakaomasse (2,5%), MOLKENERZEUGNIS, Kakaobutter (0.6%), Fruktose, Stabilisatoren (Tarakernmehl, Johannisbrotkernmehl, Car",,reference,open_food_facts,
8720182382210,Salsa original,Ligeresa,"Agua, aceite de soja 25%, vinagre de vino, almidón de _trigo_, yema de _huevo_ pasteurizada, azúcar, sal, jarabe de glucosa deshidratado, almidón modificado, espesantes (goma garrofín, goma guar), colorante (carotenos), aroma,",,reference,open_food_facts,
8722700477983,Gran mayonesa,Hellmann's,"Aceite de soja 64%, agua, yema de _huevo_, vinagre de vino blanco, azúcar, sal, almidón modificado de mañiz, aroma, zumo de limón concentrado, antioxidante (E385), extracto de pimentón, colorantes (carotenos).",,reference,open_food_facts,
8710522649918,Maionese Magra,Hellmann's,"Água, óleo de colza, vinagre de álcool, amido modificado, açúcar, sal, gema de _OVO_ (1,5%), _NATAS_ em pó, fibra de citrinos, aroma natural de _MOSTARDA_, espessantes (goma de quar, goma xantana), farinha de _MOSTARDA_, sumo de limão conce",,reference,open_food_facts,
3011360011655,Sauce Echalote,Knorr,"farine de BLÉ, maltodextrine, graisse de palme, amidon de maïs, échalote : 9,8%, sel, tomate¹, sucre, arômes, oignon¹, sirop de glucose, protéines végétales hydrolysées, protéines de LAIT, extrait de vin blanc, extrait de levure, caramel, v",,reference,open_food_facts,
8712566247907,Chicken Noodle Dry Packet Soup,unilever,"pasta (durum wheat semolina, wheat semolina) (65%), salt, potato starch, yeast extract, flavourings (contain celery), chicken (3% ), chicken fat (2,5%), toasted onion powder, potassium chloride, sugar, palm oil, spices (celery seeds, turmer",,reference,open_food_facts,
8721201901988,Marmite squeezy,Marmite,,,reference,open_food_facts,
4013300031252,Schaschliksauce,Knorr,"67 % Tomatenmark, Zucker, Branntweinessig, 4 % Zwiebeln, modifizierte Stärke, Speisesalz, Gewürze, Rapsöl, Aromen, Säuerungsmittel (Citronensäure), Rote Bete-Saftkonzentrat.",,reference,open_food_facts,
4013300031298,Curry Sauce,Knorr,"Trinkwasser, Rapsöl, Zucker, 5,8 % Ananas, Zwiebeln, Apfelpüree, modifizierte Stärke, Speisesalz, EIGELB, 1,7 % Ananassaft, Rotweinessig, GERSTENMALZESSIG, Curry, Branntweinessig, Madeirawein, Emulgator (Polyglycerin-Polyricinoleat), Aroma,",,reference,open_food_facts,
8712423011867,Calvé Salsa Rosa,Unilever,"Olio di semi di girasole, semiconcentrato di pomodoro 15%, aceto d'alcole, tuorlo d'UOVO pastorizzato 5,9%, zucchero, acqua, sale, amido modificato, succo di limone da concentrato 0,03%, estratto di pepe.",,reference,open_food_facts,
8722700231983,Lima limon,Calippo,,,reference,open_food_facts,
0186852000387,Gelato - Madagascan Vanilla Bean,Talenti,"Milk, sugar , cream, dextrose , vanilla extract, sunflower lecithin, carob bean gum, guar gum, natural flavor, lemon peel.",,reference,open_food_facts,
7501005102731,Bebida de soja sin azúcar añadida,Ades,"Agua, Soya",,reference,open_food_facts,
7501005102722,Bebida De Soya,Ades,"soybean base (water, selected soybeans), sugars, calcium carbonate (calcium), flavorings (natural and identical to natural), acidity regulator (sodium citrate), iodine salt, stabilizer (gellana gum), zinc, vitamin e, vitamin a, vitamin d, v",,reference,open_food_facts,
8720182386021,Ketchup,Unilever,"tomatoes, sugar, vinegar, salt, seasoning
NO Gluten",,reference,open_food_facts,
8712100403758,Salsa Burger,Unilever,"water, semi-concentrated tomato soi seed oil (18%), alcohol vinegar, sugar, mustard (water, mustard seeds acetod'alcohol, salt, spices, flavorings), modified starch dimais, worcestershire sauce (water, glucose syrup, malt vinegar (barley), ",,reference,open_food_facts,
8714100890369,Sauce Hollandaise,Lukull,"50% pflanzliche Öle (Palm, Raps), Trinkwasser, MAGERMILCH, 5,3% EIGELB, Speisesalz, Zucker, Säuerungsmittel (Milchsäure), Verdickungsmittel (Xanthan, Guarkernmehl, Johannisbrotkernmehl), Aromen (mit MILCH, SELLERIE)",,reference,open_food_facts,
8710522627439,Asia Noodles - Chicken Taste,Knorr,"85% Nudeln asiatischer Art (WEIZENMEHL, Sonnenblumenöl, Speisesalz, modifizierte Stärke, Zucker, Backtriebmittel (Natriumcarbonat, Kaliumcarbonat), Kurkumaextrakt), Stärke, Zucker, Geschmacksverstärker (Mononatriumglutamat, Dinatriuminosina",,reference,open_food_facts,
8711200532395,Big Burguer Top Down,Calvé,,,reference,open_food_facts,
8720182386049,Ketchup piccante,Calvé,"Pomodori, zucchero, aceto d'alcole, sale, pepe di cayenna 0,07%, pepe nero 0,06%, cipolla in polvere, aglio in polvere, spezie",,reference,open_food_facts,
8711327592461,Eis Mix,Langnese,"Trinkwasser, Zucker, Orangensaft aus Orangensaftkonzentrat (10%) , Glukose-Fruktose-Sirup, Erdbeersaft aus Erdbeersaftkonzentrat (4,5 % ) , Glukosesirup, Fruktose, Zitronensaft aus Zitronensaftkonzentrat (0,6%), Säureregulator (Citronensäur",,reference,open_food_facts,
8720182867003,Ligeresa,Unilever,"Agua, aceite de soja' (25%), vinagre de vino, almidón de TRIGO, yema de HUEVO pasteurizada, azúcar, sal, jarabe de glucosa deshidratado, almidón modificado, espesantes (goma garrofin y goma guar), colorante (carotenos), aroma.",,reference,open_food_facts,
0186852000332,Caramel Cookie Crunch,Unilever,"milk, sugar, cream, skim milk, egg yolks, dulce de leche (sweetened condensed milk [milk, sugar], corn syrup, sugar, water, nonfat dry milk, butter, natural flavor, salt, baking soda), coconut oil, cocoa (processed with alkali), coconut, ca",,reference,open_food_facts,
3228881011051,Lipton Thé Pêche Mangue 20 Sachets,Lipton,"thé, arôme (20%), pêche (1,5%), mangue (1,4%), abricot.",,reference,open_food_facts,
4046800110756,Grießbrei - Klassische Art,Mondamin,"48% HARTWEIZENGRIESS, Zucker, Stärke, Verdickungsmittel Xanthan, Emulgator Mono - und Diglyceride von Speisefettsäuren, Aromen. 
Kann andere glutenhaltige Getreide, Milch, Ei, Soja, Senf und Nüsse enthalten.",,reference,open_food_facts,
8001080009956,maizena,Maizena,amido di mais,,reference,open_food_facts,
8720182376361,Sabor casero,Calvé,"Agua, aceite de soja (40%), vinagre de vino blanco (5,6%), yema de HUEVO (3,2%), almidón modificado, almidón de TRIGO, azúcar, sal, sal mineral de potasio, zumo de limón concentrado, espesante (goma guar), aromas.",,reference,open_food_facts,
3011360022208,Knorr Sauce Déshydratée Liée pour Rôti 20g,Knorr,"amidon de maïs, farine de BLÉ, arômes (dont CÉLERI), maltodextrine, sel, tomate¹, sucre, oignon grillé¹ : 3%, protéines végétales hydrolysées, huile de palme, carotte¹ : 1,5%, chlorure de potassium, épice et aromates (ail¹, thym¹, feuilles ",,reference,open_food_facts,
7501005110244,Maizena fécula de maiz,unilever,Fécula de maíz,,reference,open_food_facts,
8712566203471,zuppa tradizionale,Knorr,"Acqua, legumi 7,3% (ceci 3,2%, fagioli 3,2%, lenticchie 0,9%), ORZO 3%, GRANO (farro) 2,1%, cipolle 2,8%, carote 2,8%, pomodoro, amido di patata, olio d'oliva, sale, estratto di lievito, fruttosio, aromi, rosmarino, salvia, alloro, aglio in",,reference,open_food_facts,
7702047003464,Maizena Original,Unilever,"Almidón de maiz (Contiene sulfito), Premezcla de vitaminas y minerales (Vitamina A, Vitamina B1, Niacina, Vitamina 86, Acido fólico, Vitamina B12, Vitamina C, Zinc-Contiene pescado y sus productos, mani y sus productos), Pirofosfato férrico",,reference,open_food_facts,
8711327584684,Cuja Mara Split,Langnese,"Orangensaft aus Orangensaftkonzentrat¹ (24%), entrahmte MILCH (21%), Passionsfruchtsaft aus Passionsfruchtsaftkonzentrat (15%), Trinkwasser, Zucker, Kokosfett, Glukosesirup, Glukose-Fruktose-Sirup, MOLKENERZEUGNIS, Fruktose, Stabilisatoren ",,reference,open_food_facts,
8711327619722,Cremissimo Walnuss,Cremissimo,"Entrahmte MILCH, Wasser, Glukose-Fruktose-Sirup, Zucker, WALNÜSSE (5,5%). Glukosesirup, Kokosfett, Dextrose, MOLKENERZEUGNIS, Karamellzuckersirup, Ahornsirup (0.4%). Stabilisatoren (Guarkernmehl, Johannisbrotkernmehl, Tarakernmehl, Carragee",,reference,open_food_facts,
8909106018282,Horlicks,Hindustan,"Malt (66.7%) [Barley (32%), Wheat Flour (Atta), Wheat (49%), Millet), Milk Solids (14%), Sugar, Wheat Gluten, Minerals, Edible lodized Salt, Soy Protein Isolate, Acidity Regulators [INS 501(ii), INS 500(ii)], Vitamins. Allergen Information:",,reference,open_food_facts,
3228881011130,Lipton Thé Vert Menthe Intense 20 Sachets,Lipton,"Thé vert 59%, menthe (27%), arôme (13%).",,reference,open_food_facts,
3011360006255,Knorr Soupe Déshydratée Chorba au Mouton Halal 4 Portions,Knorr,"Vermicelle : 22% (semoule de BLÉ dur, semoule de BLÉ tendre), haricot brun : 18%, amidon de pomme de terre, tomate¹ : 12%, flocon d'ORGE malté, sel, arômes, oignon¹, viande de mouton : 3,1%, graisse de poule, sucre, aromates (persil¹ : 0,7%",,reference,open_food_facts,
8712100803383,Knorr Soupe Crème de Volaille et Champignons 75g 3 Portions,Knorr,"Amidons (pomme de terre, riz), graisse de palme, farine de BLÉ, maltodextrine, champignon de Paris¹ : 5,1%, lactosérum (LAIT), oignon grillé¹ : 4%, sel, chlorure de potassium, arômes (dont ŒUF), protéines végétales hydrolysées, préparation ",,reference,open_food_facts,
8712566344325,Push up haribo,Haribo,"Ingrédients LAIT écrémé (50%), purée de fraise (12%), sirop de glucose, bonbons gélifiés goût fruits en forme d'ours (sirop de glucose, sucre, gélatine alimentaire, dextrose, jus de fruits à base de jus concentré (pomme, fraise, framboise, ",,reference,open_food_facts,
8711200496507,Marmite crunchy peanut butter,Marmite,"peanuts (87%), yeast extract powder (9,5%), peanut oil, antioxidant (tocopherol extract), vitamins (thiamin, riboflavin, niacin, vitamin b12 and folic acid)",,reference,open_food_facts,
3228881007508,Thé Noir Russian Earl Grey,Lipton,"Thé, écorces de citron (2,8%), écorces d'orange (2,8%), arôme (2,8%).",,reference,open_food_facts,
5000184161109,Ham Stock Cubes,Knorr,"Salt, starch, vegetable fats (palm, shea, sal), yeast extract, sugar, smoked bacon (5.9%) (bacon, antioxidant (extracts of rosemary), smoke), ham powder (1.1%) (pork, salt, antioxidant (extracts of rosemary)), caramel syrup, maltodextrin, f",,reference,open_food_facts,
7894000010016,Maizena,Duryea,AMIDO.,,reference,open_food_facts,
3083681117013,Poêlée Méditerranéenne 750g,Bonduelle,"Courgettes 21%, pommes de terre préfrites 21% (pommes de terre 20%, huile de tournesol, dextrose), aubergines grillées 20%, courgettes grillées 11%, poivrons rouges 11%, eau, huile de tournesol 1.3%, farine de BLE, huile d'olive vierge extr",,reference,open_food_facts,
3083681116971,La Poêlée Rustique 750g,Bonduelle,"Pommes de terre préfrites 42% (pommes de terre 40%, huile de tournesol, dextrose), haricots verts 18%, champignons de Paris blancs 11%, champignons de Paris blonds 11%, oignons préfrits (oignons, huile de tournesol), eau, CREME [fraîche], c",,reference,open_food_facts,
3083681055263,Taboulé Poulet Rôti,Bonduelle,"Semoule de _BLE_ dur réhydratée (59%) (semoule de _BLE_ (27,5%), eau), tomates (8,5%), viande de cuisse de poulet traitée en salaison rôtie (7,5%) (viande de cuisse de poulet* (7%), eau, fécule de manioc, dextrose, sel), huile de colza, maï",,reference,open_food_facts,
3083681117040,La Poêlée Champêtre 950g,Bonduelle,"Haricots verts 32%, petits pois doux 21%, champignons de Paris 15%, carottes oranges 13%, carottes jaunes 13%, petits oignons blancs 6%, sel, ail, persil, ciboulette, arômes naturels, huile de tournesol. Peut contenir du CELERI",,reference,open_food_facts,
3083681066834,Purée 4 Saveurs 780g,Bonduelle,"Haricots verts 33%, courgettes 32%, épinards 15%, petits pois doux 11.7%, CREME fraîche 2.6%, pommes de terre déshydratées, BEURRE, sel, ail déshydraté, poivre. Peut contenir du CELERI",,reference,open_food_facts,
3083681066843,Purée Délice Vert 780g,Bonduelle,"Courgettes 42%, CELERI rave 19%, brocolis 19%, petits pois doux 14%, pommes de terre déshydratées, BEURRE, sel, ail déshydraté, muscade, poivre 0.01%.",,reference,open_food_facts,
3083681101234,Maïs SRP 1/2,Bonduelle,"Maïs doux en grains, eau, sel. Contient des sucres naturellement présents. Pour la France (si étiquetage du logo ss OGM) : Maïs doux en grains sans OGM (Organisme Génétiquement Modifié), eau, sel. Contient des sucres naturellement présents.",,reference,open_food_facts,
3083680566133,Macedoine de legumes,Bonduelle,"Macédoine de légumes 80% (carottes 29%, pois doux 18%, haricots verts 15%, navets 8,5%, flageolets), huile de colza, eau, vinaigre d'alcool, MOUTARDE de Dijon, sel, OEUF en poudre, épaississant : gomme de xanthane, muscade. Fabriqué dans un",,reference,open_food_facts,
3083681127436,Maïs SSA 1/4 x3,Bonduelle,"Maïs doux en grains, eau, sel. Contient des sucres naturellement présents. Pour la France (si étiquetage du logo ss OGM) : Maïs doux en grains sans OGM (Organisme Génétiquement Modifié), eau, sel. Contient des sucres naturellement présents.",,reference,open_food_facts,
3083681066852,"Purée Délice Carottes, Potiron, Crème",Bonduelle,"Carottes 49%, potiron 26%, pommes de terre 15%, maïs doux en grains 5%, CREME fraîche 2.1%, sucre, sel, persil 0.5%, extrait de levure. Peut contenir du CELERI",,reference,open_food_facts,
3083681127409,Maïs Bio 1/4 x2,Bonduelle,"Maïs doux en grains*, eau, sel. * issus de l'agriculture biologique. Contient des sucres naturellement présents",,reference,open_food_facts,
3083681148651,Celeri fromage blanc dnp 500g,Bonduelle,"CELERI 70%, huile de colza, eau, FROMAGE blanc 0% de matières grasses 6,5% (LAIT écrémé pasteurisé, ferments LACTIQUES), vinaigre d'alcool, sel, MOUTARDE de Dijon, sucre, OEUF en poudre, épaississant : gomme de xanthane. Fabriqué dans un at",,reference,open_food_facts,
3083680484477,Taboule oriental 500g,Bonduelle,"Semoule de BLE dur réhydratée 61% (eau, semoule de BLE 28%), tomates 8%, poivrons 8%, huile de colza 4%, concombres, oignons, raisins secs sultanine 2,5% (raisins secs sultanine 2%, huile de colza), menthe 2%, vinaigre d'alcool, persil, hui",,reference,open_food_facts,
3083680996130,Maïs BIO Français SSA 1/2,Bonduelle,"Maïs doux en grains*, eau, sel. * issus de l'agriculture biologique. Contient des sucres naturellement présents",,reference,open_food_facts,
3083681105276,Poêlée légumes & céréales Brocolis,Bonduelle,"Courgettes grillées 16%, brocolis 15%, petits pois doux 14%, lentilles 13%, _ORGE_ perlé cuit 10%, oignons rouges, chou palmier (kale) 9%, eau, huile de tournesol, mélange de _FROMAGES_ râpés (_LAIT_ pasteurisé, sel, coagulant microbien), f",,reference,open_food_facts,
3083681170720,Quinoa - blé & noisettes 250g,Bonduelle,"Quinoas précuits réhydratés 20% (eau, quinoa blanc précuit 6,5%, quinoa rouge précuit 3%), poix doux 13%, semoule de BLE dur réhydratée 11% (semoule de BLE 6,5%, eau), courgettes, carottes, NOISETTES 5,5 %, lentilles, cranberries séchées 4,",,reference,open_food_facts,
3083680806004,Torti concombre saumon 300g,Bonduelle,"Pâtes cuites 45% (eau, semoule de BLE dur, poudre de blanc d'OEUF), concombres 18%, huile de colza, SAUMON Salmo Salar cuit 10% (SAUMON Salmo salar 9,5%, sel), eau, FROMAGE blanc 0% de matières grasses (LAIT écrémé pasteurisé, ferments LACT",,reference,open_food_facts,
3083680015392,Кукуруза сладкая,Bonduelle,"Сладкая кукуруза в зернах, вода питьевая, сахар, соль.",,reference,open_food_facts,
3083681166815,Croustis Apéro Frenchy 240g,Bonduelle,"Epinards 20%, panure (farine de BLE, levure, sel, graines de millets décortiquées, graines de citrouille, graines de lin brun, graines d'oignon noir, huile de colza) 15%, courgettes préfrites (courgettes 10% , huile de tournesol) 11%, pois ",,reference,open_food_facts,
3083681081693,Coleslaw sce douce 320g,Bonduelle,"Choux blancs 45%, carottes 29%, sauce 22% (huile de colza, eau, MOUTARDE de Dijon (eau, graines de MOUTARDE, vinaigre d'alcool, sel), sucre, vinaigre d'alcool, sel, OEUF en poudre, concentré d'orange, antioxydant : acide ascorbique, épaissi",,reference,open_food_facts,
3083681012295,Carottes rapees moutarde 300g,Bonduelle,"Carottes 80%, eau, huile de colza, vinaigre d'alcool, MOUTARDE à l'ancienne 1%, purée d'ail, sel, arôme naturel (CELERI), MOUTARDE de Dijon, amidon de pomme de terre, épaississants : gomme de xanthane et gomme de guar, antioxydant : acide a",,reference,open_food_facts,
3083681055421,Piemontaise poulet 320g,Bonduelle,"Pommes de terre 45%, maïs doux 13%, viande de cuisse de poulet traitée en salaison rôtie 10,5% (viande de cuisse de poulet* 9%, eau, fécule de manioc, dextrose, sel), tomates 9,5%, huile de colza, eau, vinaigre d'alcool, OEUF dur, MOUTARDE ",,reference,open_food_facts,
3083681127463,Maïs SRP 1/4 x3,Bonduelle,"Maïs doux en grains, eau, sel. Contient des sucres naturellement présents. Pour la France (si étiquetage du logo ss OGM) : Maïs doux en grains sans OGM (Organisme Génétiquement Modifié), eau, sel. Contient des sucres naturellement présents.",,reference,open_food_facts,
3083681030990,Les 3 légumes CF Broc Car 750g,Bonduelle,"Brocolis (35%), choux fleurs (35%) , carottes (30%). Peut contenir du CELERI",,reference,open_food_facts,
3083681115945,Haricots verts SRP 750G,Bonduelle,Haricots verts Peut contenir du CELERI,,reference,open_food_facts,
3083680002981,Macédoine 4/4,Bonduelle,"carottes, navets, haricots verts, petits pois, flageolets, eau, sel.",,reference,open_food_facts,
3173610005020,Champignons à la grecque 1/2,Bonduelle,"Champignons [de Paris] 45%, eau, double concentré de tomates 8,7%, huile de colza, vinaigre d'alcool, oignons 2,3%, oignons frits déshydratés (oignons 1%, huile de tournesol) 1,2%, sucre, sel, amidon transformé de maïs, arôme naturel, arôme",,reference,open_food_facts,
3083681163775,Lentilles Jus Nature 4/4,Bonduelle,"Eau, lentilles sèches trempées, sel, affermissant : chlorure de calcium Peut contenir du BLE",,reference,open_food_facts,
3083680019404,Haricots verts XF P.Vapeur 1kg,Bonduelle,Haricots verts Peut contenir du CELERI,,reference,open_food_facts,
3083681127737,Haricot verts,Bonduelle,"Haricots verts extra-fins, eau, sel pour les ventes France à partir de 2017 : haricots verts extra-fins 55%, eau, sel 0,7%",,reference,open_food_facts,
3083681128514,Pois carottes sans arôme ajouté 4/4,Bonduelle,"Légumes en proportion variable (petits pois, carottes), eau, sucre, sel",,reference,open_food_facts,
3083681070493,Taboule aux legumes 300g,Bonduelle,"Semoule de BLE dur rehydratée 38% (semoule de BLE 20%, eau), poivrons 15%, tomates 9,5%, maïs doux 9,5%, concombres 8%, huile de colza, oignons, échalote 2,5%, huile d'olive vierge extra, vinaigre d'alcool, pur jus de citron, oignons réhydr",,reference,open_food_facts,
3083681127889,Haricots verts SRP 4/4,Bonduelle,"Haricots verts extra-fins, eau, sel pour les ventes France à partir de 2017 : haricots verts extra-fins 55%, eau, sel 0,7%",,reference,open_food_facts,
3083681116528,Duo quinoa & noisettes 180g,Bonduelle,"Quinoas précuits réhydratés (20%) (eau, quinoa blanc précuit, quinoa rouge précuit), pois doux (13%), semoule de BLE dur réhydratée (12%) ,courgettes (10%), carottes (9,5%), NOISETTES entières (5,5%), lentilles appertisées (lentilles sèches",,reference,open_food_facts,
3083681147838,Croustis Original Brocolis 305g,Bonduelle,"Brocoli 56.8%, chapelure (farine de _BLE_, levure, sel, huile de colza), huile de tournesol, eau, _EMMENTAL_ (_LAIT_, sel, ferments lactiques) 4.1%, _CREME_ fraîche, farine de _BLE_, sel, farine de maïs, flocons de riz, blanc d'_OEUF_ en po",,reference,open_food_facts,
3083680603115,Coleslaw 500g,Bonduelle,"Choux blancs 44%, carottes 29%, eau, huile de colza, sucre, MOUTARDE à l'ancienne 1%, oignons 1%, vinaigre d'alcool, MOUTARDE de Dijon, sel, amidon de pomme de terre, OEUF en poudre, épaississants : gomme de xanthane et gomme de guar, antio",,reference,open_food_facts,
3083681137813,Sweet corn SRP 1/4 212x3,Bonduelle,"Sweet corn in kernels, water, salt. Contains natural sugars. Regarding France (if labelling with logo GMO-free) : Sweet corn in kernels GMO-free (Genetically Modified Organism), water, salt. Contains natural sugars.",,reference,open_food_facts,
3083681178023,"Galettes Car, Pot & Emmental 300g",Bonduelle,"Carottes 34%, potiron 16%, pois chiches, butternut, huile de tournesol, _EMMENTAL_ (_LAIT_, sel, ferments lactiques, coagulant microbien) 5.5%, farine de lentilles, farine de maïs, protéine de féverole, échalotes rissolées déshydratées (éch",,reference,open_food_facts,
3083681166754,Croustis snacking Texas BBQ,Bonduelle,"Haricots rouges 17%, panure (farine de _BLE_, levure, sel, graines de millets décortiquées, graines de citrouille, graines de lin brun, graines d'oignon noir, huile de colza) 16%, maïs doux en grains 14%, poivrons rouges 14%, oignon rouge 1",,reference,open_food_facts,
3083681178050,"Galettes Broco, Ep & Emmental 300g",Bonduelle,"Épinards 22%, brocoli 21%, haricots verts, oignons, huile de tournesol, _EMMENTAL_ (_LAIT_, sel, ferments lactiques, coagulant microbien) 5.5%, farine de maïs, farine de lentilles, échalotes rissolées déshydratées (échalotes, huile de tourn",,reference,open_food_facts,
3083681120381,Champignon émincé épais1/2,Bonduelle,"Champignons, eau, sel.",,reference,open_food_facts,
3083681166727,Maxi croustis cheesy,Bonduelle,"Panure (farine de _BLE_, levure, sel, graines de millets décortiquées, graines de citrouille, graines de lin brun, graines d'oignon noir, huile de colza) 16%, potiron 12%, carottes 11%, emmental (_LAIT_, sel, ferments lactiques, coagulant m",,reference,open_food_facts,
3083681128781,Petits pois sans arôme ajouté 4/4,Bonduelle,"Petits pois, eau, sucre, sel",,reference,open_food_facts,
3083681177963,Galettes Duo Courgettes & Pdt 300g,Bonduelle,"Courgettes vertes et jaunes 36%, courgettes vertes préfrites (courgettes 21%, huile de tournesol) 23%, pommes de terre préfrites (pommes de terre 17%, huile de tournesol) 19%, huile de tournesol, farine de lentilles, farine de maïs, échalot",,reference,open_food_facts,
3083681027181,Les 3 Légumes HV Car Pois 750g,Bonduelle,"Haricots verts (34%), jeunes carottes (33%) , pois gourmands (33%). Peut contenir du CELERI",,reference,open_food_facts,
3083681120187,Champignon entier sans sulfite 1/2,Bonduelle,"Champignons, eau, sel.",,reference,open_food_facts,
3083681163924,Haricots Rouges Jus Nature 1/4 x3,Bonduelle,"Eau, haricots rouges secs trempés, sel.",,reference,open_food_facts,
3083681055236,Taboule libanais 300g,Bonduelle,"Boulgour cuit 35% (eau, BLE dur 13%), semoule de BLE dur réhydratée 24% (semoule de BLE 12%, eau), tomates 12%, concombres 7%, persil 6%, huile d'olive vierge extra 3%, oignons, échalote 2,5%, huile de colza, vinaigre d'alcool, oignons réhy",,reference,open_food_facts,
3083681120682,Champi émincé sans sulfite 1/4x2,Bonduelle,"Champignons, eau, sel.",,reference,open_food_facts,
3083681177990,Galette de légumes,Bonduelle,"Aubergines préfrites (aubergines 17%, huile de tournesol) 20%, courgettes 19%, poivrons rouges, pommes de terre préfrites (pommes de terre, huile de tournesol) 13%, oignons, huile de tournesol, double concentré de tomates, farine de lentill",,reference,open_food_facts,
3083681049891,Lentilles carottes et oignons 300g,Bonduelle,"Lentilles vertes cuites 52%, carottes 26%, eau, huile de colza, vinaigre d'alcool, MOUTARDE à l'ancienne (eau, vinaigre d'alcool, graines de MOUTARDE, téguments de graines de MOUTARDE, sel, arômes, épice), ciboulette, MOUTARDE de Dijon, oig",,reference,open_food_facts,
3083680643566,Riz provencal 180g,Bonduelle,"Riz cuit 51% (eau, riz 22%), tomates 11%, THON Listao au naturel 7% (THON Listao 6,5%, eau, sel), olives noires 4%, petits pois doux, maïs doux 4%, poivrons, eau, huile de colza, vinaigre d'alcool, huile d'olive vierge extra, basilic 0,8%, ",,reference,open_food_facts,
3083681167957,Salade façon Auvergnate 250g,Bonduelle,"Lentilles vertes cuites 47%, carottes 12%, butternut 11%, huile de colza, FOURME d'Ambert AOP* au LAIT pasteurisé 7% (LAIT de vache pasteurisé, sel, présure, ferments LACTIQUES et d'affinage, chlorure de calcium), oignons réhydratés, vinaig",,reference,open_food_facts,
3083681163748,Hrouges très peu de jus 1/4 x2,Bonduelle,"Haricots rouges, eau, sel, affermissant : chlorure de calcium (ou E509). Peut contenir SOJA, céréales contenant du GLUTEN",,reference,open_food_facts,
3083681099601,Champignons émincés BIO 1/2,Bonduelle,"Champignons [de Paris]*, eau, sel. *issus de l'agriculture biologique",,reference,open_food_facts,
3083681166842,Mini Croustis,Bonduelle,"Courgettes, panure (farine et amidon de BLE, sel, dextrose, levure, GLUTEN de BLE, huile de colza, antioxydant : extrait de romarin, persil) 15%, aubergines préfrites (aubergines 10%, huile de tournesol) 11%, poivrons rouges et jaunes grill",,reference,open_food_facts,
3083681166879,Croustis apero Tex mex,Bonduelle,"Maïs doux en grains 21%, panure (farine de BLE, sel, paprika, levure, chips de tortillas (farine de maïs, huile de tournesol), poivre) 15%, haricots rouges 13%, oignons préfrits (oignons, huile de tournesol), poivrons rouges, eau, huile de ",,reference,open_food_facts,
3083680629779,mache roquette,bonduelle,"Mâche, roquette.",,reference,open_food_facts,
3083681147953,Croustis Original Chou-fleur 305g,Bonduelle,"Choux fleurs 56.7%, chapelure (farine de BLE, sel, levure) 16.9%, huile de tournesol, eau, emmental (LAIT, sel, ferments lactiques, coagulant) 3.5%, CREME fraîche, blanc d'OEUF et OEUF entier en poudre [issus de poules élevées en plein air]",,reference,open_food_facts,
3083681157251,Riz concombre saumon 280g,Bonduelle,"Riz cuit 45% (eau, riz 19%), concombres 14%, maïs doux 14%, SAUMON Salmo Salar cuit 7% (SAUMON Salmo Salar 7%, sel), huile de colza, oignons, FROMAGE blanc 0% de matières grasses 2% (LAIT écrémé pasteurisé, ferments LACTIQUES), ciboulette, ",,reference,open_food_facts,
3083681120354,Champignons émincé épais 1/4x3,Bonduelle,"Champignons, eau, sel.",,reference,open_food_facts,
3083681174984,Croustis Apéro Indian Curry 240G,Bonduelle,"Carottes 18%, lentilles 16%, panure (farine de _BLE_, sel, levure, curcuma, extrait de paprika, flocons de maïs) 15%, choux fleurs, oignons préfrits (oignons, huile de tournesol), huile de tournesol, eau, double concentré de tomates, farine",,reference,open_food_facts,
3083681116005,Petits Pois SRP 750G,Bonduelle,Petits pois doux. Peut contenir du CELERI .,,reference,open_food_facts,
3083681120655,Champi émincé sans sulfite 1/4x3,Bonduelle,"Champignons, eau, sel.",,reference,open_food_facts,
3083681163012,HBorlotti très peu de jus 1/4 x2,Bonduelle,"Haricots borlotti, eau, sel",,reference,open_food_facts,
3083681141092,Palets de légumes,Bonduelle,"sweet peas 38%, spinach 32%, sunflower oil, pre-fried onions (onions, sunflower oil), mozzarella 5,5% (pasteurized cow's milk, salt, lactic ferments, coagulant), corn flour, chives, egg white powder (from free-range hens), salt, may contain",,reference,open_food_facts,
3083681150957,Carottes râpées au citron 1000g,Bonduelle,"Carottes 81%, eau, huile de colza, vinaigre d'alcool, sucre, sel, jus de citron de Sicile 0,6%, MOUTARDE de Dijon, arôme naturel de citron (BLE), amidon de pomme de terre, antioxydant : acide ascorbique, épaississants : gomme de xanthane et",,reference,open_food_facts,
3083681173222,Coleslaw 110g,Bonduelle,"Choux blancs (44%), carottes (29%), eau, huile de colza, sucre, MOUTARDE à l'ancienne (1%) (eau, vinaigre d'alcool, graines de MOUTARDE, téguments de graines de MOUTARDE, sel, arômes naturels, épices), vinaigre d'alcool, oignons (1%), MOUTA",,reference,open_food_facts,
3083680015374,Haricots verts XF Cueilli 58cl,Bonduelle,"Haricots verts extra-fins, eau, sel",,reference,open_food_facts,
3083681128727,Petits pois sans arôme ajouté 1/2,Bonduelle,"Petits pois, eau, sucre, sel",,reference,open_food_facts,
3083681133808,Pchiche BIO Très peu de jus 1/4x2,Bonduelle,"Pois chiches secs trempés* , eau, sel. * produits issus de l'agriculture biologique.",,reference,open_food_facts,
3083681130528,Flageolets XF 1/2,Bonduelle,"Flageolets verts, eau, sel, extrait de levure.",,reference,open_food_facts,
3083681132997,Maïs SRP 1/4 x3,Bonduelle,"Maïs doux en grains, eau, sel. Contient des sucres naturellement présents. Pour la France (si étiquetage du logo ss OGM) : Maïs doux en grains sans OGM (Organisme Génétiquement Modifié), eau, sel. Contient des sucres naturellement présents.",,reference,open_food_facts,
3083680942069,CHOU ROUGE MOUTARDE 300g,Bonduelle,"Chou rouge 82%, huile de colza, eau, vinaigre d'alcool, sucre, MOUTARDE de Dijon 1%, sel, épaississants: gomme de xanthane et gomme de guar. Fabriqué dans un atelier utilisant également : gluten, lait, oeuf, céleri, crustacé, poisson, soja,",,reference,open_food_facts,
3083681133774,HRouge BIO Très peu de jus 1/4 x2,Bonduelle,"Haricots rouges secs trempés*, eau, sel. * produits issus de l'agriculture biologique.",,reference,open_food_facts,
3083680001557,Jardinière aux 4 légumes 4/4,Bonduelle,"Légumes (carottes, haricots verts coupés, pommes de terre, flageolets verts), eau, sel, bouillon de volaille (sel, exhausteurs de goût : E621-E631-E627, arômes, sucre, viande et graisse de poulet, sirop de glucose, amidon de pommes de terre",,reference,open_food_facts,
3083681047963,Les 3 Légumes Précuit Vapeur choux,Bonduelle,"Mélange de légumes : choux fleurs 50%, brocolis 40%, choux romanesco 10% Peut contenir du CELERI",,reference,open_food_facts,
3083680588348,Trio crudites 300g,Bonduelle,"Carottes 42%, CELERI 27%, maïs doux 13%, eau, huile de colza, vinaigre d'alcool, échalote 0,9%, persil 0,9%, jus de citron, MOUTARDE de Dijon, sel, sucre, concentré d'orange, purée d'ail, épaississant: gomme de xanthane. Fabriqué dans un at",,reference,open_food_facts,
3083681131864,Haricots verts Vapeur 1/2,Bonduelle,"Haricots verts extra-fins, eau, sel, jus concentré de citron, antioxydant : acide ascorbique.",,reference,open_food_facts,
3083681130555,Flageolets XF 4/4,Bonduelle,"Flageolets verts, eau, sel, extrait de levure.",,reference,open_food_facts,
3083681130759,Petits pois Vapeur 4/4,Bonduelle,"Petits pois doux, eau, sel.",,reference,open_food_facts,
3083681163836,Lentilles Jus Nature 1/2,Bonduelle,"Eau, lentilles sèches trempées, sel, affermissant : chlorure de calcium Peut contenir du BLE",,reference,open_food_facts,
3083681170827,Pommes de terre saumon 280G,Bonduelle,"Pommes de terre 50%, carottes, huile de colza, concombres 7,5%, SAUMON Salmo Salar cuit 7% (SAUMON salmo salar 7%, sel), FROMAGE blanc 0% de matières grasses (LAIT écrémé pasteurisé, ferments LACTIQUES), eau, vinaigre d'alcool, aneth, sel, ",,reference,open_food_facts,
3083681178333,Pois chiches très peu de jus 1/4x2,Bonduelle,"Pois chiches, eau, sel. Peut contenir SOJA, céréales contenant du GLUTEN",,reference,open_food_facts,
3083681183645,Pasta poêlée gnocchi tomate & mozzarella,Bonduelle,"GNOCCHIS (semoule de BLE dur, pomme de terre, eau, sel) 38%, tomates dés 26%, tomates cerise 10%, eau, oignons préfrits (oignons, huile de tournesol), purée de tomates mi-réduite, MOZZARELLA (LAIT pasteurisé, sel, acidifiant : acide citriqu",,reference,open_food_facts,
3083681141038,Palets de legumes,Bonduelle,"Courgettes 37%, courgettes préfrites 25% (courgettes Energic 24%, huile de tournesol), pommes de terre 14%, huile de tournesol, oignons préfrits (oignons, huile de tournesol), farine de maïs, blanc d'œuf en poudre (issu de poules élevées en",,reference,open_food_facts,
3083681141065,Palet de légumes Courgettes Aubergines,Bonduelle,"Courgettes 34%, aubergines préfrites 18% (aubergines 15%, huile de tournesol), poivrons rouges et jaunes grillés 13%, boulgour (blé dur), huile de tournesol, double concentré de tomates, oignons préfrits (oignons, huile de tournesol), farin",,reference,open_food_facts,
3083681070183,Un toque de maíz,Bonduelle,"Sweet corn, water, salt",,reference,open_food_facts,
3083681054875,Haricots Rouges façon Chili 4/4,Bonduelle,"Boîte 1/2 Eau, haricots rouges secs trempés 38.4%, maïs doux en grains 8.6%, poivrons rouges 4.3%, oignons 2.7%, double concentré de tomates, sel, MOUTARDE (eau, graines de MOUTARDE, vinaigre d'alcool, sel) 0.5%, cumin 0.3%, oignons en poud",,reference,open_food_facts,
3083681168044,Duo de carottes & panais 750g,Bonduelle,"Légumes en proportion variable (panais, carottes orange, carottes jaunes). Peut contenir : CELERI.",,reference,open_food_facts,
3083681096853,Petits Pois Bio 100% français 58cl,Bonduelle,"Petits pois doux*, eau, sucre de canne*, sel. * issus de l'agriculture biologique",,reference,open_food_facts,
3083681127825,Haricots verts SRP 1/2,Bonduelle,"Haricots verts extra-fins, eau, sel pour les ventes France à partir de 2017 : haricots verts extra-fins 55%, eau, sel 0,7%",,reference,open_food_facts,
3083680498814,Taboule crevette 300g,Bonduelle,"Semoule de BLE dur réhydratée 56% (eau, semoule de BLE 26%), poivrons 15%, CREVETTES décortiquées cuites 8% (CREVETTES 8%, sel, colorants : extrait de paprika), oignons, huile de colza 3%, huile d'olive vierge extra 2%, vinaigre d'alcool, k",,reference,open_food_facts,
3083680994619,Jeunes Pousses,Bonduelle,"batavia (mini 35%),  laitue  (mini  35%).",,reference,open_food_facts,
3083681097658,Hrcts Vrts Bio 100% Français 500g,bonduelle,Haricots verts issus de l'agriculture biologique,,reference,open_food_facts,
3083680020783,Macédoine 1/4 x3,Bonduelle,"Légumes (carottes, navets, haricots verts, petits pois, flageolets), eau, sel.",,reference,open_food_facts,
3083681160671,Maïs sauge 280g,Bonduelle,"Maïs doux 43%, concombres 23%, tomates 20%, huile de colza, oignons réhydratés, vinaigre d'alcool, MOUTARDE de Dijon, MOUTARDE à l'ancienne, sauge 0,8%, sel, épaississants : gomme de xanthane et gomme de guar. Fabriqué dans un atelier utili",,reference,open_food_facts,
3083681178485,Lunch Bowl à l'Orientale 250g,Bonduelle,"Eau, semoule de BLE dur 18%, pois chiches noirs 14%, tomates en dés 11%, poivrons rouges 9%, oignons en dés 7%, poivrons verts en dés 6%, raisins secs 5% (raisins 4,97%, huile de tournesol), courgettes en dés 4%, huile de tournesol, sel, pe",,reference,open_food_facts,
3083681178458,Lunch Bowl à la Mexicaine 250g,Bonduelle,"Eau, haricots rouges 17%, riz basmati blanc 15%, poivrons rouges grillés en dès 13%, patates douces en dés 9%, maïs doux en grains 9%, tomates en dés 6%, oignons en lanières 5%, huile de tournesol, sel, piment doux fumé 0.25%, piment en pou",,reference,open_food_facts,
3083681081569,Carottes rapees echalote 320g,Bonduelle,"Carottes 77%, eau, échalote 4.5%, huile de colza, vinaigre d'alcool, persil 0.8%, sel, sucre, MOUTARDE de Dijon, arômes naturels (BLE), amidon modifié de pomme de terre, antioxydant : acide ascorbique, épaississants : gomme de xanthane et g",,reference,open_food_facts,
8715700407762,Tomato Ketchup BIO,Heinz,"Tomates (180 g pour 100 g de Ketchup), sucre, vinaigre, sel, épices (contient céleri), poudre d'oignon, poudre d'ail,",,reference,open_food_facts,
5000157024671,Фасоль в томатном соусе,Heinz,"Beans (50%), Tomatoes (36%), Water, Sugar, Modified Cornflour, Salt, Spice Extracts , Herb Extract",,reference,open_food_facts,
8715700423919,Tomato ketchup,Heinz,"Tomates (174 g pour 100 g de Tomato Ketchup), vinaigre d'alcool, sucre, sel, extraits d'épices et d'herbes (céleri), édulcorant (glycosides de stéviol), épice.",,reference,open_food_facts,
8715700421355,Tomato ketchup,Heinz,"Pomodori (148 g per 100 g Tomato Ketchup), aceto di alcool, zucchero, sale, estratti di spezie ed erbe aromatiche (contiene sedano), spezie.",,reference,open_food_facts,
8715700112590,"Ketchup zéro sel ajouré, 70% moins de sucres",Heinz,"tomatoes (200g per 100g of tomato ketchup), spirit vinegar, lemon juice concentrate, potassium chloride, acidifier (malic acid), citrus fibre, spice and herb extracts (contains  celery), sweetener (sucralose),",,reference,open_food_facts,
8715700017000,Tomato Ketchup,Heinz,"Tomates, vinaigre, sucre, sel, extraits d'épices, extrait d'herbes (_céleri_), épice.",,reference,open_food_facts,
8410066131332,Mayonesa sabor tradicional,Heinz,vinaigre de vino,,reference,open_food_facts,
8715700421957,Mayonnaise American Style,Heinz,"rapeseed oil 68%, water, pasteurized egg yolk from hens raised in plen air 5%, vinegar, sugar, starch, salt, mustard seeds, spices, antioxidant (calcium disodium edta)",,reference,open_food_facts,
8410066139237,Tomato Frito,Heinz,"Tomaten, plantaardige oliën 3,4% (zonnebloem, soja in wisselende verhoudingen met extracten van gebakken ui en knoflook), suiker, gemodificeerd zetmeel, zout",,reference,open_food_facts,
8715700016506,Ketchup,Heinz,"Tomaten, Branntweinessig, Zucker, Salz, Gewürz - und Kräuterextrakte (enthält Sellerie), Gewürz,",,reference,open_food_facts,
5000157076416,Seriously Good Mayonnaise,Heinz,"RAPESEED OIL 68%, WATER, PASTEURISED FREE RANGE EGG YOLK 5%, SPIRIT VINEGAR, SUGAR, STARCH, SALT, MUSTARD SEEDS, SPICES , ANTIOXIDANT (CALCIUM DISODIUM EDTA)",,reference,open_food_facts,
5000157076391,Heinz Mayonnaise,Heinz,"Rapeseed Oil 68%, Water, Pasteurized free range Egg Yolk* 5%, Spirit Vinegar, Sugar, Starch, Salt, Mustard Seeds, Spices, Antioxidant (Calcium Disodium EDTA).",,reference,open_food_facts,
5000157062671,Cream of Tomato Soup,Heinz,"Tomatoes (89%), Water, Modified Cornflour Sugar, Rapeseed Oil, Dried Skimmed Milk, Salt, Cream (Milk), Milk Proteins, Acidity Regulator - Citric Acid, Spice Extracts, Herb Extract",,reference,open_food_facts,
8410066112841,сос с пармезан HEINZ,Heinz,"soybean oil (43%), water, wine vinegar, sugar, parmesan cheese (3%) (milk), egg yolk, salt, vinegar, flavorings, acidifier (lactic acid), mustard seeds, garlic powder, thickener (xanthan gum), preservative (potassium sorbate), color (plain ",,reference,open_food_facts,
8715700117823,Heinz Mayonesa,Heinz,"rapeseed oil 68%, water, pasteurized egg yolk 5%, vinegar, sugar, starch, salt, mustard seeds, spices, antioxidant (calcium disodium edta),",,reference,open_food_facts,
8410066118094,HEINZ,Heinz,"Tomates (160 g de tomates pour 100 g de sauce), huile de tournesol, sucre, amidon modifié, sel, extraits d'ail et d'oignons,",,reference,open_food_facts,
5000157143037,Seriously good mayonnaise,Heinz,"Rapeseed Oil (68%), Water, Pasteurised Free Range Egg Yolk (5%), Spirit Vinegar, Sugar, Starch, Salt, Mustard Seeds, Spices, Antioxidant (Calcium Disodium EDTA)",,reference,open_food_facts,
5000157073020,Worcester sauce,Heinz,"Vinaigre d'alcool, mélasse, vinaigre de malt (_orge_), eau, sucre, jus de tamarin (plante), sel, oignons, anchois (_poisson_), ail, arômes, épices.",,reference,open_food_facts,
8715700112581,Tomato ketchup,Heinz,"Tomates, vinaigre d'alcool, jus de citron à base de concentré, chlorure de potassium, acidifiant (acide malique), fibres d'agrumes, extraits d'épices et d'herbes (contiennent du céleri), édulcorant (sucralose).",,reference,open_food_facts,
3660603081980,Mayonnaise,Heinz,"Huile de colza 69%, eau, moutarde de Dijon 5,9% (eau, graine de moutarde, vinaigre d'alcool, sel), jaune d'oeufs de poules élevées en plein air pasteurisés, vinaigre, vinaigre d'alcool, vinaigre de vin blanc), jus de citron à base de concen",,reference,open_food_facts,
5900783010281,Heinz Zero Sel Ajoute,Heinz,"tomates (200g pour 100g de tomato ketchup ), vinaigre d’alcool, jus de citron à base de concentré, chlorure de potassium, fibres d’agrumes, extrait d’épices et d’herbes (contiennent du céleri), édulcorant (sucralose)",,reference,open_food_facts,
8715700110176,Tomato ketchup -50 % de sucres et sel,Heinz,"Tomates (174g pour 100 g de Tomato Ketchup), vinaigre, sucre, sel, extraits d'epices Deckel et d'herbes (contiennent du céleri), édulcorant (glycosides de stéviol), épice,",,reference,open_food_facts,
8715700421841,SAUCE AMERICAN BURGER,Heinz,"Huile de tournesol, eau, purée de tomates mi-réduite, vinaigre d'alcool, sucre, amidon modifié, sel, jaune d'œuf, aneth 1 %, vinaigre de malt d'orge, mélasse, sirop de sucre inverti, oignon, extrait de tamarin, ail, épices, arôme naturel de",,reference,open_food_facts,
5000157079608,Tomato Ketchup 50% Less Sugar & Salt,Heinz,"Tomatoes, Spirit Vinegar, Sugar, Salt, Spice and Herb Extracts (contain Celery), Sweetener (Steviol Glycosides from Stevia), Spice",,reference,open_food_facts,
5900783008064,Mayomix,Heinz,"Huile de colza (40%), purée de tomates mi-réduite (22%), vinaigre d'alcool, sucre, jaune d'œuf (3%), amidon, sel, graines de moutarde, extraits d'épices et d'herbes (contiennent du céleri), antioxydant (calcium disodium EDTA),",,reference,open_food_facts,
5000157078779,BEANZ in a rich tomato sauce,Heinz,"Beans (50%), Tomatoes (37%), Water, Modified Cornflour, Spirit Vinegar, Salt, Natural Flavouring, Spice Extracts, Sweetener - Steviol Glycosides, Herb Extract. Contains naturally occuring sugars.",,reference,open_food_facts,
8410066118702,La sauce tomate cuisinée,Heinz,"Tomates (160 g pour 100 g de sauce tomate cuisinée), huiles végétales 3,4% (tournesol, soja en proportion variable avec des extraits d'oignon et d'ail frits), sucre, amidon modifié, sel.",,reference,open_food_facts,
5000157024884,Beanz in a rich tomato sauce,Heinz,"Beans (51%), Tomatoes (34%), Water, Sugar, spirit Vinegar, Modified Cornflour, Salt, Spice extracts, Herb Extract",,reference,open_food_facts,
8715700411288,Curry Mango sauce flacon 225 g,Heinz,"Huile de tournesol 27 %, eau, vinaigre d'alcool, sucre, purée de mangue 4 %, lactosérum en poudre (lait), curry en poudre 2%, amidon modifié, sel, épices (contient moutarde, céleri), colorant (bêta-carotène), acidifiant (acide citrique), ép",,reference,open_food_facts,
6221033000612,Mayonnaise Heinz,Heinz,"Non-hydrogenated Vegetable Refined Soybean Oil, Water, Vinegar, Sugar, Egg Yolk, Salt, Modified Starches, Stabilizer (Xanthan Gum), Mustard Flour, Preservative (Potassium Sorbate), Antioxidants (Ethylene diamine tetra acetates, Butylated hy",,reference,open_food_facts,
8715700110185,Tomato ketchup,Heinz,"de nos ,quot,tomates müries au soleil, que nous cultivons avec passion et expertise, ARÖMES NATURELS SEULEMENT  SANS CONSERVATEUR •SANS ÉPAISSISSANT - VÉGANE  SANS GLUTEN  Tomates (148 g pour 100 g de Tomato Ketchup), vinaigre d'alcool, sUc",,reference,open_food_facts,
8715700422080,VEND HEINZ MAYONESA/MAIONESE Ingredientes: Aceite,Heinz,"Aceite de soja 68%, agua, yema de _huevo_ pasteurizada 5%, vinagre de alcohol, azúcar, almidón, sal, semillas de _mostaza_, especias, antioxidante (EDTA de calcio y disodio).",,reference,open_food_facts,
8715700421461,Heinz tomato ketchup,Heinz,"tomatoes, vinegar, sugar, salt, extracts of spices and herbs (contains celery), spices,",,reference,open_food_facts,
8715700117142,Zero Tomaten Ketchup,Heinz,"Tomaten, Branntweinessig, Zitronensaftkonzentrat, Kaliumchlorid, Säuerungsmittel (Äpfelsäure), Zitrusfasern, Gewürz - und Kräuterextrakte (enthält Sellerie), Süßungsmittel (Sucralose).",,reference,open_food_facts,
8715700225636,tomato ketchup,Heinz,"Tomates (148 g pour 100 g Tomato Ketchup), vinaigre d'alcool, sucre, sel, extraits d'épices et d'herbes (contiennent du céleri), épice,",,reference,open_food_facts,
8410066122592,Sauce Andalouse,Heinz,"Huile de tournesol 54%, eau, jus de citron à base de concentré, vinaigre d'alcool, purée de tomates mi-réduite 6,0%, jaune d'_oeuf_, sucre, poudre d'oignon, épices, piment de Cayenne 0,3%, sel, graines de _moutarde_ en poudre, herbes, color",,reference,open_food_facts,
5000157140924,Tomato Ketchup Zero Sugar & Salt,Heinz,"tomatoes (200g per 100g tomato ketchup), spirit vinegar, lemon juice from concentrate, potassium chloride, acid (malic acid), citrus fibre, spice and herb extracts (contain celery), sweetener (sucralose).",,reference,open_food_facts,
8410066138991,Puré de tomate,Heinz,"Tomates, sal.",,reference,open_food_facts,
6290090011037,Tomato ketchup,Heinz,"Tomato concentrate, distilled vinegar, high fructose corn syrup, corn syrup, salt, spice, onion powder, natural flavoring",,reference,open_food_facts,
5000157140720,Sauce Algérienne,Heinz,"Huile de tournesol, eau, sucre, vinaigre d'alcool, purée de tomates mi-réduite 5,7%, oignon séché 3,9%, jaune d'ceuf, sel, oignon en poudre 0,5%, amidon modifié, paprika en poudre, piment 0,5%, acidifiant (acide citique,aide malique), antio",,reference,open_food_facts,
5000157146344,"HEINZ TOMATO, GRANA PADANO & MASCARPONE PASTA SAUCE",Heinz,"Tomato (55%), tomato puree, mascarpone (10%), grana padano (2.5%) (milk, egg), onion, extra virgin olive oil, apple juice concentrate, sea salt, lemon juice concentrate, garlic, black pepper, thyme, nutmeg.",,reference,open_food_facts,
5000157146292,SUN-RIPENED CHERRY TOMATO & BASIL,Heinz,"Tomato (75%), tomato puree, sundried cherry tomato (6%), onion, extra virgin olive oil, basil (2%), garlic, sea salt, apple juice concentrate, lemon juice concentrate, black pepper.",,reference,open_food_facts,
8715700423955,Tomato Ketchup,Heinz,"tomatoes (174g per 100g tomato ketchup), spirit vinegar, sugar, salt, spice and herb extracts (contain celery), sweetener (steviol glycosides), spice,",,reference,open_food_facts,
3660603082013,Mayonnaise comme à la maison,Heinz,"Huile de colza 77%, moutarde de Dijon 8,2% (eau, graines de moutarde, vinaigre d'alcool, sel), jaunes d'oeufs de poules élevées en plein air pasteurisés 6,9% (vinaigre d'alcool, vinaigre de vin blanc), sel 0,9%, jus de citron à base de conc",,reference,open_food_facts,
6221033171105,Sauce Piquante,Heinz,"Vineger, Louisiana type Red Chili Pepper, Salt, Thickener(Xanthan Gum), Green Pepper Natural Identical Flavor, Natural Color(E120), Antioxidant (Ascorbic Acid). May Contain Celery.",,reference,open_food_facts,
8410066000078,Tomate frito,Heinz,"Tomate, sofrito (aceite de girasol, cebolla, ajo) 3,4%, azúcar, almidón modificado de maíz, sal.",,reference,open_food_facts,
8410066138964,Purée de tomates,Heinz,"Tomates (205 g tomates pour 100 g de purée), sel.",,reference,open_food_facts,
8715700125813,Bio Ketchup 500ml,Heinz,"Tomaten*, Zucker*, Branntweinessig, Salz, Gewürze (enthält Sellerie), Zwiebelpulver, Knoblauchpulver*. *Zutaten aus ökologischem Anbau.",,reference,open_food_facts,
5000157075152,Salad Cream Original,Heinz,"Spirit Vinegar, Water, Rapeseed Oil (22%), Sugar, Cornflour, Mustard, Pasteurised Egg Yolks (3%), Salt, Colour - Riboflavin.",,reference,open_food_facts,
5000157143073,Light Mayonnaise,Heinz,"water, rapeseed oil (25%), starch, pasteurised free range egg (3.5%), spirit vinegar, sugar, salt, pasteurised free range egg yolk (1%), lemon juice concentrate, preservative (potassium sorbate), mustard seeds, spice, antioxidant (calcium d",,reference,open_food_facts,
0057000002990,Tomato Ketchup,Heinz,"Tomato paste (from fresh, ripe tomatoes), Sugar, Vinegar, Salt, Spices",,reference,open_food_facts,
5000157072021,5 rodzajów fasoli w sosie pomidorowym,Heinz,"Mieszanka fasoli w zmiennych proporcjach 52% (fasola Haricot, fasola Pinto, fasola biała Cannellini, fasola Borlotti, fasola czerwona), pomidory 37%, woda, cukier, skrobia kukurydziana modyfikowana, ocet spirytusowy, sól, ekstrakty przypraw",,reference,open_food_facts,
8715700421489,Tomato Ketchup,Heinz,"tomatoes (148g), vinegar, sugar, salt, spice and herb extracts (contain celery), spice,",,reference,open_food_facts,
8715700423867,Tomato Ketchup 50% weniger Zucker & Salz,Heinz,"Tomates, vinaigre d'alcool, sucre, sel, extraits d'épices et d'herbes (avec _céleri_), édulcorant (glycosides de steviol), épice",,reference,open_food_facts,
5000157076425,Light Mayonnaise,Heinz,"Water, Rapeseed Oil 25%, Starch, Pasteurised Free Range Egg 3.5%, Spirit Vinegar, Sugar, Salt, Pasteurised Free Range Egg Yolk 1%, Lemon Juice Concentrate, Preservative (Potassium Sorbate), Mustard Seeds, Spice, Antioxidant (Calcium Disodiu",,reference,open_food_facts,
3660603082101,Sauce Pita,Heinz,"Eau, huile de tournesol, vinaigre d'alcool, sucre, ail, lactosérum en poudre (lait), amidon modifié, sel, épices, ciboulette, acidifiant (acide citrique), épaississant (gomme xanthane, gomme guar), arôme naturel",,reference,open_food_facts,
8410066138900,Heinz - Korrean BBQ Style Sauce,Heinz,"Sucre, eau, vinaigre d'alcool, mélasse, sauce soja 5,5% (eau, graines de soja, blé, sel), ail 3%, amidon modifié, oignons frits 2% (oignons, huile de palme, farine de blé, sel), oignon 0,4%, colorant (caramel ordinaire), extrait de levure, ",,reference,open_food_facts,
5000157140225,SALAD CREAM,Heinz,"Water, Spirit Vinegar, Rapeseed Oil (22%), Sugar, Mustard Powder, Modified Cornflour, Pasteurised Egg Yolks (3%), Salt, Colour (Riboflavin).",,reference,open_food_facts,
8715700423858,Tomato ketchup 50% menos azúcar y sal,Heinz,"Tomates, vinagre de alcohol, azúcar, sal, extractos de especias, hierbas aromáticas (_apio_), edulcorante (glucósidos de esteviol), especia.",,reference,open_food_facts,
5000157062680,Cream of Chicken Soup,Heinz,"Water, Chicken (3%), Modified Cornflour, Rapeseed Oil, Cream (Milk), Dried Skimmed Milk, Wheat Flour (contains Calcium, Iron, Niacin, Thiamin), Flavourings, Milk Proteins, Cornflour, Salt, Yeast Extracts, Onion Extract, Stabiliser - Polypho",,reference,open_food_facts,
5000157024857,Beans In a rich tomato sauce,Heinz,"Beans (50%), Tomatoes (36%), Water, Sugar, Spirit Vinegar, Modified Cornflour, Salt, Spice Extracts, Herb Extract",,reference,open_food_facts,
5000157076054,Piccalilli Extra,Heinz,"Légumes 44% (choux-fleurs, petits oignons, cornichons (contient des sulfites et des affermissants : chlorure de calcium)), vinaigre, eau, sucre, vinaigre de malt (orge), amidon modifié, épices (contiennent de la moutarde), sel, arômes, extr",,reference,open_food_facts,
0013000001243,Tomato Ketchup,Heinz,"CONCENTRADO DE TOMATE (AGUA Y PASTA DE TOMATE), AZÚCARES AÑADIDOS (JARABE DE MAÍZ DE ALTA FRUCTOSA Y JARABE DE MAIZ), VINAGRE, SAL YODADA, OLEORRESINA DE PAPRIKA, CEBOLLA EN POLVO Y SABORIZANTE NATURAL.",,reference,open_food_facts,
8715700422716,Tomato Ketchup,Heinz,"tomatoes (148g for 100g of tomato ketchup), vinegar, sugar, salt, spice and herb extracts (contain celery), spice,",,reference,open_food_facts,
8715700116541,Tomate Ketchup bio,Heinz,"Tomates* (180 g pour 100 g de Ketchup), sucre*, vinaigre sel, épices* (contiennent du céleri), poudre d'ail*. *Issus de l'agriculture biologique. consommer",,reference,open_food_facts,
8715700123693,Vegan Mayo,Heinz,"rapeseed oil, water, mustard, spirit vinegar, sugar, starch, salt, plant fibre (corn, flaxseed), lemon juice from concentrate, faba bean protein",,reference,open_food_facts,
3660603082031,Mayonnaise légère,Heinz,"Huile de colza 36%, eau, vinaigre d'alcool, sucre, amidon modifié, jaunes d'œufs de poules élevées en plein air pasteurisés 2,7%, sel, moutarde de Dijon 2,6% (eau, graines de moutarde, vinaigre d'alcool, sel), jus de citron à base de concen",,reference,open_food_facts,
5000157150435,Heinz Beanz In a rich tomato sauce,Heinz,"Beans (50%), Tomatoes (36%), Water, Sugar, Spirit Vinegar, Modified Cornflour, Salt, Spice Extracts, Herb Extract 1 of your 5 a day when eaten as part of a balanced diet.",,reference,open_food_facts,
5000157140243,Tomato Ketchup,Heinz,"Tomatoes (148g per 100g Tomato Ketchup), Spirit Vinegar, Sugar, Salt, Spice and Herb Extracts (contain _Celery_), Spice",,reference,open_food_facts,
5000157026077,Baked Beans,Heinz,"Beans (50%), Tomatoes (36%), Water, Sugar, Spirit Vinegar, Modified Cornflour, Salt, Spice Extracts, Herb Extract",,reference,open_food_facts,
5000157146283,Tomato Sauce for Bolognese,Heinz,"Tomato (67%), tomato puree, onion, celery, carrot, extra virgin olive oil, sea salt, white wine vinegar, garlic, apple juice concentrate, basil, bay leaf, rosemary, thyme, black pepper",,reference,open_food_facts,
0013000006053,Tomato Ketchup,Heinz,"TOMATO CONCENTRATE FROM RED RIPE TOMATOES, DISTILLED VINEGAR, HIGH FRUCTOSE CORN SYRUP, CORN SYRUP, SALT, SPICE, ONION POWDER, NATURAL FLAVORING",,reference,open_food_facts,
8715700126238,Ketchup,Heinz,"Tomato, vinegar, lemon extract, kalium-chloride, lemon fibers, spices and spice extracts (zeller), sweetener (cukralose)",,reference,open_food_facts,
5000157146317,Tomato & Chilli Arrabbiata,Heinz,"tomato (80%), tomato puree, onion, extra virgin olive oil, red pepper, sea salt, garlic, paprika, chilli (0.3%), lemon juice concentrate, black pepper. 

May contain peanut & almond.",,reference,open_food_facts,
3660603083003,Sauce aigre douce,Heinz,"Jus d'ananas à base de concentré, sucre, eau, vinaigre d'alcool, purée d'abricot, amidon modifié, purée de tomates mi-réduite, jus de citron à base de concentré, sel, ail, épices, extrait de levure, poudre d'oignon, colorant (caramel ordina",,reference,open_food_facts,
8715700225627,tomato ketchup,Heinz,"tomates (148 g pour 100 g tomato ketchup), vinaigre d'alcool, sucre, sel, extraits d'épices et d'herbes (contiennent du céleri), épice.",,reference,open_food_facts,
8715700227412,Mayonnaise américan style,Heinz,"Ingrédients Huile de colza 68 %, eau, jaune d'œuf pasteurisé* 5 %, vinaigre d'alcool, sucre, amidon, sel, graines de moutarde, épices, antioxydant (calcium disodium EDTA), D'oeufs de poules élevées en plein air,",,reference,open_food_facts,
8715700218423,Tomato Ketchup,Heinz,"Tomaten (148 g pro 100g Tomaten Ketchup), Branntweinessig, Zucker, Salz, Gewürz - und Kräuterextrakte (enthält _Sellerie_)",,reference,open_food_facts,
8715700124799,Tomato ketchup minder suikers en zout,Heinz,"Tomaten (174 g pro 100 g Tomaten Ketchup), Branntweinessig, Zucker, Salz, Gewürz - und Kräuterextrakte (enthaten Sellerie), Süßungsmittel (Steviolglycoside aus Stevia), Gewürz",,reference,open_food_facts,
3228857001156,DooWap pépites chocolait ss additif,Barilla,"Farine de BLÉ 46%, eau, pépites de chocolat au LAIT (sucre, LAIT en poudre, beurre de cacao, pâte de cacao, LACTOSE), sucre, ŒUFS frais 7,1%, LAIT entier 5,8%, huile de colza, gluten de BLÉ, arômes (contient alcool), levure, sel. Peut conte",,reference,open_food_facts,
8076809545486,Coquillettes sans gluten,Barilla,"Farine de maïs blanc (60%), farine de maïs jaune (29,5%), farine de riz brun (10%), eau, émulsifiant : mono - et diglycérides d'acides gras.",,reference,open_food_facts,
8076809541301,girandole 34,Barilla,"Semoule de BLÉ dur, eau. Peut contenir des traces de SOJA et de MOUTARDE.",,reference,open_food_facts,
8076809579340,Pesto alla genovese,Barilla,"Aceite de semillas de girasol, albahaca 30%, anacardos, queso parmigiano Reggiano DOP 5% (leche), fibra de maiz, suero de leche en polvo, sal, proteína de la leche,  aceite de oliva virgen  extra, azúcar,  extracto  de albahaca,  aromas  na",,reference,open_food_facts,
8076809580762,Pesto Genovese,Barilla,"Pflanzliche Öle (Olive, Sonnenblume), frisches Basilikum 30%, CASHEWKERNE, Parmigiano Reggiano g.U. Käse 5% (MILCH), Maisfaser, Molkepulver (MILCH), Salz, MILCHeiweiss, natives Olivenöl extra, Zucker, Basilikumextrakt, natürliche Aromen (MI",,reference,open_food_facts,
8076809512062,Fette dorate int. 315 gr,Mulino Bianco,"Farine de BLÉ 100 g*, huile de tournesol, levure, sucre, extrait de malt d'ORGE et de maïs, sel. *Pour 100 g de produit fini. Peut contenir des traces d'OEUFS, LAIT, MOUTARDE, FRUITS A COQUE, GRAINES DE SÉSAME et SOJA.",,reference,open_food_facts,
8076809518589,Campagnole con farina di riso,Barilla,"Farina di frumento 55,9%, zucchero, olio di girasole, latte fresco pastorizzato 8,3%, amido di frumento, farina di riso precotta 4,9%, burro, uova fresche, agenti lievitanti (carbonato acido d'ammonio, carbonato acido di sodio), sale, aromi",,reference,open_food_facts,
8076809580601,Ritornelli,Barilla,"Farina di frumento 52%, zucchero, olio di girasole, burro, uova fresche, granella di biscotto alle armelline (zucchero, farina di frumento 0,7%, albume d'uovo, armelline, agenti lievitanti (carbonato acido d'ammonio, carbonato acido di sodi",,reference,open_food_facts,
8076809570668,Barilla pates coquillettes bio 500g,Barilla,"Semoule de BLÉ dur issu de l'agriculture biologique, eau. Peut contenir des traces de SOJA et MOUTARDE.",,reference,open_food_facts,
8076809570659,Spaghetti biologiques 500g,BARILLA,"Semoule de BLÉ dur issu de l'agriculture biologique, eau. Peut contenir des traces de SOJA et de MOUTARDE.",,reference,open_food_facts,
8076809529451,Fusilli Integrale,Barilla,"Vollkorn-_Hartweizengrieß_, Wasser,",,reference,open_food_facts,
8076800105984,Fusilli,Barilla,"_Hartweizengrieß_, Wasser",,reference,open_food_facts,
8076809581202,Crema Pan di Stelle,Barilla,"Crema alle nocciole e cacao 98% (zucchero, olio di girasole, nocciole italiane 12%, cacao magro 9,8%, latte scremato in polvere, burro di cacao, emulsionante: lecitina di soia, aroma vanillina), granella di biscotto Pan di Stelle 2% [farina",,reference,open_food_facts,
8076809575496,Penne Rigate Integrale,Barilla,"Semola integrale di grano duro, acqua.
Può contenere tracce di soia.",,reference,open_food_facts,
8076809540171,Vollkornkekse mit Früchten,Barilla,"Weizenvollkornmehl 35,6%, Haferflocken 24,9%, Sonnenblumenöl, Zucker, Dinkelweizen-Vollkorncrispies 5,7% (Dinkelweizenvollkornmehl 5,2%, Zucker, Gerstenmalzextrakt, Salz), gesüßte Cranberries 4,3%* (Zucker, Cranberries 1,9%*, Sonnenblumenöl",,reference,open_food_facts,
8076802085709,Mezze penne rigate n° 70,Barilla,"Semola di grano duro, Acqua",,reference,open_food_facts,
8076809573027,"Legumotti Lenticchie Rosse, Ceci e Piselli",Barilla,"Farina di lenticchie rosse 60%, farina di ceci 20%, farina di piselli verdi 20%",,reference,open_food_facts,
8076800315271,Barilla Stelline,Barilla,"semola di grano duro, acqua.",,reference,open_food_facts,
8076809580470,Pesto,Barilla,"Pflanzliche Öle (Olive, Sonnenblume), Basilikum 30%, Cashewkerne Pampero Reggiano g.U. Käse 5% (Milch), Molkepulver (Milch), Salz, Zucker, natives Olivenöl extra, Buttermilchpulver Mich Ballumedrakt, natürliche Aromen (Milch), Säureregulato",,reference,open_food_facts,
8076809569112,Arrabiata - Tomato & Chilli,Barilla,"Tomato pulp 82%, tomato concentrate 8%, sunflower oil, red peppers, garlic, salt, parsley, sugar, chilli peppers 0.1%",,reference,open_food_facts,
8076809521626,Mini Penne Rigate,Barilla,"Hartweizengrieß, Wasser. Kann Spuren von Sojabohnen und Senf enthalten",,reference,open_food_facts,
8076809579456,Fiori d acqua con farina integrale,Barilla,"Farina integrale di frumento 53,6g*, farina di frumento 51g*, acqua 36g*, oli vegetali (girasole, mais, colza, soia) 6g*, estratto di malto d'orzo e mais, sale, correttore di acidità: carbonato acido di sodio, antiossidante: estratto di ros",,reference,open_food_facts,
8076809584634,Ragù Alla Bolognese,Barilla,"Polpa di pomodoro 24%, acqua, concentrato di pomodoro 17%, carne bovina 9%, carne suina 9%, cipolla 8%, carote 4%, sedano, olio di girasole, amido di mais, sale, estratto di lievito, zucchero, alloro, aroma naturale salvia, pepe nero.",,reference,open_food_facts,
8076800000139,Farfalle N° 265,Barilla,"durum wheat semolina, water, may contain traces of eggs if produced in the plant indicated with letter (a)",,reference,open_food_facts,
8076809542540,Girotondi con Granelli di Zucchero di Canna,166,"farina di _frumento_, zucchero, olio di semi di girasole, amido di _frumento_, zucchero di canna 3,7%, _latte_ scremato in polvere, agenti lievitanti (carbonato acido d'ammonio, difosfato carbonato acido di sodio), sciroppo di glucosio, pro",,reference,open_food_facts,
8076809585642,Pâtes cœur 400G,Barilla,Semoule de BLÉ dur. Peut contenir des traces de SOJA et de MOUTARDE.,,reference,open_food_facts,
8076800315095,N-Bucatini n°9,Barilla,"Semoule de blé dur de qualité supérieure, eau. Peut contenir des traces d'œufs.
High quality durum wheat semolina, water. May contain traces of egg.
Grieß aus hochwertigem Hartweizen, Wasser. Kann Spuren von Eiern enthalten.",,reference,open_food_facts,
8076809517562,Macine,Barilla,"farina di frumento, zucchero, olio di semi di giraso/e, amido di frumento, uova fresche, burro, panna fresca sciroppo di glucosio, sale, agenti lievitanti (carbonato acido di sodio, tartrato monopotassico), aroma contenere trace di: frutta ",,reference,open_food_facts,
0076808280984,Rotini,Barilla,"semolina (wheat), hard wheat flour, vitamins/minerals: vitamin b3 (niacin), iron (ferrous sulfate), vitamin b1 (thiamin mononitrate), vitamin b2 (riboflavin), folic acid.",,reference,open_food_facts,
8076809584625,Ragù alla salsiccia,Barilla,"Polpa di pomodoro 30,5%, concentrato di pomodoro 19%, acqua, carne suina 10%, salsiccia di maiale 7,5% (carne suina, sale, vino, pepe nero, aglio), cipolla, carote, olio di girasole, amido di mais, sale, aroma naturale, zucchero, aglio, all",,reference,open_food_facts,
0056069513722,Sauce tomate basilico,Barilla,,,reference,open_food_facts,
8076802085851,Gnocchi n°85,Barilla,"durum  wheat  semolina, water",,reference,open_food_facts,
8076802085499,Ditaloni rigati,Barilla,,,reference,open_food_facts,
0076808011038,SPAGHETTINI,Barilla,"Semolina (wheat), Durum wheat flour. Vitamins/Minerals: Niacin (vitamin B3), Ferrous sulphate (iron), Thiamine mononitrate (vitamin B1), Riboflavin (vitamin B2), Folic acid. Contains: Wheat.",,reference,open_food_facts,
8076809575511,Pâtes complètes,Barilla,"Semola integrale di grano duro, acqua. Paese di coltivazione del grano: Italia. Paese di molitura: Italia.",,reference,open_food_facts,
8076802085718,Pasta Penne Lisce,Barilla,"Semoule de BLÉ dur, eau. Peut contenir des traces de SOJA et de MOUTARDE.",,reference,open_food_facts,
8076800105832,Tortiglioni No 83,barilla,"semola di grano duro, acqua",,reference,open_food_facts,
8076809577476,Cuor di pane integrale,Barilla,"Farina integrale di grano tenero 62,4%, acqua, lievito madre (grano) 15,0%, olio di girasole 3,1%, sale, lievito, farina di frumento maltato, glutine di frumento. Trattato con alcool etilico in superficie. Può contenere tracce di: soia. Gli",,reference,open_food_facts,
8076809581327,Minifette,Barilla,,,reference,open_food_facts,
0076808008487,Chickpea Rotini,Barilla,CHICKPEA FLOUR.,,reference,open_food_facts,
8076809576097,Spaghetti,Barilla,"Мука из твердой пшеницы высшего сорта, вода",,reference,open_food_facts,
8076809579544,Sgranocchi con farina integrale,Barilla,"Farina integrale di grano tenero 40g*, Farina di grano tenero tipo &quot;0&quot; 38,7g*, Olio di girasole, Cereali croccanti 11g* (riso 6,2g*, zucchero, malto d'orzo, avena 0,5g*, farro (grano) 0,5g*, grano tenero 0,5g*, grano duro 0,5g*, m",,reference,open_food_facts,
0076808514377,Cellentani,Barilla,"Semolina (wheat), durum wheat flour. vitamins/minerals: vitamin b3 (niacin), iron (ferrous sulfate), vitamin b1 (thiamine mononitrate), vitamin b2 (riboflavin), folic acid.",,reference,open_food_facts,
8076809530660,Sauce tomate à la ricotta,Barilla,"Pulpe de tomate 66%, fromage ricotta 13% (lactosérum (lait), crème (lait), lait, sel), concentré de tomate 9%, oignon, huiles végétales (olive, tournesol), fromage Grana Padano AOP (lait, lysozyme d'œufs), fromage Pecorino Romano AOP (lait ",,reference,open_food_facts,
8076804765599,Pâtes Farfalline,Barilla,"Semoule de BLÉ dur, eau. Peut contenir des traces de SOJA et de MOUTARDE.",,reference,open_food_facts,
8013355500857,Gocciole Wild,Barilla,"Farina integrale di fumento 32,2%, farina di frumento, cioccolato fondente 14,6% (zucchero, pasta di cacao, burro di cacao, cacao magro, emulsionante lecitina di soia), olio di girasole, zucchero, burro, agenti lievitanti (carbonato acido d",,reference,open_food_facts,
8076809572189,Pangrì con farina integrale,Barilla,"Farina integrale di grano tenero 47,9g, farina di grano tenero tipo &quot;0&quot;, oli vegetali (girasole, mais, colza, soia) 10,8g, lievito, glutine di frumento,  sale, estratto di malto d'orzo e mais, antiossidante: estratto di rosmarino.",,reference,open_food_facts,
8076809515096,Emiliane tortellini all'uovo con prosciuto crudo,Barilla,"semola di grano duro, carni suine stufate (carni suine, sale, zucchero, pepe, macis, coriandolo, noce moscata), uova fresche di categoria A (19,3% sulla sfoglia, 8,6% sul ripieno, 15,6% sul prodotto finito), pane grattugiato (farina di gran",,reference,open_food_facts,
8076800315475,Ditalini Rigati,Barilla,"Semola di grano duro, acqua. Può contenere tracce di soia.",,reference,open_food_facts,
8076809579377,Pan bauletto con farina di riso senza glutine,Barilla,"Acqua, amido, farina di riso 14,3%, addensanti (fibra di guar, idrossipropilmetilcellulosa), olio di girasole, farina di miglio, farina di quinoa, zucchero, lievito madre essiccato (farina di mais, riso e quinoa fermentata), lievito, fibra ",,reference,open_food_facts,
8076808060650,Farfalle,Barilla,"Hartweizengrieß, Wasser.",,reference,open_food_facts,
8076809523758,Collezione: Lasagne con spinaci n. 200,Barilla,"Hartweizengriess, Spinatpulver (2.3%), Wasser",,reference,open_food_facts,
8076809582973,Tartelle cacao,Barilla,"farina di frumento, farcitura di albicocca 29,1%* (zucchero, destrosio, fibra solubile: oligofruttosio, purea di albicocca 3,0%&quot;, albicocche 1,8%&quot;, albicocche disidratate 1,8% succo di limone concentrato, addensanti (pectina, fari",,reference,open_food_facts,
8076809542513,Lasagne n.189,Barilla,Hartweizengrieẞ,,reference,open_food_facts,
8076809568317,Mulino B. dolcifette GR. 315,Barilla,"farina di frumento, zucchero 12,5%, lievito, olio di semi di girasole, latte concentrato zuccherato (latte, zucchero), burro 1,7%, estratto di malto d'orzo e mais, sale, aroma, farina di frumento maltato",,reference,open_food_facts,
8076809579465,Cornetti integrali alla nocciola,Barilla,,,reference,open_food_facts,
0076808515589,Oven-Ready Lasagne,Barilla,"SEMOLINA (WHEAT), DURUM WHEAT FLOUR, EGGS, VITAMINS & MINERALS (VITAMIN B3 (NIACIN), IRON (FERROUS LACTATE), VITAMIN B1 (THIAMINE MONONITRATE), VITAMIN B2 (RIBOFLAVIN), FOLIC ACID).",,reference,open_food_facts,
0076808006504,Whole Grain Linguine,Barilla,WHOLE GRAIN DURUM WHEAT FLOUR.,,reference,open_food_facts,
0076808011108,Rotini,Barilla,,,reference,open_food_facts,
8076809580416,pesto alla genovese,Barilla,"Olio di girasole, basilico 30%, anacardi, Parmigiano Reggiano D.O.P. 5% (a), s die in polvere, sale, aromi naturali (latte), zucchero, olio extra vergine di oliva, latticello in polvere (latte), corettored a atico, agio. Può contenere tracc",,reference,open_food_facts,
8076809523721,Tagliatelle con Spinaci,Barilla,"Semoule de BLÉ dur, eau, épinards déshydratés (1,8%). Peut contenir des traces de SOJA.",,reference,open_food_facts,
8076809517599,Biscotti Galletti,Barilla,"farina di frumento, olio di semi di girasole, zucchero, zucchero cristallino di copertura 3,7%, agenti lievitanti (carbonato acido d'ammonio, carbonato acido di sodio, tartrato monopotassico), latte scremato in polvere, latte intero fresco ",,reference,open_food_facts,
8076800105708,Mezze penne rigate n.70,Barilla,"Semoule de _blé_ dur, eau,",,reference,open_food_facts,
8076809547466,Bisc. pan Di Stelle,Barilla,,,reference,open_food_facts,
8076809572912,Farro,Barilla,Farro,,reference,open_food_facts,
8076809577795,Mini fette con cioccolato al latte,Barilla,"farina di _frumento_ 52%, cioccolato al latte 47% (zucchero, burro di cacao, _latte_ intero in polvere, pasta di cacao, emulsionante: lecitina di soia, aromi naturali), olio di girasole, zucchero, lievito, sale, estratto di malto d'_orzo_ e",,reference,open_food_facts,
8076809575539,Integrale tortiglioni,Barilla,"Semola integrale di grano duro, acqua.",,reference,open_food_facts,
8076809582715,Linguine bio,Barilla,"Semoule de BLÉ dur issu de l'agriculture biologique, eau.",,reference,open_food_facts,
8076809583787,GRAN CEREALE MIRTILLI ROSSI,Barilla,"Frutta secca 44%* (arachidi 34,5%*, mandorle 9,5%*), uvetta 15,8%*, semi di zucca 10,9%*, fibra solubile oligofruttosio, sciroppo di glucosio, sciroppo di zucchero invertito, zucchero, olio di girasole, quinoa soffiata 2,3%*, riso croccante",,reference,open_food_facts,
8076809517492,Mulino Bianco Fette Biscottate Dorate,Barilla,"Fette Biscottate Dorate Ingredienti: farina di frumento, lievito, olio di semi di girasole, zucchero, estratto di malto dtorzo e mais, sale, farina di frumento maltato, PtJò contenere tracce di: frutta a guscio, latte, sesamo, scia e uova, ",,reference,open_food_facts,
0076808280452,Ditalini,Barilla,"Semolina (wheat), durum wheat flour. vitamins/minerals: vitamin b3 (niacin), iron (ferrous sulfate), vitamin b1 (thiamine mononitrate), vitamin b2 (riboflavin), folic acid.",,reference,open_food_facts,
0400505608978,Spaghetti  sans gluten,Barilla,,,reference,open_food_facts,
8076809575502,INEGRALE MEZZE PENNE RIGATE,Barilla,"durum whole wheat semolina, water",,reference,open_food_facts,
8076809575159,caserecce di ceci,Barilla,"farina di ceci,",,reference,open_food_facts,
8076809513706,Сос за спагети с маслили,Barilla,"Доматен пулп 63%, доматен концентрат 12%, маслини 10% (зелени маслини 5%, черни маслини 5%), вода, лук, Растителни масла (маслиново, слънчогледово), каперси, захар, естествен ароматизант, сол, магданоз, чесън, риган.",,reference,open_food_facts,
8076809568344,Mulino Bianco Granbauletto Grano Tenero E Farro,Barilla,"farina di grano tenero tipo &quot;0&quot;, acqua, fanru di farro 6,7% 0110 extra verqine dl Oliva 3,3%, - scjnola rimacinata di grano duro 1,7%, lievito, lievito madre essiccato farine di frumento fermentata, acqua sale), sale, arina i orzo",,reference,open_food_facts,
8076809575487,Integrale cellentani,Barilla,"Semola integrale di grano duro, acqua.",,reference,open_food_facts,
8076809575548,Liguine integrale,Barilla,,,reference,open_food_facts,
8076809575955,Capellini n.1,Barilla,"мука из твердой пшеницы высшего сорта, вода",,reference,open_food_facts,
8076809527569,"Grissini Croccanti, Olio Extravergine D'oliva biscuiti",Barilla,"farina di grano tenero tipo IIO&quot;, olio extra vergine di Oliva 7,5%, lievito, olio di semi di girasole, sale, estratto di malto d'orzo e mais. Pub contenere tracce di: frutta a guscio, latte, sesamo, soia e uova. Gli ingredienti evidenz",,reference,open_food_facts,
8076809582210,Torta limone mb,Barilla,"Crema al limone 36,9%* (zucchero, tuorlo d'uovo, latte fresco pastorizzato, olio di semi di girasole, amido, latte scremato in polvere, sciroppo di glucosio-fruttosio, aromi, emulsionanti: mono e digliceridi degli acidi grassi, succo di lim",,reference,open_food_facts,
0016042085987,Fusilli N 98,Barilla,,,reference,open_food_facts,
0076808011010,Spaghetti,Barilla,"Semolina, Durum wheat, Niacin, Ferrous sulphate, Thiamine mononitrate, Riboflavin, Folic acid",,reference,open_food_facts,
8076809585262,A Bronzo Spaghetti,Barilla,,,reference,open_food_facts,
7300400114811,Falu Rågrut Original,wasa,"Fullkornsrågmjöl, jäst, salt, mältat korn.",,reference,open_food_facts,
0076808003905,GLUTEN FREE ROTINI,Barilla,"corn flour, rice flour, mono and diglycerides,",,reference,open_food_facts,
0076808533558,PROTEIN+ ANGEL HAIR,Barilla,"semolina (wheat), grain and legume flour blend [grains and legumes (lentils, chickpeas, flaxseed, barley, oats, spelt), egg whites, oat fiber], durum wheat flour, vitamins/minerals: niacin, iron (ferrous sulfate), thiamine mononitrate, ribo",,reference,open_food_facts,
8076809523846,Mini Penne Rigate I Piccolini,Barilla,"semola di grano duro, acqua.",,reference,open_food_facts,
8076809514769,"Barilla Emiliane Fettuccine All'uovo, 250G",Barilla,"semola di _grano_ duro, _uova_ fresche di categoria A (28,3 %),",,reference,open_food_facts,
8076809537690,Tortellini,Barilla,"PASTA ALL'UOVO CON RIPIENO - CAPPELLETTI ALLA CARNE, ingredlentl: semola di grano duro, uova fresche dl categoria A (23,8% sulla sfoglia, 13,1% sul ripieno, 20,2% su prodotto finito), carni suine stufate ((carni suine, sale, zucchero, pepe,",,reference,open_food_facts,
8076802085949,Sedani rigati,Barilla,"Semola di grano duro , acqua",,reference,open_food_facts,
8076809580391,Gran Cuore di Pane,Barilla,,,reference,open_food_facts,
0076808009334,Baiocchi 200 gr,Barilla,"Enriched wheat flour 52.7% (wheat flour, niacin, iron, thiamine, riboflavin, folic acid,), sugar, non hydrogenated vegetable fats and oils (sunflower oil, shea oil), hazelnuts 6.8%, cocoa 2.4%, skimmed milk powder, eggs, wheat starch, paste",,reference,open_food_facts,
7076809890015,Tortellini prosciutto & fromaggio,Barilla,,,reference,open_food_facts,
0076808011065,Linguine fini,Barilla,,,reference,open_food_facts,
8000430137864,GALBANI MOZZARELLA CUCINA RAPEE 150g,Galbani,"lait de vache pasteurisé (lait origine France), sel, amidon de pomme de terre.",,reference,open_food_facts,
3155250363643,Crema al Mascarponee,Galbani,"crème entière (87%) (lait), sucre (8%), mascarpone, (crème (lait), lait entier) (3,8%), gaz propulseurs : E942, E941 ; émulsifiant : E471 ; stabilisant : E407, arôme naturel de vanille bourbon.",,reference,open_food_facts,
8000430132568,Galbani mozzarella - tris 3x125g (375g),Galbani,"LAIT entier pasteurisé (origine UE), sel, coagulant microbien, correcteur d'acidité : acide citrique",,reference,open_food_facts,
8000430132018,Galbani mozzarella cucina 400g,Galbani,"LAIT pasteurisé (UE), sel, coagulant microbien, correcteur d'acidité : acide citrique.",,reference,open_food_facts,
8000430133178,Galbani mozzarella di latte di bufala mini 150g,Galbani,"LAIT de bufflonne, ferments lactiques, sel, présure",,reference,open_food_facts,
8000430136625,Galbani mozzarella x3,Galbani,"_Lait_ entier pasteurisé, sel, correcteur d'acidité : acide citrique.",,reference,open_food_facts,
8000430133141,Mozzarella,Galbani,"Leche pasteurizada de vaca, sal, cuajo, corrector de acidez: ácido cítrico.",,reference,open_food_facts,
8000430030181,Certosa,Galbani,"_Latte_, sale, enzimi coagulanti del latte, fermenti lattici vivi",,reference,open_food_facts,
8000430058761,Gorgonzola cremoso galbani 150g 28%,Galbani,"LAIT, sel, ferments",,reference,open_food_facts,
8000430030127,Certosa Crescenza la leggera,Galbani,"_latte_ parzialmente scremato, sale, caglio, fermenti lattici vivi,",,reference,open_food_facts,
8000430135981,Mozzarella,Galbani,"Mozzarella (lait (origine Italie), sel, regulateur d'acidité: acide citrique), saumure aromatisée (eau, sel, extrait de basilic).",,reference,open_food_facts,
8000430138687,Santa lucia,Galbani,"Latte, Sale, Caglio, Correttore di acidità: acido citrico",,reference,open_food_facts,
8000430194407,Nuvola Spalmabile fresco alla Ricotta,Galbani,"Ricotta 85% (siero di LATTE), crema di siero di LATTE, crema di LATTE, sale, fermenti lattici, SENZA CONSERVANTI, SENZA ADDENSANTI, ADATTO AI VEGETARIANI,",,reference,open_food_facts,
3760056264674,Galbani Mozzarella balls le sachet de 17 150 g net égoutté,Galbani,"_lait_, sel, coagulant microbien, ferments lactiques.",,reference,open_food_facts,
3228023210054,GALBANI MOZZARELLA CUCINA RAPEE MAXI FORMAT 300g x12,Galbani,"Mozzarella 98,2% (LAIT), fécule de pomme de terre.",,reference,open_food_facts,
8000430396263,Parmigiano Reggiano en copeaux,Galbani,,,reference,open_food_facts,
8000430059159,Gim,Galbani,"LATTE, sale, caglio",,reference,open_food_facts,
8000430139020,Mozzarella per pizza,Galbani,"latte, sale, correttore di acidità: acido citrico,",,reference,open_food_facts,
8410634718123,Queso Rallado Especial Pasta,Hochland,"brânzeturi, proteine din lapte, unt, amidon modificat din cartofi, săruri de topire: E331, E330, E 452; sare, conservant: E202.",,reference,open_food_facts,
5941238015598,Velemea,Hochland,,,reference,open_food_facts,
5941238010609,29629 branza topita cu smantana,hochland,"Branză Topită Felii cu Smântână 140g 7 ei) 9 Produs obținut prin topire, Grasime raportată la substanța uscată: min 38%, Gråsime: 18%, Ingredente: brânzet,quot,irl 0g 50%, lapte degresat reconstituit, lapte prat degresat, sar je topire: E45",,reference,open_food_facts,
5902899101659,Serek Almette z ziołami,Almette,"_Ser_ twarogowy, odtłuszczone _mleko_ w proszku, cebula, sól, czosnek, regulator kwasowości: kwas cytrynowy, zioła (0,1%), naturalne aromaty,",,reference,open_food_facts,
4002468102320,Almette Meerrettich,Almette,"Frischkäse, 4,8% Meerrettich, Speisesalz, Stärke, Zucker, Säuerungsmittel Milchsäure, Stickstoff zum Aufschlagen",,reference,open_food_facts,
5902899144380,100% Ingredientes Naturales con Hierbas Finas,Cremette,"_Leche_, proteínas de la _leche_, cuajo, fermentos _lácticos_, hierbas aromáticas, cebolla, ajo, sal, aromas naturales.",,reference,open_food_facts,
5902899145653,Cremette Original Classic,Hochland,"Leche pasteurizada de vaca, leche en polvo desnatada, aroma natural (leche), sal, espesantes (goma garrofín y goma guar), corrector de acidez: ácido cítrico, fermentos lácticos y coagulante microbiano.",,reference,open_food_facts,
5902899144362,Queso Cremette Classic,Cremette,"LECHE de vaca pasteurizada,proteínas de leche,cuajo,fermentos lácticos,sal.",,reference,open_food_facts,
5902899115777,Almette ser twarogowy,Hochland,,,reference,open_food_facts,
5941238013794,Mărgăle de brânză cu smântână,Hochland,"Lapte de vacă degresat pasteurizat, smântână pasteurizată 9%, sare, zile dupa declise lactază, culturi lactice, cheag microbian. deschidere. Informații nutriționale Valoare energetică: Grăsimi Per 100 g 420 kJ/ 100 kcal - din care acizi gra",,reference,open_food_facts,
4002671113214,Fromage affiné au lait de vache pasteurisé,Athos,,,reference,open_food_facts,
5902899141709,Ser kremowy ze śmietanką,Hochland,"Odtworzone _mleko_ odtłuszczone (49 %), _ser_ (29%), _masło_, odtworzona _śmietanka_ (5 %), odtłuszczone _mleko_ w proszku, sole emulgujące (E450, E452, E331), białka _mleka_, sól, regulator kwasowości: kwas cytrynowy.",,reference,open_food_facts,
5941238014960,Branza Extra Cremoasa,hochland,,,reference,open_food_facts,
4002671166526,Almette - Schalotte-Petersilie,Almette,"Frischkäse, 10% Schalotten, Petersilie, Salz, Stickstoff zum Aufschlagen.",,reference,open_food_facts,
4101430004812,Rubius der Milde,Hochland,"pasteurisierte _Milch_, Salz, mikrobielles Lab, Farbstoff Carotin, Milchsäuerungskulturen, Reifungskulturen.",,reference,open_food_facts,
5941238016171,Vecremos cu verdeață,Hochland,,,reference,open_food_facts,
5902899137423,Ser kremowy w plastrach gouda,Hochland,,,reference,open_food_facts,
8410634005597,Queso dados de cabra sin gluten,Hochland,"Queso, Queso de cabra (10%) (leche, fermentos lácticos, cuajo, sal, lisozima de huevo), proteinas de la leche, mantequilla, agua, sales de fundido (citratos y polifosfatos de sodio, ácido cítrico), almidón modificado, sal, aroma natural de ",,reference,open_food_facts,
4607004891399,Сыр творожный с зеленью,Hochland,,,reference,open_food_facts,
4607004891715,сыр творожный hochland,hochland,"RU ТВОРОЖНЫЙ СЫР «HOCHLAND» С ЗЕЛЕНЬЮ ЖИРА В СУХОМ ВЕЩЕСТВЕ НЕ МЕНЕЕ 60% сливки, бактериальная закваска молочнокислых микроорганизмов (L. lactis), фермент микробного лук сушеный гранулированный, лук репчатый (порошок), соль, комплексная пищ",,reference,open_food_facts,
5902899131456,Masdamer,Hochland,,,reference,open_food_facts,
5902899142267,kaus.siers Hochland ar zaļumiem,Hochland,,,reference,open_food_facts,
5902899142249,kaus.siers Hochland ar sald.krēj.,Hochland,"odtłuszczone _mleko_ (55%), _ser_ (28%), _masło_, odtłuszczone _mleko_ w proszku, sole emulgujące (E450, E452, E331), białka _mleka_, sól, regulator kwasowości: kwas cytrynowy.",,reference,open_food_facts,
8410634010146,ralllat. 4fromages,Hochland,"33% Queso fundido con Mozzarella (Queso (min 20% Queso Mozzarella), agua, mantequilla, almidón modificado, proteínas de la leche, sales de fundido (citratos y fosfatos de sodio), sal, aroma natural (leche), gelificante (carragenano), correc",,reference,open_food_facts,
5902899140746,Ser żółty w plastrach Maasdamer,Ace,"_mleko_ pasteryzowane, kultury bakterii, sól, stabilizator: chlorek wapnia, podpuszczka mikrobiologiczna, barwnik: karoteny,",,reference,open_food_facts,
5902899137450,Ser kremowy w plastrachz szynką,Hochland,,,reference,open_food_facts,
8410634083036,Formatge Ratllat Per Gratinar Hochland,Hochland,,,reference,open_food_facts,
5941238007960,ТОПЕНО СИРЕНЕ ХОХЛАНД АСОРТИ,HOCHLAND,"(8 triunghiuri: 4 cu Smântână, 2 cu Șuncă, 2 cu Ciuperci) Produs obţinut prin topire. Grăsime raportată la substanţa uscată: min. 40%. Grăsime: 16%. Ingrediente: Sortimentul cu Smântână: lapte degresat reconstituit, brânzeturi 33%, unt, lap",,reference,open_food_facts,
4607004892343,cream cheese,Hochland,,,reference,open_food_facts,
5902899141824,Serek topiony hochland,Hochland,,,reference,open_food_facts,
5902899144715,Fromage chocolat,Hochland,,,reference,open_food_facts,
5902899147165,Hochland SER ŻÓŁTY SIELSKI,Hochland,,,reference,open_food_facts,
4607004890549,Хохланд ассорти,Hochland,,,reference,open_food_facts,
5902899123624,Almette,Hochland,"Сир кисломолочний, знежирене сухе молоко, сіль, лимонна кислота",,reference,open_food_facts,
4002468193447,Sandwich Scheiben,Hochland,"Gouda (36%), Käse (35%), Wasser, Magermilchpulver, Butter, Schmelzsalz (Natriumcitrate), Milcheiweiß, Speisesalz, Säuerungsmittel (Citronensäure), Trennmittel (Lecithine)",,reference,open_food_facts,
3228020215094,Краве масло 82%,Président,butter 100%,,reference,open_food_facts,
3228020215100,Beurre gastronomique demi-sel,Président,"Beurre (lait) (origine crème : France), sel (3% max).",,reference,open_food_facts,
3155253020952,Tendre,PRÉSIDENT,"Beurre (lait), eau, ferments lactiques (lait)",,reference,open_food_facts,
3228023170066,Coulommiers 21%,Président,"LAIT (origine France), sel, ferments",,reference,open_food_facts,
3155251205540,Crème fraîche gastronomique,Président,"cream (milk) (origin france), lactic ferments,",,reference,open_food_facts,
2964846673946,2964846673946,President,,,reference,open_food_facts,
3155253007739,Tendrissime,Président,"Beurre (lait), crème légère (lait) (Crème Origine UE)",,reference,open_food_facts,
3155250355088,RONDELE NOIX DE DORDOGNE 125g,Président,"Fromage de LAIT de vache pasteurisé (origine France), protéines de LAIT, morceaux de NOIX de Dordogne (3%), sel, arôme naturels. Traces possibles de de fruits à coques, lait de chèvre et de brebis.",,reference,open_food_facts,
3228022940024,President emmental rape fondant 500g,Président,"LAIT de vache pasteurisé, sel, ferments lactiques, fécule de pomme de terre.",,reference,open_food_facts,
3228023910075,Emmental Râpé Fondant 3X70g,Président,"LAIT de vache pasteurisé, sel, ferments lactiques, fécule de pomme de terre.",,reference,open_food_facts,
3228024930058,President emmental coeur de meule 400g,Président,"LAIT de vache pasteurisé, sel, ferment",,reference,open_food_facts,
3228022120073,President emmental coeur de meule 500g,President,"LAIT de vache pasteurisé (origine France), sel, ferment (LAIT).",,reference,open_food_facts,
3228024960299,President emmental rape fondant 350g,President,"lait de vache pasteurisé, sel, ferments lactiques, fécule de pomme de terre.",,reference,open_food_facts,
3155250367922,CREME SEMI EPAISSE 25% MAT. GR STERILISE UHT,Président,"Crème légère (lait) (origine France), stabilisants: pectines, cellulose, gomme de cellulose, émulsifiants: E471, E472e, amidon modifié, acidifiant : acide lactique.",,reference,open_food_facts,
6191513502056,Fraidoux,Président,"White cheese (fresh milk, butter, lactic ferments), skimmed milk powder, modified starch (E1420), salt, thickeners (E410, E415), preservative (E202). 60% fat in dry matter.",,reference,open_food_facts,
3228022220063,Labné,PRÉSIDENT,"Fromage au lait de vache pasteurisé, protéines de lait, sel,",,reference,open_food_facts,
8410285127325,lait oresident,President,Lait de vache demi-écrémé.,,reference,open_food_facts,
3032220061377,Tranches Burger' Cheddar & Emmental Président 20 Tranches,Président,"Fromages [(lalt, sel, ferments), (cheddar 7%, emmental 7%)], lait écrémé reconstitué, eau, beurre (lait), lactosérum (lait), protéines de lait, sel de fonte : polyphosphates, épaississant : carraghénanes, arômes (lait), sel, correcteur d'ac",,reference,open_food_facts,
3228021170141,President emmental rape fondant 350g+30% offert,Président,"LAIT de vache pasteurisé, sel, ferments lactiques, fécule de pomme de terre.",,reference,open_food_facts,
3228021170017,Camembert de campagne,Président,"LAIT (origine France) ,sel, ferments",,reference,open_food_facts,
3155253020961,Tendre,Président,"Beurre (lait), eau, sel (1,6%), ferments lactiques (lait).",,reference,open_food_facts,
3228020481800,Petit camembert,Président,"LAIT de vache pasteurisé (origine France), sel, ferments lactiques et d'affinage (dont LAIT)",,reference,open_food_facts,
3228024050176,President rape le 3 saveurs 200g,Président,"Fromage à pâte pressée (LAIT de vache pasteurisé, sel, ferments), Emmental, Mozzarella, fécule de pomme de terre.",,reference,open_food_facts,
3228020481165,Сливочное масло Президент,Président,"сметана,млечни ферменти",,reference,open_food_facts,
3228021190233,Cheddar president tranches facon brasserie 200g,President,"LAIT de vache pasteurisé, sel, ferments, coagulant",,reference,open_food_facts,
6191513501084,Fromage fondu président 24 portions,President,"Fromage, beure factosérum, lait, sels de fonte (E452-E331-E450-E339), protéines laitières. 55% de G/S",,reference,open_food_facts,
3032220061234,Croque Emmental,President,"LAIT écrémé reconstitué, fromages [(LAIT, sel, ferments), (emmental 5%)], beurre (LAIT), eau, lactosérum (LAIT), protéines de LAIT, sel de fonte: polyphosphates, épaississant : carraghénanes, sel, arômes (LAIT), correcteur d'acidité : acide",,reference,open_food_facts,
6111245344818,Fromage hight protein or blanc 8 p,President,"Eau, Fromage, Beurre, Poudre de lait Écrémé, Protéines de lait, Carraghénane, Sel de fonte (E452, E450, E339), Sorbate de Potassium, Sel, Acide Citrique E330",,reference,open_food_facts,
3228022200032,Camembert l'extra fondant,Président,"LAIT (origine France), ferments lactiques et d'affinages, sel.",,reference,open_food_facts,
3155251212975,Beurre,President,Beurre (Lait),,reference,open_food_facts,
6191513502047,Fraidoux Président (120G),President,"white cheese (fresh milk, butter, lactic ferments), skimmed milk powder, modified starch (E1420), salt, thickeners (E410, E415), preservative (E202)",,reference,open_food_facts,
3228022240067,COTTAGE CHEESE,President,"Lait écrémé (origine : UE), creme lait (origine: UE)), sel, ferments lactiques, conservateur: E202.",,reference,open_food_facts,
3155253007757,Tendrissime,Président,"Beurre (lait), crème légère (lait), sel (2% max).",,reference,open_food_facts,
3228022120046,President emmental rape sel reduit de 30% 150g,PRÉSIDENT,"LAIT de vache pasteurisé (origine: France), sel, ferments lactiques (dont LAIT), fécule de pomme de terre.",,reference,open_food_facts,
3155253016339,Secret de Crème Fluide,PRÉSIDENT,"Crème légère (lait) (origine France), stabilisant (pectines), émulsifiants (E471, E472b), amidon modifié, acidifiant: acide lactique.",,reference,open_food_facts,
3155250367898,Crème Semi -Epaisse Gastronomique,President,"Crème (lait) (origine France), amidon modifié, émulsifiant : E472e, épaississant : carraghénanes.",,reference,open_food_facts,
3155253014304,Crème Fluide & onctueuse,President,,,reference,open_food_facts,
3228024150184,PRESIDENT LEGER 11% MG 250g,Président,"LAIT (origine France), sel, ferments",,reference,open_food_facts,
3155250358775,Ferme et Onctueuse,Président,"Crème (lait)(91%), sucre (8,5%), émulsifiant E471 (origine végétale), stabilisant E407, arôme vanille, gaz propulseur, E942.",,reference,open_food_facts,
3228024240122,Camembert Président,Président,"Lait pasteurisé, ferments (lait), sel",,reference,open_food_facts,
3070053520102,PRESIDENT CANCOILLOTTE NATURE IGP 250g,Président,"Eau, Metton (LAIT écrémé caillé), beurre (LAIT), sels de fonte : E331, sel. Présence possible de FRUITS A COQUE.",,reference,open_food_facts,
3228021200150,President comte le montarlier affine 12 mois 200g,Président,"LAIT, sel, ferments",,reference,open_food_facts,
3228023190121,Pavés Fondants à l'Emmental,Président,"Emmental 26,7% (LAIT de vache pasteurisé origine France, sel, ferments), Mozzarella 23,9% (LAIT de vache pasteurisé origine UE, sel, ferments), farine de BLE (contient GLUTEN), riz soufflé 14,7%, eau, huile de tournesol, sucre, extrait de m",,reference,open_food_facts,
3228022990214,Fromage,President,"Lait écrémé reconstitué, fromages (lait, sel, ferments, conservateur: lysozyme d'œuf), beurre (lait), lactosérum (lait), sels de fonte (E452, E331, E450, E339), épaississants (E407, E415, E410), VA",,reference,open_food_facts,
6191513501251,Fromage Slice Burger Cheddar,PRÉSIDENT,"Fromage, beurre, protéines laitières, lait en poudre écrémé, sels émulsifiants (E450, E452), sel de cuisine, conservateur (E202), colorants naturels (E160c, E160a). 40% G/S.",,reference,open_food_facts,
6130759001734,President 24,President,,,reference,open_food_facts,
3155250367889,Crème Entière Semi Épaisse,President,"Crème(lait), amidon modifié, émulsifiant : E472e, épaississant : carraghénanes",,reference,open_food_facts,
3228024150193,RONDELE LAIT DE CHEVRE 125g,President,"Fromage au LAIT de chèvre pasteurisé, sel. Présence possible de FRUITS A COQUE",,reference,open_food_facts,
3228021990244,PRESIDENT FONDUE AUX 3 FROMAGES 450g,PRÉSIDENT,"Fromages : Emmental (45%) (LAIT), Comté 6% (LAIT), Tomme (3%) (LAIT), eau, vin blanc (SULFITES), amidon modifié de mais, sels de fonte : E331, E339 ,sel, kirsch, ail, poivre blanc.",,reference,open_food_facts,
3155250360743,Beurre Tendre doux,Président,Beurre,,reference,open_food_facts,
5906207300055,Краве масло 82%,Président,,,reference,open_food_facts,
3228021170008,Emmental,President,,,reference,open_food_facts,
3228023030078,Motte tendre Demi-sel,Président,"Beurre (crème origine UE), sel (3 % max)",,reference,open_food_facts,
8410285101707,Crème UHT  COOKING CRÈME PRESIDENT 1L,President,,,reference,open_food_facts,
6191513502153,Frommage carré,President,"lait frais, beurre, protéines laitières, crème de lait, lait en poudre, émulsifiants (E452, E339, E331), sel de cuisine, ferments lactiques. A conserver entre +4°C et +8°C.",,reference,open_food_facts,
3228024910115,Medallones de Queso de Cabra,PRÉSIDENT,"goat's milk, salt, goat's cheese flavouring, cultures",,reference,open_food_facts,
3228024150111,President comte le montarlier affine 6 mois 340g,Président,"LAIT cru de vache, sel, ferments",,reference,open_food_facts,
3155250347636,250G BEURRE BIO 1 / 2 SEL PLAQUETTE PRESIDENT,President,,,reference,open_food_facts,
3228023050355,French Slightly Salted Butter,President,"Butter (cream (MILK), lactic starters (MILK)), NS salt (1.5%). Typical fat content 81%. EU cream. Produced by Sociéte Beurrière, 7 Av. St Martin, 50540 Isigny-le-Buat, France for: Lactalis McLelland Ltd, 65-71 London Road, Redhill RH1 1LQ, ",,reference,open_food_facts,
3155250351170,La crème fraiche Nata líquida fresca extracremosa,President,"Nata (leche), fermentos lácticos.",,reference,open_food_facts,
3228024930012,Emmental cœur de meule,Président,,,reference,open_food_facts,
3228023000068,Beurre tendre doux 82% Mat.Gr.,Président,_Beurre_ (_crème_ origine UE).,,reference,open_food_facts,
3228024070019,Queso rallado emmental para fundir y gratinar,President,"Ferments lactiques, féculent de pommes de terre",,reference,open_food_facts,
6130759000896,Fromage portions,président,ESIDENT جبن طري للطلي %40% مادة دسمة على مادة جافة. المكونات: حليب منزوع الدسم معاد تكوينه. مادة دسمة لبنيّة. أجبان (حليب البقر خمائر لبنية. ملح. روبة) قشدة طازجة بروتينات الحليب. مضافات غذائية (SIN339 SIN450 SIN452) [مستحلبات] كمية الفوسفو,,reference,open_food_facts,
3228023060194,Emmental Râpé Fondant (29 % MG),Président,"Emmental , lait, fermant, sel",,reference,open_food_facts,
3228022970195,Fresh Butter Unsalted,President,"Butter, milk cream, lactic starters",,reference,open_food_facts,
6191513501288,Président croqué (emmental),PRÉSIDENT,"beurre, fromage, emmental, protéines laitières, lait en poudre écrémé, sel émulsifant ( E450,E452), sel de cuisine, conservateur (E202), colorants naturels (E160c, E160a).",,reference,open_food_facts,
3155250355796,Crème entière biologique 30% Mat. Gr.,Président,"_Crème_ de _lait_ issu de l'agriculture biologique, stabilisants : carraghénanes.",,reference,open_food_facts,
3155250004324,RONDELE AIL DE GARONNE & FINES HERBES MAXI FORMAT 200g,Président,"Fromage au LAIT de vache pasteurisé (origine France), protéines de LAIT, Ail de Garonne et Fines herbes (2%), sel, arôme naturel, jus de citron concentré. Présence possible de fruits à coques.",,reference,open_food_facts,
3155250361423,Crème entière semi-épaisse,President,"crème (lait) (origine France), amidon modifié, émulsifiants: E472e, épaississant: carraghénanes",,reference,open_food_facts,
3155251205814,Extra épaisse gourmande et nappante,President,"Crème (lait : origine France), ferments lactiques.",,reference,open_food_facts,
3228020490321,F.fondu Hamburger,President,"Lait écrémé reconstitué, fromages [fromages (lait, sel, ferments, conservateur : lysozyme d'œuf), cheddar 5%], beurre (lait), lactosérum (lait), protéines de lait, sels de fonte (E450, E452), épaississant (E407), sel, conservateur (E202), c",,reference,open_food_facts,
3228024000126,строчек ПРЕЗИДЕНТ  Natur,President,"skimmed milk powder, cheese (milk, salt, enzymes, preservative: egg lysozyme), cow's butter, milk whey, milk protein, emulsifier salts (E450, E452, E331, E339), thickener (E407, E410, E415)",,reference,open_food_facts,
3228023910039,Emmental Cœur de Meule,Président,,,reference,open_food_facts,
6191513502515,Fraidoux,Fraidoux,"Fromage blanc (lait frais, beurre, ferments lactiques, présure), lait en poudre, amidon modifié (E1420), phosphate tricalcique, sel de cuisine, conservateur (E202), épaississants (E145, E410), Vitamine D",,reference,open_food_facts,
3228021990156,12,president,,,reference,open_food_facts,
3228023980065,President creme de camembert 150g,Président,"Camembert Président (50%) (LAIT), LAIT écrémé reconstitué, beurre (LAIT), sels de fonte : E339, E452, protéines de LAIT, conservateur : E202, colorant : E160a.
Présence possible d'OEUF.",,reference,open_food_facts,
3228023180036,PRESIDENT BUCHE FONDANTE CHEVRE MAXI FORMAT 380g,President,"LAIT de chèvre pasteurisé(origine lait: France), sel, ferments lactiques et d'affinage",,reference,open_food_facts,
3228021920193,Beurre tendre demi-sel,Président,"_Beurre_, sel",,reference,open_food_facts,
4600605029253,smetana,Prostokvashino,,,reference,open_food_facts,
4607161624627,Milk 1.5%,Prostokvashino,,,reference,open_food_facts,
5410438046445,halfvolle melk,Campina,Lait,,reference,open_food_facts,
5410438045765,Camping végétal Avoine,Campina,"Eau, avoine 10%, isolat de protéines de pois 1,3%, huile de tournesol, phosphates de calcium, sel marin, stabilisant (gomme gellane), correcteur d'acidité (phosphate dipotassique), arôme naturel, vitamines B2, B12 et D. Peut contenir des tr",,reference,open_food_facts,
5410438045747,Almond,Campina,"Water, amandelen 2,3%, suiker, erwteneiwit isolaat 1,5%, calcium fosfaten, zeezout, zuurteregelaar (dikaliumfosfaat), stabilisator (gellangom), emulgator (zonnebloemlecithine), natuurlijk aroma, vitamine B2, B12 en D. Kan sporen van haver, ",,reference,open_food_facts,
8712800003034,"GREEK POWERBOWL YOGHURT 1,5% FAT Taste: Red Fruit, Cereals & Linseed",Campina,,,reference,open_food_facts,
5410438046490,Lait demi écrémé,Campina,,,reference,open_food_facts,
8712800145251,Campina Echte Slagroom,campina,"Room (90%), suiker (8,5%), drijfgas: E942 en E941, emulgator: E471, stabilisator: E407, vanille-aroma",,reference,open_food_facts,
8712800000666,Fromage frais entier,Campina,,,reference,open_food_facts,
8712800000602,Fromage  frais,Campina,,,reference,open_food_facts,
5410438046560,Volle Melk,Campina,,,reference,open_food_facts,
5410438047639,Halfvolle Melk,Campina,Lait demi-écrémé,,reference,open_food_facts,
5410438035962,Cécémel,Campina,"_Lait_ partiellement écrémé, chocolat en poudre 5,3 % (sucre, cacao), sucre, stabilisant: carraghénanes.",,reference,open_food_facts,
8712800006961,Halfvolle melk,campina,Gepasteuriseerde halfvolle melk,,reference,open_food_facts,
8710912037389,Milner Jeune Tranches,Campina,jong/jeune sneetjes-tranches Campina Coght 1 sneetje (35 g) bevat* 1 tranche (35g) contient* Energie,,reference,open_food_facts,
8712800001151,volle melk,campina,volle melk,,reference,open_food_facts,
5410438044492,Crème culinaire,Campina,,,reference,open_food_facts,
5410438046463,Volle Melk,Campina,,,reference,open_food_facts,
5410438047675,Halfvolle Melk,Campina,,,reference,open_food_facts,
5410438046515,Magere melk,Campina,,,reference,open_food_facts,
5410438046603,Lactosevrije melk,Campina,ero actose d real dilea simpl magere zero melk lait lactose ecreme simple me ecreme campina anno 1871 lactosegehalte 01/100ml lactosevrije holfvolle melk nutri-score ab de ot 22,,reference,open_food_facts,
5410438047657,Volle melk,Campina,,,reference,open_food_facts,
8712800006350,Campina Halfvolle yoghurt,campina,"melk, melkeiwit, zout, calcium, vitamine B12",,reference,open_food_facts,
5410438044553,Crème culinaire,Campina,,,reference,open_food_facts,
8712800000657,Campina fromage frais,Campina,,,reference,open_food_facts,
5410438044474,Crème culinaire légère 4%,Campina,,,reference,open_food_facts,
5410438010033,Lait Demi Écrémé,Campina,"Lait U, H, T, demi écrémé,",,reference,open_food_facts,
8710912037404,Demi- vieux tranches campina,Campina,,,reference,open_food_facts,
5410488822576,Crème entière,Campina,"Crème 37% de matières grasses; sucre liquide (sucre 10 gaz propulseur: E942, E941; émulsifiant: E471; stabilisant E407",,reference,open_food_facts,
5410438044571,Crème culinaire légère 4%,Campina,crèmes,,reference,open_food_facts,
5410281000551,Crème à fouetter,Campina,,,reference,open_food_facts,
5410438044562,Campina crème entière,Campina,,,reference,open_food_facts,
8712800025832,"Griekse Stijl yoghurt 1,8% vet vanille smaak",Campina,"Yoghurt, (2% vet), water, suiker, melkeiwit, citroensap, maïszetmeel, natuurlijk vanillearoma, gemalen vanillestokjes.",,reference,open_food_facts,
4605627011190,нежный,Campina,,,reference,open_food_facts,
5410438040593,Crème liquide 30%,Campina,,,reference,open_food_facts,
5410438043703,Lait demi-ecreme,Campina,,,reference,open_food_facts,
5410438046621,Lait demi écrémé 0% mg,Campina,,,reference,open_food_facts,
4605627008026,campina,Campina,,,reference,open_food_facts,
5998200750836,Brânză Câmpina 450g,Campina,,,reference,open_food_facts,
5410488824617,Sprühfertige Schlagsahne Royal mit Zucker,Campina,,,reference,open_food_facts,
8710912070472,Emmental olandese,Campina,,,reference,open_food_facts,
5410438000203,Lait demi-écrémé,Campina,Lait,,reference,open_food_facts,
5410438001637,Lait Demi écrémé,Campina,lait,,reference,open_food_facts,
5410401011018,Campina - Lait AA Entier,CAMPINA,"_Lait_ entier, vitamine D",,reference,open_food_facts,
5410281002841,Maquee entière,Campina,,,reference,open_food_facts,
5410438000188,Campina,Campina,,,reference,open_food_facts,
8712800141477,Yaourt sur fraises,Campina,,,reference,open_food_facts,
5410281001170,Maquée entière,Campina,,,reference,open_food_facts,
5410438015205,Crème culinaire légère 20% m.g.,Campina,"Crème (20,4 % m.g.), amidon de maïs modifié, stabilisant: gomme de cellulose (E466).",,reference,open_food_facts,
5410438014330,Room specialiteit 4%,Campina,"Verdunde room (4% vet), gemodificeerd tapiocazetmeel (E1442), aroma, stabilisator: carrageen (E407).",,reference,open_food_facts,
8712800141486,Campina Yoghurt Op Perzik (150 G),Campina,,,reference,open_food_facts,
5410438042087,Kefir avoine et noix,Campina,,,reference,open_food_facts,
8712800187628,Chocomel 0% suiker toegevoegd,Campina,"melk(1,3%vet), cacao (1,6%), stabilisatoren (cellulose, cellulosegom en carrageen), aroma, zoetstoffen (acesulfaam-K en sucralose).",,reference,open_food_facts,
5410438015180,Crème entière 33% m.g.,Campina,,,reference,open_food_facts,
5410438040955,Lait  demi  écrémé sans lactose,Campina,lait,,reference,open_food_facts,
5410438024230,Lait,Campina,"lait écrémé, protéines de lait.",,reference,open_food_facts,
5410438031115,Crème Légère Et Onctueuse 2x250 ml,Campina,,,reference,open_food_facts,
5410438042069,Kefir,Campina,,,reference,open_food_facts,
5410281030446,Fromage frais demi ecremé,Campina,,,reference,open_food_facts,
5410281002559,Yaourt sur cerise,Campina,,,reference,open_food_facts,
5414150981525,Nutroma,Campina,,,reference,open_food_facts,
5410281002434,verse volle melk,Campina,,,reference,open_food_facts,
5410438028740,Campina lait écrémé 0%,Campina,,,reference,open_food_facts,
5410488823034,Panna montata,Campina,,,reference,open_food_facts,
5410438042102,Kefir,Campina,,,reference,open_food_facts,
5410438045808,Quark vanille,Campina,,,reference,open_food_facts,
5410438045826,Quark fraise,Campina,,,reference,open_food_facts,
5410281022100,Crème culinaire légère,Campina,,,reference,open_food_facts,
5410438040326,Cream 35%,Campina,,,reference,open_food_facts,
3216080073187,Campina reveil malin,Campina,,,reference,open_food_facts,
3216080073178,Réveil Malin,Campina,,,reference,open_food_facts,
3216080073150,Réveil Malin,Campina,,,reference,open_food_facts,
5410438031106,Créme liquide,Campina,,,reference,open_food_facts,
5410438031124,Creme entiere,Campina,,,reference,open_food_facts,
3216080073169,Reveil malin,Campina,,,reference,open_food_facts,
5410438044580,Protein Plus,CAMPINA,"Lait (1,9%m.g.), protéines de lait liquide.",,reference,open_food_facts,
8712800000930,Sterke start,Campina,"Halfvolle yoghurt, aardbei 4%, suiker, gemodificeerd maïszetmeel, water, natuurlijk aroma, citroensapconcentraat, wortelconcentraat.",,reference,open_food_facts,
8715300258803,Burro,Campina,,,reference,open_food_facts,
5410281034257,Fromage frais maigre,Campina,,,reference,open_food_facts,
8713300002710,Volle melk,Campina,Volle melk (UHT),,reference,open_food_facts,
5410281002708,Yaourt sur myrtilles,Campina,,,reference,open_food_facts,
5410438043606,Fromage frais maigre,Campina,,,reference,open_food_facts,
5410438032202,Lait demi-écréme,Campina,,,reference,open_food_facts,
8712800174101,Volle Yoghurt,Campina,,,reference,open_food_facts,
5410438039791,Boisson lactée banane,Campina,,,reference,open_food_facts,
8712800001081,Biologische volle yoghurt,Boer en Land,"biologische yoghurt waaraan toegevoegd 1,5% biologisch melkeiwit",,reference,open_food_facts,
8712800148106,Yoghurt fraise,Campina,,,reference,open_food_facts,
8713300802518,Chocomel,Campina,,,reference,open_food_facts,
8712800181280,Yaourt entier myrtille,Campina,"yaourt, Sucre, myrtilles mais modifié, épaississant: pectine, arôme naturel Bemidelde voedingswaarde per",,reference,open_food_facts,
8713300002701,Langlekker halfvolle melk,Campina,Halfvolle melk (UHT),,reference,open_food_facts,
5410438043615,Fromage frais maigre,Campina,,,reference,open_food_facts,
5410438043633,Fromage frais,Campina,,,reference,open_food_facts,
8712800037129,Sterke Start Yoghurt | Romig & Rijk,Campina,"Stevige halfvolle yoghurt per 100 g per portie 1500 288 kJ/68 kcal 432 kJ/102 kcal 5 1,8g 2,7g 4RM 1,2 g 1,8g 9KRM 3,4g 5,1g XM Gemiddelde",,reference,open_food_facts,
8712800039482,Vla zacht en luchtig,campina,"Halfvolle MELK, water, suiker, plantaardige oliën (palm, palmpit, kokos, raapzaad), 2,6% magere cacao, gemodificeerd maïszetmeel,fructose, glucosestroop, MELKeiwit, karneMELKpoeder, geharde palmpitolie, verdikkingsmiddel: carrageen,xanthaan",,reference,open_food_facts,
3045140105506,Chocolat au lait,Milka,"Sucre, Beurre de cacao, pâte de cacao, Lait écrémé en poudre, lactosérum en poudre (Lait), Beurre concentré, Émulsifiant (Lécithine de soja), Pâte de noisette, Arôme naturel",,reference,open_food_facts,
7622210100919,Milka galette choco,Milka,"Farine de BLE 42 %, sucre, huile de palme, chocolat au LAIT du pays alpin 6% (sucre, beurre de cacao, LAIT écrémé en poudre, pâte de cacao, lactoserum en poudre (de LAIT), BEURRE pâtissier, émulsifiant (lécithines de SOJA), arome), cacao ma",,reference,open_food_facts,
7622300292500,Choco SUPRÊME,Milka,"Chocolat au _lait_ du pays alpin 60 % [sucre, beurre de cacao, pâte de cacao, lait écrémé en poudre, lactosérum en poudre (de lait), _beurre_ pâtissier, émulsifiant (lécithines de _soja_), arôme], farine de _blé_, graisses végétales (palme,",,reference,open_food_facts,
3045140118500,Milka Tablette Noisette,Milka,"Sucre, NOISETTES (20%), beurre de cacao, pâte de cacao, LAIT écrémé en poudre, lactosérum en poudre (de LAIT), BEURRE concentré, émulsifiant (lécithines de SOJA), pâte de NOISETTE, arôme.",,reference,open_food_facts,
7622202209598,milka wholenut noisette,Milka,About 3.5 غ / g 25 140 * Daily Value% نسبة الاحتياج اليومي 13% 19% 1% 1% 5% 3% 18% عدد الحصص في العبوة / Servings per package حجم الحصة / Serving size الكمية لكل حصة / Amount per serving السعرات الحرارية / Calories حقائق تغذوية / Nutrition ,,reference,open_food_facts,
3045140105108,Chocolat au lait du Pays Alpin,Milka,"sugar, cocoa butter, skimmed milk powder, cocoa mass, whey powder (milk), concentrated butter, emulsifier (soy lecithin), dough, hazelnut, flavouring, cocoa : 30 % minimum, may contain other nuts and wheat",,reference,open_food_facts,
7622201515492,Milka aux noisettes,Milka,"Sucre, huile de colza (25 %), lactosérum en poudre (de LAIT), pâte de NOISETTE (5 %), cacao maigre en poudre (4,5 %), LAIT écrémé en poudre, beurre de cacao, huile de tournesol, émulsifiant (lécithines), sel, arômes.",,reference,open_food_facts,
7622210720564,Milka au lait du pays alpin,Milka,"Sucre, beurre de cacao, pâte de cacao, _LAIT_ écrémé en poudre, lactosérum en poudre (de _LAIT_), _BEURRE_ concentré, émulsifiant (lécithines de _SOJA_), pâte de _NOISETTE_, arôme. Cacao:33 % minimum)",,reference,open_food_facts,
7622201127206,Haselnusscreme,Milka,"sugar, sunflower oil (28%), whey powder (from milk), hazelnut mass (5%), low fat cocoa powder, skimmed milk powder, cocoa butter, emulsifier (sunflower lecithins), salt, flavours,",,reference,open_food_facts,
7622300441717,Милка мини шоколад,Milka,"Farine de blé, chocolat au lait alpin 23% [sucre, beurre de cacao, pâte de cacao, poudre de lait écrémé, poudre de lactosérum (issu du lait), beurre concentré, émulsifiant (lécithine de soja, E476), arôme], sucre, graisse et huile végétale ",,reference,open_food_facts,
7622210396330,Milka Choc & Choc,Milka,"Zucker, _Weizenmehl_, Glukose-Fruktosesirup, _Ei_, Rapsöl, Kakaobutter, _Magermilchpulver_, Kakaomasse, Stabilisator (Glycerin), Süßmolkenpulver (aus _Milch_), Kartoffelstärke, Sheabutter, _Butterreinfett_, fettarmes Kakaopulver 1,6%, Emulg",,reference,open_food_facts,
7622300503071,Choco Moo,Milka,"Farine de blé 49%, chocolat au lait du pays Alpin 28% [sucre, beurre de cacao, lait écrémé en poudre, pâte de cacao, lactose et protéines de lait, beurre pâtissier, pâte de noisette, émulsifiants (lécithine de soja, E476) arôme], sucre, mat",,reference,open_food_facts,
7622300356765,Choco Cookie,Milka,"Farine de _blé_ (34%), sucre, huile de palme, _œufs_, _lait_ entier en poudre, pâte de cacao, beurre de cacao, sirop de glucose, amidon de _blé_, _lactosérum_ en poudre (de _lait_), poudre à lever (diphosphates, carbonates de sodium), émuls",,reference,open_food_facts,
7622201491563,milka triple chocolat avec morceaux de biscuits,Milka,,,reference,open_food_facts,
3045140280807,Milka - Riz croustillant,Milka,"Sucre, beurre de cacao, riz (13 %), pâte de cacao, LAIT écrémé en poudre, lactosérum en poudre (de LAIT), BEURRE concentré, émulsifiants (lécithines de SOJA, lécithines de tournesol), sel, pâte de NOISETTE, extrait de malt d'ORGE,",,reference,open_food_facts,
7622300631578,Chocolate con leche Oreo,Milka,"Azúcar, grasas vegetales (palma, palmiste), _leche_ desnatada en polvo, manteca de cacao, harina de _trigo_, pasta de cacao, suero de _leche_ en polvo, grasa de _leche_, cacao magro en polvo 0,7%, emulgente (lecitinas de _soja_), jarabe de ",,reference,open_food_facts,
7622210623793,chocolat brownie,Milka,"sugar, eggs, palm oil, wheat flour, cocoa paste, rapeseed oil, glucose syrup, cocoa butter, dextrose, humectant (glycerol), invert sugar syrup, whole milk powder, emulsifiers (e492, soy lecithin, e476, e473), whey powder (milk), skimmed mil",,reference,open_food_facts,
7622201400978,Haselnusscreme,Milka,"Zucker, Rapsöl (25%), Süssmolkenpulver (aus _Milch_), _Haselnussmasse_ (5%), fettarmes Kakaopulver, _Magermilchpulver_, Kakaobutter, Sonnenblumenöl, Emulgator (Lecithine), Speisesalz, Aromen, _Nüsse_, _Weizen_, _Erdnuss_",,reference,open_food_facts,
7622300344751,Choco Wafer,Milka,"Suiker, tarwebloem, cacaoboter, plantaardige vetten (palm, kokos in wisselende verhoudingen), magere melkpoeder, weipoeder (van melk), lactose (van melk), melkvet, magere cacaopoeder (1,5 %), koolzaadolie, emulgatoren (sojalecithinen, E476)",,reference,open_food_facts,
7622300134534,Caramel et Noisettes,Milka,"Sucre, graisse de palme, beurre de cacao, lait écrémé en poudre, noisettes, lactosérum en poudre (de lait), pâte de cacao, sirop de glucose, beurre concentré, lait écrémé concentré sucré, humectant (glycérol), émulsifiant (lécithine de soja",,reference,open_food_facts,
7622300270465,Choco Biscuits,Milka,"Farine de blé, Sucre, Beurre de cacao, Huile de palme, -, Poudre de lactosérum (Du lait), Pâte de cacao, Matière grasse de lait, Agents de levage (Carbonates d'ammonium, Carbonates de sodium, Diphosphates), Émulsifiants (Lécithines de soja,",,reference,open_food_facts,
7622202313086,milka Oreo,Milka,,,reference,open_food_facts,
7622210439972,LT2X100G LOT NOISETTE MILKA,Milka,"Sucre, NOISETTES (20%), beurre de cacao, pâte de cacao, LAIT écrémé en poudre, lactosérum en poudre (de LAIT), BEURRE concentré, émulsifiant (lécithines de SOJA), pâte de NOISETTE, arôme.",,reference,open_food_facts,
7622210834380,Milka,Milka,"MILK CHOCOLATE (53%) Ingredients: SUGAR, COCOA BUTTER, SKIMMED MILK POWDER (FROM COW), COCOA MASS, WHEY POWDER (FROM MILK), MILK FAT, &quot;EMULSIFIER (SOYA LECITHIN), HAZELNUT PASTE, &quot;ARTIFICIAL VANILLIN FLAVOUR.MILK CHOCOLATE CONTAIN",,reference,open_food_facts,
7622400893120,Milka Tendre au lait,Milka,"Sucre, huile de palme, LAIT écrémé en poudre, beurre de cacao, lactosérum en poudre (de LAIT), pâte de cacao, BEURRE concentré, émulsifiant (lécithines de SOJA), pâte de NOISETTE, arômes.",,reference,open_food_facts,
7622202261561,Vegan Hazelnut Chocolate,Milka,"Sugar, whole HAZELNUTS (20%), coco cocoa mass, skimmed MILK powder, whey powder (from MILK), MILK fat, emulsifier (SOYA lecithins), H paste, flavouring. Cocoa solids: 33 % minimum in the Alpine milk chocolate. Milk solids: 18 % minimu Alpin",,reference,open_food_facts,
7622202296202,Choco Wafer,Milka,,,reference,open_food_facts,
7622300086404,Karamel milka,Milka,"Suiker, palmvet, cacaoboter, weipoeder (van _melk_), magere _melkpoeder_, glucosestroop, cacaomassa, _melkvet_, glucose-fructosestroop, emulgatoren (_sojalecithinen_, E471), _hazelnootpasta_, aroma's, zout.",,reference,open_food_facts,
7622210406354,милка лила стикс,Milka,"Mąka PSZENNA, cukier, olej palmowy, tłuszcz kakaowy, miazga kakaowa, odtłuszczone MLEKO w proszku, serwatka w proszku (z MLEKA), tłuszcz MLECZNY, syrop glukozowy, emulgatory (lecytyny SOJOWE, E476), sól, substancje spulchniające (węglany so",,reference,open_food_facts,
7622201751702,Choco sensations,Milka,"sugar, wheat flour, palm oil, cocoa mass, cocoa butter, skimmed milk powder, whey powder (milk), butterfat (milk), fat-reduced cocoa powder, emulsifiers (soya lecithin, E476), salt, raising agents (sodium bicarbonate, ammonium bicarbonate),",,reference,open_food_facts,
8711000468120,Milka Choco Pads,Milka,"Magermilchpulver, Kokosfett ganz gehärtet, Zucker, Glukosesirup, fettarmes Kakaopulver (10%), Salz, Stabilisator (E340), Trennmittel (E341), Süßungsmittel (E950, E955), gebrannter Zucker.",,reference,open_food_facts,
7622210981341,Cookies Sensations Coeur Choco,Milka,"Sucre, farine de blé, beurre pâtissier, huile de tournesol, huile de colza, pâte de cacao, lait entier en poudre, beurre de cacao, amidon de blé, amidon modifié, lactose (de lait), poudre à lever (carbonate acide d'ammonium, carbonate acide",,reference,open_food_facts,
7622202211104,MILKA ALPINE,Milka,"sugar, cocoa butter, skimmed milk powder, cocoa mass, whey powder (from milk), milk fat, emulsifier (soya lecithin), hazelnuts, flavouring",,reference,open_food_facts,
7622210652777,Милка Брауни,Milka,"ro cu razele prajitură cu ciocolată (5 %), ciocolată cu lapte alpin (9%), ciocolată cu lapte (2,5 %) şi bucăţele de ciocolată cu lapte alpin (6%), ingrediente: zahár, oua, ulei de palmier, făină de grau, ulei de rapita, masă de cacao, unt d",,reference,open_food_facts,
7622300567608,milka Daim,Milka,"Sucre, beurre de cacao, maïs, poudre de lait écrémé, pâte de cacao, graisse de palme, lactosérum en poudre (de lait), beurre concentré, amandes (1%), lait écrémé concentré sucré, sel, émulsifiants (lécithine de soja, lécithine de tournesol)",,reference,open_food_facts,
7622202257124,Alpenmilch,Milka,"Zucker, Kakaobutter, Kakaomasse, MAGERMILCHPULVER, Süssmolkenpulver (aus MILCH), BUTTERREINFETT, Emulgator (SOJALECITHINE), HASELNUSSMASSE, Aroma, Kakao: 33%",,reference,open_food_facts,
7622202040427,Almonds & Milk Chocolate,Milka,"Zucchero, MANDORLE 20%, burro di cacao, LATTE scremato in polvere, pasta di cacao, siero di LATTE in polvere, BURRO concentrato, emulsionante (lecitine di SOIA), NOCCIOLE in pezzi 0,4%, aroma. Può contenere: altra frutta a guscio.",,reference,open_food_facts,
7622202313040,Milka Caramel,Milka,"sugar, glucose syrup, sweetened condensed skimmed milk, vegetable fats (palm, shea), cocoa butter, cocoa mass, milk solids, whey powder, hazelnuts, skimmed milk powder, milk fat, emulsifiers (E442, E476, soy lecithin), salt, artificial cara",,reference,open_food_facts,
7622210788577,Choco Brownie,Milka,"Sucre, oeuf, huile de palme, farine de blé, pâte de cacao, huile de colza, sirop de glucose, beurre de cacao, dextrose, humectant (glycérol), sirop de sucre inverti, lait entier en poudre, émulsifiants (E492, lécithine de soja, E476, E473),",,reference,open_food_facts,
7622300650333,Milka - Oreo,Milka,"Sucre, graisses végétales (palme, palmiste), 7% LAIT écrémé en poudre, beurre de cacao, farine de BLÉ, pâte de cacao, lactosérum en poudre (de LAIT), BEURRE concentré, cacao maigre en poudre (0,7%), émulsifiant (lécithines de SOJA), sirop d",,reference,open_food_facts,
7622300617824,Milka Oreo,Milka,"Cukor, növényi zsírok (pálma, pálmamag), SOVÁNY TEJPOR, kakaóvaj, BÚZALISZT, kakaómassza, TEJSAVÓPOR, TEJZSÍR, zsírszegény kakaópor (0,7 %), emulgeálószer (SZÓJALECITINEK), glükóz-fruktózszirup, BÚZAKEMÉNYÍTŐ, MOGYORÓMASSZA, térfogatnövelő ",,reference,open_food_facts,
7622210419978,milka Cookies Sensations Coeur Choco,Milka,"Zucker, _Weizenmehl_, _Butterreinfett_, Sonnenblumenöl, Rapsöl, Kakaomasse, _Vollmilchpulver_, Kakaobutter, _Weizenstärke_, modifizierte Stärke, Laktose (aus _Milch_), Backtriebmittel (Ammoniumhydrogencarbonat, Natrimhydrogencarbonat, Dipho",,reference,open_food_facts,
3045140118102,Milka - Noisette Entières - Maxi Format,Milka,"Sucre, NOISETTES, beurre de cacao, pâte de cacao, LAIT écrémé en poudre, lactosérum en poudre (de LAIT), BEURRE concentré, émulsifiant (lécithines de SOJA), pâte de NOISETTE, arôme.",,reference,open_food_facts,
7622201515447,Pâte à tartiner Milka aux noisettes,Milka,"Sucre, huile de tournesol (28 %), lactosérum en poudre (de LAIT), NOISETTES (5 %), cacao maigre en poudre (4,5 %), LAIT écrémé en poudre, beurre de cacao, émulsifiant (lécithines de tournesol), sel, arômes, E322",,reference,open_food_facts,
7622210388100,Milka Choco Pépites,Milka,"Farine de blé, sucre, huile de palme, pépites de Chocolat au lait du Pays Alpin 20 % [(sucre, lait entier en poudre, pâte de cacao, beurre de cacao, lactose et protéines de lait, émulsifiant (lécithine de soja), arôme vanille)], matière gra",,reference,open_food_facts,
7622202257753,"100% ALPINE MILK Chocolat au Lait, 100% au Lait CH",Milka,"Suiker, cacaoboter, cacaomassa, magere MELKPOEDER, weipoeder (van MELK), MELKVET, emulgator (SOJALECITHINEN), HAZELNOOTPASTA, aroma. Cacao:",,reference,open_food_facts,
7622210604187,Mmmax Cacahuète & Caramel,Milka,"Sucre, ARACHIDES, beurre de cacao, huile de palme, LAIT écrémé en poudre, lactosérum en poudre (de LAIT), pâte de cacao, sirop de glucose, pâte d'ARACHIDE 3%, BEURRE concentré, sirop de glucose-fructose, éclats d'ARACHIDES, émulsifiants (lé",,reference,open_food_facts,
7622210403913,Печиво Choco Grain,Milka,"płatki OWSIANE 34 %, cukier, mąka PSZENNA pełnoziarnista 14%, olej roślinny (palmowy), tłuszcz kakaowy, odtłuszczone MLEKO w proszku, miazga kakaowa, serwatka w proszku (z MLEKA), tłuszcz MLECZNY, substancje spulchniające (węglany sodu, węg",,reference,open_food_facts,
7622210295961,Milka cake and choc,Milka,"Pšenično brašno, šećer, glukozno-fruktozni sirup, repičino ulje, jaja, stabilizator (glicerol), kakaova masa, punomasno mlijeko u prahu, kakaov maslac, obrano mlijeko u prahu, pšenični škrob/skrob, tvari za rahljenje/sredstva za dizanje tij",,reference,open_food_facts,
7622300590970,Choco Biscuits,Milka,"Mąka PSZENNA, cukier, tłuszcz kakaowy, olej palmowy, odtłuszczone MLEKO w proszku, serwatka w proszku (z MLEKA), miazga kakaowa, tłuszcz MLECZNY, substancje spulchniające (węglany amonu, węglany sodu, difosforany), emulgatory (lecytyny SOJO",,reference,open_food_facts,
7622202257425,Milka Noisette,Milka,"1,99 Mitha Alpenmilch Schokolade mit Haselnussmasse, Zutaten: Zucker, Kakaobutter, HASELNUSSMASSE (13%), Kakaomasse, MAGERMILCHPULVER, Süssmolkenpulver (aus MILCH), BUTTERREINFETT, Emulgator (SOJALECITHINE), Aroma, Kakao: 33 % mindestens in",,reference,open_food_facts,
7622200009082,Milka Schoko & Keks,Milka,"Zucker, Palmöl, WEIZENMEHL, Kakaomasse, Kakaobutter, MAGERMILCHPULVER, Süssmolkenpulver (aus MILCH), BUTTERREINFETT, Kakaopulver (1%), Emulgator (SOJALECITHINE), Glukosesirup, HASELNUSSMASSE, Speisesalz, Backtriebmittel (E500, E503), Aromen",,reference,open_food_facts,
7622201109617,Oreo white,Milka,"sugar, palm fat, cocoa butter, whey powder, skimmed milk powder, wheat flour, milk fat, defatted cocoa powder (0,7%), glucose and fructose syrup, emulsifier (soya lecithins), wheat starch, raising agents (e501, e503, e500), salt, flavouring",,reference,open_food_facts,
4008400521820,Kinder,Milka,"Chocolat supérieur au LAIT 45% (sucre, LAIT en poudre, beurre de cacao, pâte de cacao, émulsifiants: lécithines [SOJA]; vanilline), LAIT écrémé en poudre, sucre, graisses végétales (palme, karité), BEURRE concentré, émulsifiants: lecithines",,reference,open_food_facts,
7622210696878,Milka Nussini,Milka,"Weizenmehl, pflanzliche Fette (Palm, Shea), Haselnüsse (9,5%), Süßmolkenpulver (aus Milch), Kakaobutter, Magermilchpulver, Kakaomasse, Butterreinfett, fettarmes Kakaopulver, Stärke, Umulgatorn (Sojalecithin, E476, Sonnenblumenlecithin), Rap",,reference,open_food_facts,
7622300201757,Milka - Daim,Milka,"Sucre, beurre de cacao, poudre de lait écrémé, pâte de cacao, lactosérum en poudre (de lait), graisse de palme, beurre concentré, amandes (1,0%), pâte de noisettes, lait écrémé concentré sucré, émulsifiant (lécithine de soja), sel, préparat",,reference,open_food_facts,
7622210240208,Milka Mmmax Oreo,Milka,"Cukier, olej palmowy, mąka PSZENNA, odtłuszczone MLEKO w proszku, tłuszcz kakaowy, miazga kakaowa, serwatka w proszku (z MLEKA), tłuszcz MLECZNY, kakao w proszku o obniżonej zawartości tłuszczu (1,1 %), skrobia PSZENNA, syrop glukozowy, emu",,reference,open_food_facts,
7622201768915,Milka strawberry,Milka,"Alpine Milk Chocolate 50% [Sugar, Cocoa Butter, Skimmed Milk Powder, Cocoa Mass, Whey Powder (From Milk), Milk Fat, *Emulsifier (Soya Lecithin), Hazelnut Paste, Artificial Vanillin Flavouring). strawberry & yoghurt-flavoured filling 50% [No",,reference,open_food_facts,
7622202286694,Chocolate Blanco,Milka,"Suiker, cacaoboter, magere MELKPOEDER, weipoeder (van MELK), MELKVET, emulgator (SOJALECITHINEN), aroma.",,reference,open_food_facts,
7622210693288,Alpine Milk,Milka,"Azúcar, manteca de cacao, pasta de cacao, _leche_ desnatada en polvo, suero de _leche_ en polvo, grasa de _leche_, emulgente (lecitinas de _soja_), pasta de _avellana_, aroma.",,reference,open_food_facts,
7622300508669,Philadelphia - Milka Frischkäse,Milka,"fresh cheese in the rahmstufe, sugar, whey products (from milk ), cocoa butter, low fat cocoa powder, skimmed milk powder , cocoa mass, whey powder (from milk ), milk fat , thickener (locust bean gum, carrageenan, sodium carboxy methyl cell",,reference,open_food_facts,
7622210696869,Nussini,Milka,"Zucker, WEIZENMEHL, pflanzliche Fette (Palm, Shea), HASELNUSSSTÜCKCHEN (9,5%), Kakaobutter, E500, ES03), emulgatory (SOJOVE MAGERMILCHPULVER, WEIZENSTÄRKE, Kakaomasse, Süssmolkenpulver (aus MILCH), BUTTERREINFETT, fettarmes Kakaopulver, Kar",,reference,open_food_facts,
8410172652523,Hala,Milka,"Azúcar, manteca de cacao, leche desnatada en polvo, pasta de cacao, suero de leche en polvo, grasa de leche, emulgente (lecitina de soja), avellanas molidas, aroma, Cacao:30 % mínimo, Puede contener otros frutos de cáscara y trigo,",,reference,open_food_facts,
7622210667414,Milka - Au Lait du Pays Alpin,Milka,"Sucre, beurre de cacao, pâte de cacao, LAIT écrémé en poudre, lactosérum en poudre (de LAIT), BEURRE concentré, émulsifiant (lécithines de SOJA), pâte de NOISETTE, arôme",,reference,open_food_facts,
7622200007330,Chocolate de leite dos Alpes Strawberry,Milka,"Sugar, palm oil, whey powder (from MILK), cocoa butter, cocoa mass, skimmed MILK powder, MILK fat, emulsifier (SOYA lecithins), dextrose, flavourings, HAZELNUT paste, dried strawberries (0,2 %), maltodextrin, acid (citric acid).",,reference,open_food_facts,
7622210953427,Milka Oreo Brownie,Milka,"Azúcar, grasas vegetales (palma, palmiste), manteca de cacao, cacao magro en polvo (8,5 %), harina de TRIGO, pasta de cacao, LECHE desnatada en polvo, suero de LECHE en polvo, grasa de LECHE, jarabe de glucosa y fructosa, almidón de TRIGO, ",,reference,open_food_facts,
7622300370367,milka daim,Milka,"Sugar, Cocoa Butter, Non-hydrogenated Vegetable Oil (Palm Oil), Milk k &quot;Emulsier Soya Lecithin), Hazelnut Paste, Salt, Ailk Chocolate contains: Cocoa Solids 33% Minimum. UT, SOYA, ALMOND. MAY CONTAIN WHEAT",,reference,open_food_facts,
7622210720582,Milka Chocolat au lait du Pays Alpin,Milka,"Sucre, beurre de cacao, poudre de _lait_ écrémé, pâte de cacao lactosérum en poudre (de _lait_), _beurre_ concentré, émulsifiant (lécithine de _soja_), pâte de _noisettes_, arôme.",,reference,open_food_facts,
7622202210886,Milka caramel 22g,Milka,,,reference,open_food_facts,
7622201401904,Sensations cookies Oreo cream,Milka,"Sugar, WHEAT flour, palm oil, MILK fat, cocoa powder 3,5%, rapeseed oil, whey powder (from MILK), starch, whole MILK powder, cocoa mass, cocoa butter, WHEAT starch, raising agents (ammonium carbonates, sodium carbonates, diphosphates), lact",,reference,open_food_facts,
4025700001023,Milka chocolate Hazelnuts,Milka,"Sugar, cocoa butter, cocoa mass, skimmed MILK powder, HAZELNUT pieces (9%), whey powder (from MILK), MILK fat, emulsifier (SOYA lecithins), HAZELNUT paste, flavouring. MAY CONTAIN OTHER NUTS AND WHEAT.",,reference,open_food_facts,
7622400011498,Adventskalender,Milka,"Zucker, Palmöl, Kakaobutter, Süssmolkenpulver (aus Milch), Magermilchpulver, Kakaomasse, Butterreinfett, Sahnepulver (2 %), Emulgator (Sojalecithine), Haselnussmasse, Aromen.",,reference,open_food_facts,
4025700001032,Milka Noisette,Milka,"Zucker, Kakaobutter, _HASELNUSSMASSE_ (13%), Kakaomasse, _MAGERMILCHPULVER_, Süssmolkenpulver (_MILCH_), _BUTTERREINFETT_, Emulgator (_SOJALECITHINE_), Aroma,",,reference,open_food_facts,
4025700001458,Schokolade Joghurt,Milka,"zucker, palmöl, kakaobutter, kakaomasse, magermilchpulver, süssmolkenpulver (aus milch), magermilchjoghurtpulver 2,5%, butterreinfett, emulgator (sojalecithine), haselnussmasse, säuerungsmittel (citronensäure), aromen. Kann enthalten: ander",,reference,open_food_facts,
6035100105504,Milka γάλακτος,Milka,,,reference,open_food_facts,
7622300434373,Бисквити Милка малина,Milka,"Zahăr, sirop de glucoză-fructoză, făină de GRÂU, OUA, apă, unt de cacao, LAPTE praf degresat, amidon din cartofi, masă de cacao, agent de umezire (glicerol), zer praf (din LAPTE), ulei de rapiţă, grăsime din LAPTE, corectori de aciditate (a",,reference,open_food_facts,
7622201521059,Choco Brookie,Milka,"Sucre, farine de BLE, OEUFS, huile de palme, BEURRE pâtissier, pâte de cacao, humectant (glycérol), huile de colza, beurre de cacao, sirop de glucose, LAIT entier en poudre, lactosérum en poudre (de LAIT), cacao en poudre, émulsifiants (E49",,reference,open_food_facts,
7622202257805,Schokolade,Milka,"Zucker, Kakaobutter, MAGERMILCHPULVER, Kakaomasse, Süssmolkenpulver (aus MILCH), BUTTERREINFETT, Emulgator (SOJALECITHINE), HASELNUSSMASSE, Aromen, Kakao: 33%",,reference,open_food_facts,
7622202254172,Choco Croissant Милка шоколад,Milka,"Croissant con relleno (30%) con chocolate (2%) con leche de los Alpes, con una capa (18%) de chocolate con leche de los Alpes y cubierto (4%) con una decoración de chocolate con leche de los Alpes. Ingredientes: azúcar, harina de TRIGO, gra",,reference,open_food_facts,
7622300068295,Milka Caramel,Milka,"Sucre, huile de palme, beurre de cacao, LAIT écrémé en poudre, sirop de glucose, pâte de cacao, lactosérum en poudre (de LAIT), BEURRE concentré, sirop de glucose-fructose, émulsifiants (lécithines de SOJA, E471), pâte de NOISETTE, arômes, ",,reference,open_food_facts,
7622210999368,Strawberry,Milka,"sugar, palm oil, whey powder (from milk), cocoa butter, skimmed milk powder, cocoa mass, milk fat, emulsifiers (soy lecithins, sunflower lecithins), dextrose, flavors, hazelnut paste, dried strawberries (0,2%), maltodextrin, acidifier (citr",,reference,open_food_facts,
7622300650351,Milka - Oreo,Milka,"Sucre, graisses végétales (palme, palmiste), 7 % LAIT écrémé en poudre, beurre de cacao, farine de BLÉ, pâte de cacao, lactosérum en poudre (de LAIT), BEURRE concentré, cacao maigre en poudre (0,7%), émulsifiant (lécithines de SOJA), sirop ",,reference,open_food_facts,
9012200872737,Milka - MMMAX - Choco-Swing- Biscuit,Milka,"Suiker, palmolie, TARWEBLOEM, cacaomassa, cacaoboter, magere MELKPOEDER, weipoeder (van MELK), MELKVET, cacaopoeder (1 %), emulgator (SOJALECITHINEN), glucosestroop, HAZELNOOTPASTA, zout, rijsmiddelen (E500, E503), aroma's (bevatten MELK).",,reference,open_food_facts,
7622210269249,Milka Chips Ahoy!,Milka,"Azúcar, grasa de palma, manteca de cacao, _leche_ desnatada en polvo, pasta de cacao, harina de _trigo_, suero de _leche_ en polvo, grasa de _leche_, emulgente (lecitinas de _soja_), pasta de _avellana_, gasificantes (E503, E500, E341), glu",,reference,open_food_facts,
7622210316185,Choco pause (lot x3),Milka,"Farine de blé 42%, sucre, huile de palme, chocolat au lait du pays alpin 6 % (sucre, beurre de cacao, lait écrémé en poudre, pâte de cacao, lactosérum en poudre (de lait), beurre pâtissier, émulsifiant (lécithines de soja), arôme), cacao ma",,reference,open_food_facts,
7622200000115,Chocolate con Leche con Avellanas Enteras,Milka,"Azúcar, _AVELLANAS_ (20%), manteca de cacao, pasta de cacao, _LECHE_ desnatada en polvo, suero de _LECHE_ en polvo, grasa de _LECHE_, emulgente (lecitinas de _SOJA_), pasta de _AVELLANA_, aroma.",,reference,open_food_facts,
7622210270078,Choco Supreme,Milka,"Chocolat au lait du pays alpin 60% [sucre, beurre de cacao, pâte de cacao, lait écrémé en poudre, lactosérum en poudre (de lait), beurre pâtissier, émulsifiant (lécithines de soja), arôme], farine de blé, graisses végétales (palme, coprah e",,reference,open_food_facts,
3045140280904,Trauben-Nuss,Milka,"Zucker, getrocknete Weintrauben (19%), Kakaobutter, Magermilchpulver, Kakaomasse, Süßmolkenpulver (Milch), Haselnussstückchen (5%), Butterreinfett, Emulgator (Sojalecithin), Haselnussmasse, Aroma.",,reference,open_food_facts,
6111031005574,original  oreo,Oreo,"Farine de Blé, Sucre, Huile Végétale Non Hydrogénée (Palme), Cacao Maigre en Poudre, Amidon de Mais, Sirop de Glucose, Poudres à Lever (E501, E500, E503), Sel, Emulsifiant (Lécithine de Soja-E322), Arôme Artificiel (Vanilline)",,reference,open_food_facts,
6111031005592,Oreo chocolate,Oreo,"sugar, wheat flour, non-hydrogenated vegetable oils, cocoa mass, cocoa powder, glucose-fructose syrup, raising agents (E503, E500, E450), salt, emulsifiers (E322, E476), skimmed milk powder, whey powder, lactose, milk proteins, flavoring",,reference,open_food_facts,
5010029227062,Oreo O's,Oreo,"Getreidemehle (66%) (WEIZENmehl (45%), Reismehl (21%)), Zucker, fettarmes Kakaopulver (7.5%), zerkleinerte Kekse (2.9%) (WEIZENmehl, Zucker, Rapsöl, fettarmes Kakaopulver (0.2%), Glukose-Fruktose-Sirup, WEIZENstärke, Backtriebmittel (Kalium",,reference,open_food_facts,
7622300315263,Original,Oreo,"wheat  flour, sugar, palm oil, rapeseed oil, fat reduced cocoa powder 4,5%,  wheat  starch, glucose-fructose syrup, raising agents (potassium carbonates, ammonium carbonates, sodium carbonates), salt, emulsifiers ( soya  lecithin, sunflower",,reference,open_food_facts,
7622202211043,Milka Oreo 20g,Oreo,,,reference,open_food_facts,
7622210707280,Oreo Original,Oreo,"Farine de BLÉ, sucre, graisse de palme, cacao maigre en poudre 4,6%, amidon de BLÉ, sirop de glucose - fructose, poudre à lever (carbonate acide de potassium, carbonate acide d'ammonium, carbonate acide de sodium), sel, graisse de palmiste,",,reference,open_food_facts,
7622300165622,Mini Oreo,Oreo,"wheat flour, sugar, vegetable fats (palm kernel), defatted cocoa powder 4,6%, wheat starch, glucose-fructose syrup, raising agents (potassium acid carbonate, ammonium acid carbonate, sodium acid carbonate), salt, emulsifiers (soy lecithin, ",,reference,open_food_facts,
7622210018928,Печенье ОРЕО,Oreo,"biscuits cocoa with a filling of creamy taste of vanilla (29%) - protecting: wheat flour, sugar, palm oil, lean cocoa powder 4,6%, wheat starch syrup, fructose, baking powders (carbonates of potassium, carbonate of ammonium, carbonates of s",,reference,open_food_facts,
7622210021506,Oreo Original,Oreo,"Farine de BLÉ, sucre, huile de palme, huile de colza, amidon de BLÉ, cacao maigre en poudre 4,7 %, sirop de glucose-fructose, poudres à lever (carbonates d'ammonium, carbonates de potassium, carbonates de sodium), sel, émulsifiant (lecithin",,reference,open_food_facts,
7622210477431,Oreo Golden,Oreo,"farine de blé, sucre, huile de palme, huile de colza, amidon de blé, sirop de glucose-fructose, poudre à lever (carbonates de sodium, carbonates d'ammonium), sel, émulsifiant (lécithine de soja), arômes.",,reference,open_food_facts,
7622300444185,Oreo,Oreo,"UNBLEACHED ENRICHED FLOUR (WHEAT FLOUR, NIACIN, REDUCED IRON, THIAMINE MONONITRATE (VITAMIN B1), RIBOFLAVIN {VITAMIN B2), FOLIC ACID), SUGAR, PALM AND/OR CANOLA OIL, COCOA (PROCESSED WITH ALKALI), DEXTROSE, HIGH FRUCTOSE CORN SYRUP, BAKING ",,reference,open_food_facts,
7622210625241,oreo golden,Oreo,"Unbleached Enriched Flour (Wheat Flour, Niacin, Reduced Iron, Thiamine Mononitrate {Vitamin B1}, Riboflavin {Vitamin B2}, Folic Acid), Sugar, Canola And/Or Palm Oil, High Fructose Corn Syrup, Salt, Baking Soda, Soy Lecithin, Artificial Flav",,reference,open_food_facts,
7622210480000,Oreo Goldem,Oreo,"trigo flour, sugar, vegetable fats (palm, palmiste), glucose-fructose syrup, trigo starch, salt, gasificants (sodium acid carbonate, ammonium acid carbonate), emulgeants (soy lecithin, sunflower lecithin), flavors, may contain milk,",,reference,open_food_facts,
7622300491217,Galletas de chocolate rellenas de crema bañadas,Oreo,"Azúcar, harina de TRIGO, grasa de palma, grasa de shea, cacao magro en polvo 4,5%, aceite de nabina, LECHE desnatada en polvo, almidón de TRIGO, lactosa (de LECHE), jarabe de glucosa-fructosa, emulgentes (lecitina de SOJA, E492, lecitina de",,reference,open_food_facts,
7622300491165,OREO BAÑADAS BLANCO,Oreo,"with white chocolate (43%), ingredients: sugar, trigo flour, cocoa butter, vegetable fats (palm, palmiste), skim milk in foal, degreased cocoa powder 2,5%, trigo starch, lactose (milk), whey powder, anhydrous milk fat, glucose syrup and fru",,reference,open_food_facts,
7622210956169,s ib m Oreo Brownie,Milka,"zahăr, grăsime de paimier, zer praf (din lapte), unt de cacao, cacao cu conținut redus de grăsime (8,5%), făină de grâu, lapte praf degresat, masă de cacao, grăsime din lapte, emulsifiant (lecitine din soia), sirop de glucoză-fructoză, amid",,reference,open_food_facts,
8934680033422,Oreo Wafer Roll with Vanilla Flavored Cream,Oreo,"Sugar, wheat flour, vegetable oils (palm, palm olein), cocoa powder, maltodextrin, fructose syrup, corn starch, dextrose, salt, emulsifier (E322 (soy)), chocolate and vanilla flavors. May contain milk.",,reference,open_food_facts,
8436575298766,ice cream with oreo cookie pieces,Oreo,"LAIT écrémé réhydraté, biscuits cacaotés fourres gout vanille broyés en petits morceaux 25% (Farine de BLE, sucre, huile de palme, huile de colza, amidon de BLE, cacao maigre en poudre (1%), sirop de glucos fructose, poudres à lever (carbon",,reference,open_food_facts,
7622201120939,Oreo White,Milka,"Zucker, Palmöl, Kakaobutter, MAGERMILCHPULVER, WEIZENMEHL, Süssmolkenpulver aus MILCH), BUTTERREINFETT, Rapsöl, fettarmes Kakaopulver (0,7%), Glukose-Fruktose-Sirup, Emulgator SOJALECITHINE), WEIZENSTÄRKE, Backtriebmittel (E503, E501, E500)",,reference,open_food_facts,
7622210785118,Cake,Oreo,"cocoe cake with vanla plavored filing: sugar, wheat plour, artially hydrogenated and non-ydrogenated vegetale cils (soybean obl, palm, egg, glucose syrup, mumectant from cocda powder, somed molk powder (from vtgetae source (aycerol), sodium",,reference,open_food_facts,
7590011251102,Oreo Original,Oreo,"Galleta [Harina de trigo fortificada (hierro, niacina, zinc, tiamina, riboflavina, ácido fólico), azúcar, aceite vegetal (palma), cacao en polvo, jarabe de azúcar invertido, leudantes (bicarbonato de sodio, bicarbonato de amonio), sal, leci",,reference,open_food_facts,
9120025834725,Fresh Milk-Snack,Oreo,"éta Ainekset: Tumma kaakaoseos (sokeri, kasvirasva (palmunydin, palmu), arin vähärasvainen kaakaojauhe 20 %, emulgointiaine (auringonkukkalesitiini). [lé luonnollinen vanilja-aromi), täysmaito 22,3%, kasvirasvat (palmu, ras, palmunydin, koo",,reference,open_food_facts,
0044000047005,OREO Cookie,Oreo,"unbleached enriched flour (wheat flour, niacin, reduced iron, thiamine mononitrate {vitamin b1}, riboflavin {vitamin b2}, folic acid), sugar, palm and/or canola oil, cocoa (processed with alkali), high fructose corn syrup, leavening (baking",,reference,open_food_facts,
7622210826053,מילקה אוריאו סנדוויץ',Milka,"Sugar, WHEAT flour, cocoa butter, skimmed MILK powder, vegetable fats (palm, palm kernel), Cocoa mass, whey powder (from MILK), MILK fat, fat-reduced cocoa powder (1,5%), glucose-fructose syrup, WHEAT starch, emulsifier (SOYA lecithins), ra",,reference,open_food_facts,
7622210575405,Galleta Oreo Chopeo Espacial,Oreo,"Harina de trigo, azúcares añadidos (azúcar y jarabe de maiz de alta fructosa), grasa vegetal, aceite vegetal, cocoa, leudantes (bicarbonato de sodio, fosfato monocálcico y bicarbonato de amonio), sal yodada, emulsificante (lecitina de soya)",,reference,open_food_facts,
7622202225596,OREO,Oreo,,,reference,open_food_facts,
7622202309232,Gingerbread,Oreo,"WEIZENMEHL, Zucker, Rapsöl, Palmöl, WEIZENSTÄRKE, Glukose-Fruktose-Sirup, Farbstoff (Zuckerkulör), Backtriebmittel (Natriumcarbonate, Ammoniumcarbonate), Speisesalz, Emulgator (SOJALECITHINE), Aromen, Zimtpulver 0,1%. KANN ENTHALTEN: MILCH.",,reference,open_food_facts,
7622210277503,Milka MMMAX Oreo,Milka,"Zucker, pflanzliche Fette (Palm, Palmkern), WEIZENMEHL, MAGERMILCHPULVER, Kakaobutter, Kakaomasse, Süssmolkenpulver (aus MILCH), BUTTERREINFETT, fettarmes Kakaopulver (1,1%), WEIZENSTÄRKE, Glukosesirup, Emulgator (SOJALECITHINE), HASELNUSSM",,reference,open_food_facts,
7622210665850,oreo,Oreo,300 Dimittel pe patinga See 5850&gt;,,reference,open_food_facts,
7590011151112,Oreo Original,Oreo,"Galleta [Harina de trigo fortificada (hierro, niacina, zinc, tiamina, riboflavina, ácido fólico), azúcar, aceite vegetal (aceite de palma), cacao en polvo, jarabe de azúcar invertido, leudantes (bicarbonato de sodio, bicarbonato de amonio),",,reference,open_food_facts,
7622210585633,Bonbons Oreo,Milka,"Zucker, pflanzliche Fette (Palm, Palmkern), Kakaobutter, MAGERMILCHPULVER, Süssmolkenpulver (aus MILCH), Kakaomasse, BUTTERREINFETT, WEIZENMEHL, Emulgator (SOJALECITHINE), HASELNUSSMASSE, fettarmes Kakaopulver (0,2 %), Glukose-Fruktose-Siru",,reference,open_food_facts,
7622210637990,Oreo,Oreo,"wal by %*/ soya recithins, acidity regulator (suurum vγειακή flavouring, may contain milk,cocoa biscuits filled with cream (32%) vanilla flavour, ingredients: wheat marina, sugar, palm fat, rapeseed oil, lean cocoa powder 4,1%, wheat starch",,reference,open_food_facts,
7622202252396,OREO 30/-,Oreo,,,reference,open_food_facts,
3040400220197,Donut,Oreo,"wheat flour, vegetable fats (palm, coconut, (in 
variable proportion)), sugar, small pieces of oreo cocoa biscuits (flour 
wheat: sugar, vegetable oils (palm, palm): lean cocoa powder, syrup 
glucose-fructose, wheat starch, baking powder",,reference,open_food_facts,
8410128670739,Milkshake oreo,Oreo,"Batido (95%) leche 2,0% M.G. (96%), azar, almidón modificado, cacao desgrasado en polvo, sal, esta ante: E-418 y aromas. Galleta de Cacao (5%): harina de trige car, aceite de nabina, cacao magro en polvo (6,5%), jarabe ucosa y fructosa, alm",,reference,open_food_facts,
7622210991889,MMMAX Oreo,Oreo,,,reference,open_food_facts,
0066721026594,Chocolate Sandwich Cookies,Oreo,"WHEAT FLOUR, SUGAR, MODIFIED PALM OIL, VEGETABLE OIL, COCOA, GLUCOSE-FRUCTOSE, WHEAT AND/OR CORN STARCH, SALT, SOY LECITHIN, BAKING SODA, AMMONIUM BICARBONATE, UNSWEETENED CHOCOLATE, ARTIFICIAL FLAVOUR.",,reference,open_food_facts,
6111031005200,6111031005200,Oreo,,,reference,open_food_facts,
7622210404000,Oreo original,Oreo,,,reference,open_food_facts,
9300650452705,OREO Original Choc Cookie Sandwich with Sweet Vanilla Creme,Oreo,"WHEAT FLOUR, SUGAR, VEGETABLE OIL, COCOA POWDER, FRUCTOSE SYRUP, CORNSTARCH, SALT, RAISING AGENTS (500, 503), EMULSIFIER (SOY LECITHIN), FLAVOUR, ANTIOXIDANT (319), MINERALS (IRON, ZINC) VITAMINS (RIBOFLAVIN, THIAMIN, FOLATE).",,reference,open_food_facts,
7622201388515,oreo,Oreo,"farina di frumento, zucchero, oli e grassi vegetali (olio di palma, burro di cacao), latte scremato in polvere, cacao magro in polvere, siero di latte in polvere, zucchero caramellato, sale, agenti lievitanti (carbonati di ammonio), aromi, ",,reference,open_food_facts,
6111031005228,oreo chocolat,Oreo,,,reference,open_food_facts,
7622210384362,Милка орео 300g,Oreo,"sugar, vegetable oils (palm, palm kernels), wheat flour, skimmed milk powder, whey/whey powder (from milk), cocoa butter, cocoa mass, milk fat, fat-reduced cocoa powder/cocoa powder with reduced cocoa butter content 1%, wheat starch/starch,",,reference,open_food_facts,
5413321002045,OREO muffin,Oreo,"Sucre,farine de blé, eau, huile végétales (tournesol, plame, colza (en proportion variable)); morceaux de biscuit cacao foncé (farine de blé, sucre, huiles végétales (colza, plame), cacao maigre en poudre, sirop de glucose-fructose, amidon ",,reference,open_food_facts,
7622210707253,Double Oreo,Oreo,"Sucre, farine de blé, huiles végétales (palme, palmiste), cacao maigre en poudre 3,6 %, amidon de blé, sirop de glucose-fructose, poudre à lever (carbonate acide de potassium, carbonate acide dlammonium, carbonate acide de sodium), sel, ému",,reference,open_food_facts,
7622210575399,Chopeo espacial,Oreo,,,reference,open_food_facts,
0019320001981,Chocolate Sandwich Cookies,Oreo,"UNBLEACHED ENRICHED FLOUR (WHEAT FLOUR, NIACIN, REDUCED IRON, THIAMINE MONONITRATE VITAMIN B1], RIBOFLAVIN (VITAMIN B2), FOLIC ACID), SUGAR, PALM OIL, SOYBEAN AND/OR CANOLA OIL, COCOA (PROCESSED WITH ALKALI), HIGH FRUCTOSE CORN SYRUP LEAVEN",,reference,open_food_facts,
7622201391306,OREO OREO REMIX FLAVOUR OREO UNLO ReMix TIRAMISU &,Oreo,"Suiker, TARWEBLOEM, palmolie, TARWEZETMEEL, koolzaadolie, wertangaben magere cacaopoeder 3,7 %, glucose-fructosestroop, rijsmiddelen (kaliumcarbonaten, 96/28,49 natriumcarbonaten, ammoniumcarbonaten), zout, emulgator (SOJALECITHINEN), gekar",,reference,open_food_facts,
7622210704742,Milka+oreo Riegel,Oreo,"2odker, pflanlidhe Fette Pain Butterreinfett fettarmes Kakaopulver (19% Weizenstärke inuigatoren mhydrosencarbonat, liatrumhydrogencarbonat, Speisesalz, Aromen Haselnss emefulung Nährwertinfomationen: siebe unter der LascheChocalat uit des ",,reference,open_food_facts,
7622201756743,Sandwich Biscuit,Oreo,"Refined Wheat Flour (Maida), Sugar, Fractionated Fat, Palmolein, Cocoa Solids (3%*), Invert Sugar, Leavening Agents (500(ii),503 (ii)), Starch, lodised Salt, Emulsifier (322), Nature Identical Flavouring Substances",,reference,open_food_facts,
7622201802024,Mini Oreo,Oreo,"wheat flour, sugar, palm oil, rapeseed oil, fat reduced cocoa powder 4,3 %, wheat starch, glucose-fructose syrup, raising agents (ammonium carbonates, potassium carbonates, sodium carbonates), salt, emulsifier (soya lecithins), acidity regu",,reference,open_food_facts,
6901668005896,Galleta de trigo sabor matcha,Oreo,"Oreo Cookie-Green Tea Ice Cream
Flavour with Sweeteners
Ingredients: Wheat Flour, Sugar,
Vegetable Oil, Sweeteners (E420
E968), Raising Agent (E500), Emulsifier
(E322 Soya Lecithin), Acidity
Regulators (E503, E330), Cocoa
Powder, Starch, Gr",,reference,open_food_facts,
4893049150012,Oreo baby monster original,Oreo,"_WHEAT_ FLOUR, SUGAR, PALM OIL, COCOA POWDER, FRUCTOSE SYRUP, SODIUM BICARBONATE 500ii, AMMONIUM BICARBONATE 503ii, CORNSTARCH, SALT, _SOY_ LECITHIN E322, VANILLA FLAVOR",,reference,open_food_facts,
7622201388685,Oreo Vanilla Latte,Oreo,"Sugar, WHEAT flour, palm oil, WHEAT starch, rapeseed oil, fat reduced cocoa powder 3.7 %, glucose-fructose syrup, raising agents (potassium carbonates, sodium carbonates, ammonium carbonates), salt, emulsifier (SOYA lecithins), caramelised ",,reference,open_food_facts,
7622202236918,Original Oreo,Oreo,"Refined Wheat Flour (Maida), Sugar, Fractionated Fat, Palmolein, Invert Sugar, Cocoa Solids (2%), Leavening Agents (500(ii), 503(ii)), Starch, lodised Salt, Emulsifier (322), Nature Identical Flavouring Substances. Allergen Information: Con",,reference,open_food_facts,
7622201123884,Crunchies original,Oreo,"Farine de BLÉ, sucre, huile de palme, huile de colza, amidon de BLÉ cacao maigre en poudre 4,5 %, sirop de glucose fructose, poudres à lever (carbonates d'ammonium, carbonates de potassium, carbonates de sodium), sel, émulsifiant (lecithine",,reference,open_food_facts,
7622210584519,golden,Oreo,"Farine de blé, sucre, huile de colza, huile de palmé, sirop de glucose-fructose, amidon de blé m, poudre à lever (carbonates de sodium, carbonates d'ammonium) sel, émulsifiants, (lécithines de soja, lecithines de tournesol), arômes",,reference,open_food_facts,
7622210309316,Орео,Oreo,"www.mdlz.ru Мнщевая ценцосте 63W36d / Qida deyer! Энергетическая ценность / Энергетикалых кундылыты / Energetik qiymati / 3606330N3IWI V0SRIWod/Eneridayari 100 rg/8/q 9,5rg/8/q 1988 кДж/kJ/38/KC | 189 кДж/kJ/33KC 473 ккал/kkal/33dW 45 ккал/",,reference,open_food_facts,
7622210766177,t ib oreo blag,Oreo,"wheat flour, sugar, palm oil, rapeseed oil, wheat starch, low-fat cocoa powder 4.7%, glucose-fructose syrup, raising agents (ammonium carbonates, potassium carbonates, sodium carbonates), salt, emulsifier (soy lecithin), acidity regulator (",,reference,open_food_facts,
7622300830151,Biscoito Original Batman Oreo Pacote 90g,Oreo,"ANUTRICIONAL: Porc�o de 30 g (3 biscoitos): Vator energetico 145 kcal =
oidratos 219(7 VD*), dos quais: Acucares 12 g (**): Proteinas 1,5 9
s 5.99 1 VD) Ges ouais: Corduras saturadas 1,7 g (8 % VD*):
industria Brasileira. Fabricado por: MON",,reference,open_food_facts,
7622201413705,Oreo Spooky - Sabor vainilla,Oreo,"Harina de _trigo_, azúcar, grasa de palma, aceite de nabina, cacao magro en polvo 4,3 %, almidón de _trigo_, jarabe de glucosa y fructosa, gasificantes (carbonatos de amonio, carbonatos de potasio, carbonatos de sodio), sal, emulgente (leci",,reference,open_food_facts,
0044000060130,Double stuff,Oreo,"Sugar, unbleached enriched flour (wheat flour, niacin, reduced iron, thiamine mononitrate [vitamin B1], riboflavin [vitamin B2], folic acid), palm oil, soybean and/or canola oil, cocoa (processed with alkali), high fructose corn syrup, leav",,reference,open_food_facts,
7622300442503,Oreo Blueberry Ice Cream,Oreo,"wheat flour, sugar, vegetable oil (palm), cocoa powder (3,9%), fructose syrup, raising agents (e500(ii), e503 (ii)), corn starch, dextrose, salt, emulsifier (soy lecithin), flavourings (ice-cream, blueberry, blackcurrant, vanilla), colour (",,reference,open_food_facts,
7622010001854,Oreo original,Oreo,"Wheat flour, sugar, palm oil, rapeseed oil, fat reduced cocoa powder 4,6 %,wheat starch, glucose-fructose syrup, raising agents | Sugars ( (potassium carbonates, ammonium carbonates, sodium carbonates), salt, emulsifiers (soya lecithin, sun",,reference,open_food_facts,
0044000069955,Oreo Snacksters,Oreo,"SUGAR, BLEACHED ENRICHED FLOUR (WHEAT FLOUR, NIACIN, REDUCED IRON, THIAMIN MONONITRATE (VITAMIN B1], RIBOFLAVIN (VITAMIN B2], FOLIC ACID), PALM OIL, FRUCTOSE, CORNSTARCH, WATER, COCOA (PROCESSED WITH ALKALI), SOYBEAN AND/OR CANOLA OIL, GLYC",,reference,open_food_facts,
0044000077088,Golden Gluten Free Oreo,Oreo,"SUGAR, WHITE RICE FLOUR, TAPIOCA STARCH, PALM OIL, SOYBEAN AND/OR CANOLA OIL, WHOLE DAT FLOUR, CORN STARCH, INVERT SUGAR, SALT, XANTHAN GUM, BAKING SODA, SOY LECITHIN, NATURAL AND ARTIFICIAL FLAVOR",,reference,open_food_facts,
0066721028927,Oreo à l'érable,Oreo,"sucres, farine de blé, huile de palme modifié, huile végétale, amidon de maïs, sel, bicarbonate de sodium, lécithine de soja, arômes naturels et artificiel, tartrazine, jaune soleil FCF, Bleu brillant FCF.",,reference,open_food_facts,
7622201820279,Biscuit,Oreo,"Farine de BLÉ, sucre, huile de palme, huile de colza, amidon de BLÉ, cacao maigre en poudre 4,7%, sirop de glucose-fructose, poudres à lever (carbonates d'ammonium, carbonates de potassium, carbonates de sodium), sel, émulsifiant (lécithine",,reference,open_food_facts,
4892642101922,Oreo chocolate,Oreo,"Wheat flour, sugar, palm oil, INS 319, cocoa powder, fructose syrup, INS 500(i), INS 503(ii), corn starch, salt, INS 322, flavoring",,reference,open_food_facts,
0044000081425,Oreo Loaded,Oreo,"SUGAR, UNBLEACHED ENRICHED FLOUR (WHEAT FLOUR, NIACIN, REDUCED IRON, THIAMINE MONONITRATE [VITAMIN B1], RIBOFLAVIN [VITAMIN B2], FOLIC ACID), PALM OIL, CORNSTARCH, SOYBEAN AND/OR CANOLA OIL, DEXTROSE, COCOA (PROCESSED WITH ALKALI), HIGH FRU",,reference,open_food_facts,
7622210544928,Milka Oreo White,Milka,"Zahăr, ulei de palmier, unt de cacao, zer praf (din lapte), lapte praf degresat, făină de grâu, grăsime din lapte, cacao cu conținut redus de grăsime (0,7%), sirop de glucoză-fructoză, emulsifiant (lecitine din soia), amidon din grâu, agenț",,reference,open_food_facts,
5010029227044,Oreo O's,Oreo,"Cereal Flours (66%) (WHEAT, Rice), Sugar, Fat Reduced Cocoa Powder, Oreo Crumb (2.8%) (WHEAT Flour, Sugar, Rapeseed Oil, Fat Reduced Cocoa Powder, Glucose Fructose Syrup, WHEAT Starch, Raising Agents (Potassium Carbonate, Ammonium Carbonate",,reference,open_food_facts,
7622300722199,Galletas Oreo 126 GR,Oreo,,,reference,open_food_facts,
7622210785145,Oreo cake,Oreo,"Gâteau au cacao avec remplissage au goût vanille (sucre, farine de blé, huile de palme, œuf, sirop de glucose, humectant (E422), poudre de cacao, lait écrémé en poudre, poudres à lever (E450, E500), correcteurs d'acidité (E330, E262, E260),",,reference,open_food_facts,
7622210835334,Choco Brownie,Oreo,"Farina di FRUMENTO, zucchero, olio di palma, olio di colza, cacao magro in polvere 6,5%, amido di FRUMENTO, sciroppo di glucosio-fruttosio, agenti lievitanti (carbonati di potassio, carbonati di ammonio, carbonati di sodio), sale, emulsiona",,reference,open_food_facts,
7622210635105,OREO,Oreo,"wheat flour, sugar, palm oil, rapeseed oil, fat reduced cocoa powder 4,5 %, wheat starch, glucose-fructose syrup, raising agents (potassium carbonates, ammonium carbonates, sodium carbonates), salt, emulsifiers (soya lecithin, sunflower lec",,reference,open_food_facts,
7622201757210,Original Oreo,Oreo,"Refined Wheat Flour (Maida), Sugar, Fractionated Fat, Palmolein, Invert Sugar, Cocoa Solids (2%), Leavening Agents (500(ii), 503(ii)), Starch, lodised Salt, Emulsifier (322), Nature Identical Flavouring Substances. Allergen Information: Con",,reference,open_food_facts,
7622300761347,Oreo Mini Stuffed With Vanilla Cream Cookies imp,Oreo,Energi dari Lemak/Energy from Fat INFORMASI NILAI GIZI/NUTRITION INFORMATION 「Takaran Saji/Serving Size 20.4g (7 Sandwich/Sandwiches) 3 Saian per Kemasan/Servings per Pack 3 JUMLAH PER SAJIAN/AMOUNT PER SERVING Energi Total/Total Energy Per,,reference,open_food_facts,
0066721026600,Chocolate Sandwich Cookies,Oreo,"sugars (sugar, glucose-fructose), wheat flour, modified palm oil, vegetable oil, cocoa, wheat and/or corn starch, salt, soy lecithin, baking soda, ammonium bicarbonate, unsweetened chocolate, artificial flavour. contains: wheat, soy. ingréd",,reference,open_food_facts,
7622201391272,Oreo Remix - Tiramisu & Vanilla Flavour,Oreo,"Zucker, WEIZENMEHL, Palmöl, WEIZENSTÄRKE, Rapsöl, fettarmes Kakaopulver 3,7%, Glukose-Fruktose-Sirup, Backtriebmittel (Kaliumcarbonate, Natriumcarbonate, Ammoniumcarbonate), Speisesalz, Emulgator (SOJALECITHINE), karamellisierter Zucker, Sä",,reference,open_food_facts,
5060811383249,Grenade Carb Killa,Oreo,"Protein Blend (Calcium Caseinate (Milk), Whey Protein Isolate (Milk)), Milk Chocolate with Sweetener (20%) (Sweetener: Maltitol, Cocoa Butter, Whole Milk Powder, Cocoa Mass, Emulsifier: Soy Lecithin, Natural Flavouring), Bovine Collagen Hyd",,reference,open_food_facts,
7622201402684,Oreo Dutch Cocoa Wafer,Oreo,"sugar, wheat flour, palm oil, cocoa powder (3,5%), corn starch, emulsifier (e322 (soy)), salt, whey (milk), raising agent (e500(ii)), vanilla flavouring,",,reference,open_food_facts,
0044000006804,mini,Oreo,"UNBLEACHED ENRICHED FLOUR (WHEAT FLOUR, NIACIN, REDUCED IRON, THIAMINE MONONITRATE {VITAMIN B1}, RIBOFLAVIN {VITAMIN B2}, FOLIC ACID), SUGAR, PALM OIL, CANOLA OIL, DEXTROSE, COCOA PROCESSED WITH ALKALI, HIGH FRUCTOSE CORN SYRUP, LEAVENING (",,reference,open_food_facts,
0044000060246,Golden Double Stuf Oreo,Oreo,"Sugar, unbleached enriched flour (wheat flour, niacin, reduced iron, thiamine mononitrate (vitamin B1), riboflavin (vitamin B2), folic acid), palm oil, soybean and/or canola oil, high fructose corn syrup, salt, baking soda, soy lecithin, na",,reference,open_food_facts,
7622202045617,Oreo Gingerbread,Oreo,"_vetemjöl_, socker, rapsolja, palmolja, _vetestärkelse_, glukos-fruktossirap, färgämne (sockerkulör), bakpulver (natriumkarbonater, ammoniumkarbonater), salt, emulgeringsmedel (_sojalecitiner_), aromer, kanelpulver.",,reference,open_food_facts,
0044000014733,WHITE FUDGE COVERED SANDWICH COOKIES,Oreo,"Sugar, unbleached enriched flour (wheat flour, niacin, reduced iron, thiamine mononitrate {vitamin b1}, riboflavin {vitamin b2}, folic acid), palm kernel oil, palm oil, milk, cocoa (processed with alkali), high fructose corn syrup, nonfat m",,reference,open_food_facts,
7622300337894,Oreo Original,Oreo,,,reference,open_food_facts,
8051369003795,OREO ICE CREAM MINI SANDWICHES,Oreo,,,reference,open_food_facts,
3168930002987,Cuites au four nature,Lay's,"Flocons de pommes de terre (65%),amidon,huile de tournesol,sucre,base aromatisante sel de mer (sel de mer, arômes),émulsifiant (lécithine de tournesol),colorant (norbixine de rocou)",,reference,open_food_facts,
3168930168131,Chips recette paysanne nature,Lay's,"Pommes de terre (65%),huiles végétales (tournesol, colza, maïs en proportion variable),sel",,reference,open_food_facts,
3168930167983,Pomme de terre nature,Lay's,"Pommes de terre (66%),huiles végétales (tournesol, colza, maïs en proportion variable),sel",,reference,open_food_facts,
3168930171737,Chips nature,Lay's,"Pommes de terre (65%),huiles végétales (tournesol, colza, maïs en proportion variable),sel",,reference,open_food_facts,
3168930168195,Chips paysanne nature,Lay's,"Pommes de terre (65%),huiles végétales (tournesol, colza, maïs en proportion variable),sel",,reference,open_food_facts,
3168930174558,chips saveur barbecue,Lay's,"Pommes de terre (62%), huiles végétales (tournesol, colza), base aromatisante barbecue (sucre, arôme, paprika en poudre, protéine de maïs hydrolysée, dextrose, oignon en poudre, chlorure de potassium, farine de riz, sel, tomate en poudre, a",,reference,open_food_facts,
3168930171685,Lays,Lay's,"pommes de terre (65%), hiules vegetales (tournesol, colza en proportion variable), sel, antioxydants (extraits de romarin, acide ascorbique, extrait riche en tocopherols, acide citrique).",,reference,open_food_facts,
3168930000998,3D's Bugles goût nature,Lay's,"corn flour, sunflower oil (31%), aroma, salt [flavourings, wheat flour ( wheat ), flavour enhancers (monosodium glutamate, guanylate disodium, inosinate disodium salt), paprika extract], sugar, salt,",,reference,open_food_facts,
3168930174585,Chips  barbecue,Lay's,"Pommes de terre (62%), huiles végétales (tournesol, colza en proportion variable), base aromatisante barbecue [sucre, arôme, paprika en poudre, protéine de maïs hydrolysée, dextrose, oignon en poudre, chlorure de potassium, farine de riz, s",,reference,open_food_facts,
3168930168043,Recette à l'ancienne,Lay's,"Pommes de terre (66%),huiles végétales (tournesol, colza, maïs en proportion variable),sel",,reference,open_food_facts,
3168930175186,Chips saveur poulet rôti,Lay's,"pommes de terre, huiles végétales (tournesol, colza en proportion variable), sucre, chlorure de potassium, sel, arômes, oignon en poudre, sauge, acidifiant (acide citrique), colorant (extrait de paprika), antioxydants (extraits de romarin, ",,reference,open_food_facts,
3168930167929,Lay's Paysanne saveur oignons de Roscoff caramélisé,Lay's,"Pommes de terre (63%),huiles végétales (tournesol, colza, maïs en proportion variable),base aromatisante oignon de Roscoff caramélisé [farine de BLÉ, sucre, poudre de babeurre (LAIT), arôme naturel, acidifiant (acide lactique), sel, poudre ",,reference,open_food_facts,
3168930000970,3D's Bugles goût fromage,Lay's,"Farine de maïs,huile de tournesol,base aromatisante fromage [arômes, poudre de fromage (LAIT), ail et oignon en poudre, exhausteurs de goût (glutamate monosodique, guanylate disodique, inosinate disodique), chlorure de potassium, poudre de ",,reference,open_food_facts,
3168930001915,Lay's 3D's Bugles goût cacahuète,Lay's,"Farine de maïs,huile de tournesol ,CACAHUÈTES (10%),base aromatisante cacahuète [arômes (contiennent ORGE, BLÉ, NOISETTE, LAIT), farine de BLÉ, exhausteur de goût (glutamate monosodique), poudre de cacao, colorant (extrait de paprika)],sucr",,reference,open_food_facts,
8410199002406,Horno Al punto de sal,Lay's,"Copos de patata (65%), almidón, aceite de girasol, azúcar, aroma a sal marina [sal marina (0,5%), sal (0,3%), aromas], emulgente (lecitina de girasol), colorante (norbixina de bija).",,reference,open_food_facts,
8410199023092,Gourmet Original,Lay's,"Patatas, aceite de girasol, sal.",,reference,open_food_facts,
8901491101842,Lay's Potato Chips,Lay's,"potato, edible vegetable oil (sunflower oil, corn oil, and/or canola oil), spices and condiments (onion powder, chilli powder, dry mango powder, coriander powder, ginger powder, garlic powder, black pepper powder, turmeric powder, cumin pow",,reference,open_food_facts,
3168930175122,Lay’s saveur emmental,Lay's,"Pommes de terre (62%), huiles végétales (tournesol, colza en proportion variable), base aromatisante emmental [poudre de petit-lait, chlorure de potassium, sucre, sel, arôme (dont lait), fromage en poudre (lait), colorant (extrait de paprik",,reference,open_food_facts,
3168930000101,Chips saveur barbecue,Lay's,"Pommes de terre,huiles végétales (tournesol, colza, maïs, en proportion variable),base aromatisante barbecue [sucre, arôme (dont SOJA), paprika, poudre d'oignon, poudre de tomate, poudre d'ail, correcteurs d'acidité (acide citrique, acide m",,reference,open_food_facts,
3168930000989,Lay's 3D's Bugles goût bacon,Lay's,"corn flour, sunflower oil (31 %), basic flavouring bacon [flavourings (contains soya , wheat ), flavour enhancers (monosodium glutamate, 5'-ribonucleotide disodium salt), hydrolyzed vegetable protein (wheat, soy , celery ), dextrose ( wheat",,reference,open_food_facts,
3168930175159,Chips Saveur Paprika,Lay's,"Pommes de terre (62%), huiles végétales (tournesol, colza en proportion variable), base aromatisante paprika [sucre, paprika en poudre, sel, chlorure de potassium, oignon en poudre, arômes, fructose, ail en poudre, colorant (extrait de papr",,reference,open_food_facts,
8901491101833,Lays Classics Salted 20rs,Lay's,"Potato, Edible Vegetable Oil

(Palmolein Oil), &quot;Seasoning (Maltodextrin, lodised Salt, &quot;Spices & Condiments, Sugar, Flavour (Natural and Nature Identical Flavouring Substances), Anticaking Agent (551), Flavour Enhancers (627, 631)",,reference,open_food_facts,
3168930169316,Lay's Recette à l'ancienne nature,Lay's,"Pommes de terre (66%),huiles végétales (tournesol, colza, maïs en proportion variable),sel",,reference,open_food_facts,
3168930168229,Lay's Recette paysanne nature 295 g + 10% offert,Lay's,"Pommes de terre (65%),huiles végétales (tournesol, colza, maïs en proportion variable),sel",,reference,open_food_facts,
3168930175326,Chips Saveur Sel & Vinaigre,Lay's,"Pommes de terre (63%), huiles végétales (tournesol, colza en proportion variable), base aromatisante,  sel , vinaigre [arômes, acidifiants (acide citrique, acide malique), chlorure de potassium, sel, dextrose, sucre, extrait de levure, anti",,reference,open_food_facts,
8901491503059,West Indies' Hot 'n' Sweet Chilli Potato Chips,Lay's,"Potato, Edible Vegetable Oil (Palmolein Oil), *Seasoning (Sugar, Maltodextrin, lodised Salt, Flavour (Natural and Nature Identical Flavouring Substances), &quot;Spices & Condiments, Flavour Enhancers (627 & 631), Edible Vegetable Oil (Palm,",,reference,open_food_facts,
8710398160829,Oven baked original chips,Lay's,"Aardappelvlokken (65%), zetmeel (14%), zonnebloemolie, suiker, zeezout smaak (zeezout, zout, aroma's), emulgator (lecithinen), kleurstof (annatto norbixin),",,reference,open_food_facts,
3168930007159,Lay's 3D's Bugles goût fromage format familial,Lay's,"Farine de maïs,huile de tournesol,base aromatisante fromage [arômes, poudre de fromage (LAIT), ail et oignon en poudre, exhausteurs de goût (glutamate monosodique, guanylate disodique, inosinate disodique), chlorure de potassium, poudre de ",,reference,open_food_facts,
4062139005860,Lays Salted Chips,Lay's,"potatoes, vegetable oils (maize, sunflower, rapeseed in variable proportions by weight), salt,",,reference,open_food_facts,
3168930176325,Paysanne saveur sel et vinaigre de cidre de Normandie.,Lay's,"Pommes de terre (65%), huiles végétales (tournesol, maïs, colza en proportion variable), base aromatisante sel et vinaigre de cidre de Normandie [vinaigre de cidre de Normandie en poudre, sel, arôme naturel, sucre, vinaigre d'alcool en poud",,reference,open_food_facts,
3168930176352,"Chips paysanne saveur poulet, moutarde et miel",Lay's,"Pommes de terre (65%), huiles végétales (tournesol, mais, colza en proportion variable), base aromatisante poulet moutarde de Dijon et miel [sucre, farine de riz, extrait de levure, chlorure de potassium, vinaigre d'alcool en poudre, miel e",,reference,open_food_facts,
3168930007900,Fritelle goût nature,Lay's,"farine de maïs, granules de pommes de terre ( 29%), huile de colza, base aromatisante, sel, arômes, glutamate monosodique, guanylate disodique, inosinate disodique, sucre, extrait de paprika",,reference,open_food_facts,
0028400090858,Classic Potato Chips,Lay's,"pasteurized milk, cheese cultures, salt, microbial enzymes, annatto color",,reference,open_food_facts,
8901491503022,Lays India's Magic Masala,Lay's,"Potato (83%), Edible Vegetable Oil, *Seasoning (Spices and condiments, Maltodextrin, lodised Salt, Sugar, Flavour (Natural and Nature Identical Flavouring Substances), Edible Vegetable Oil (Sunflower Oil, Palm Oil), Flavour Enhancers (627, ",,reference,open_food_facts,
3168930171764,Chips nature,Lay's,"Pommes de terre (65%),huiles végétales (tournesol, colza, maïs en proportion variable),sel",,reference,open_food_facts,
8410199030904,3D's Bugles,Lay's,"Sémola de maíz (70%), aceites vegetales (maíz y girasol en proporciones variables), aroma a queso y bacon [suero de leche en polvo, sal, queso en polvo (de leche), aromas (contiene leche), potenciadores del sabor (glutamato monosódico, guan",,reference,open_food_facts,
3168930171816,Lay's Nature 6 x 25 g,Lay's,"Pommes de terre (65%),huiles végétales (tournesol, colza, maïs en proportion variable),sel",,reference,open_food_facts,
5941000032190,Lay's Rumeniți În Cuptor Sare,Lay's,"Fulgi din cartofi (61%), amidon, ulei de rapiță, zahăr, emulsifianți (lecitină, mono - şi digliceride ale acizilor graşi), sare de mare (0,48%), sare (0,32%), arome, dextroză, corector de aciditate (acid citric). Poate conţine grâu.",,reference,open_food_facts,
8901491504784,West Indies hotn sweet chilli,Lay's,"Potato, Edible Vegetable Oil (Palmolein, Sunflower Oil), Sugar, Maltodextrin, Iodised Salt, Natural and Nature Identical Flavouring Substances, Spices ,  Condiments, Flavour Enhancers (627 ,  631), Edible Vegetable Oil (Palm, Sunflower, Pea",,reference,open_food_facts,
8710398532248,SE Lays Paprika Flavour,Lay's,Lay's Paprika Flavour MAX PRIKA VA PA NUTRI,,reference,open_food_facts,
3168930008121,Lay's saveur spicy,Lay's,"potatoes 61%, vegetable oils (sunflower, rapeseed, in variable proportion), base flavouring cream and spices [sugar, flavourings (with milk ), cream powder (from milk ), whey powder, spices (including chili powder), correctors of acidity (d",,reference,open_food_facts,
0028400183820,Baked Original,Lay's,"Dried potatoes, olive oil, corn starch, sugar, sea salt, soy lecithin, dextrose, and annatto extract (color)",,reference,open_food_facts,
8710398160856,oven mediterranean herbs,Lay's,"Aardappelvlokken (63%), zetmeel (14%), zonnebloemolie, zout, specerijen en kruiden (bevat ui, basilicum, knoflook, tijm, mediterraanse kruidensmaak [weipoeder (bevat melk), aroma's (bevat peterselie, rozemarijn), kaliumchloride, suiker, kle",,reference,open_food_facts,
3168930167956,Lay's Paysanne saveur fromage frais ail de Garonne et fines herbes,Lay's,"Pommes de terre (63%),huiles végétales (tournesol, colza, maïs en proportion variable),base aromatisante fromage frais ail de Garonne et fines herbes [poudre de petit-LAIT, sel, ail de Garonne en poudre, fromage en poudre (LAIT), crème frai",,reference,open_food_facts,
3168930177643,Chips saveur paysanne tapenade,Lay's,"Pommes de terre, huiles végétales (tournesol, colza en proportion variable), base aromatisante tapenade [farine de riz, sucre, sel de mer, ail en poudre, extrait de levure, chlorure de potassium, tomate en poudre, extrait de champignon, pap",,reference,open_food_facts,
8410199023074,Sabor Campesinas,Lay's,"Patatas fritas con condimento preparado de vegetales y especias Ingredientes: patatas, aceites vegetales (girasol y colza en proporciones variables), aroma a vegetales y especs [azúcar, aromas, sal, cebolla en polvo, cloruro de potasio, pim",,reference,open_food_facts,
3168930168283,Recette à l’Ancienne,Lay's,"Pommes de terre (66%),huiles végétales (tournesol, colza, maïs en proportion variable),sel",,reference,open_food_facts,
3168930174983,Chips Saveur Barbecue,Lay's,"Pommes de terre (62%), huiles végétales (tournesol, colza, maïs en proportion variable), base aromatisante barbecue [sucre, sel, arôme (dont soja), paprika en poudre, dextrose, oignon en poudre, tomate en poudre, ail en poudre, correcteurs ",,reference,open_food_facts,
3168930174655,Lay's barbecue,Lay's,"Pommes de terre (62%), huiles végétales (tournesol, colza en proportion variable), base aromatisante barbecue [sucre, arôme, paprika en poudre, protéine de maïs hydrolysée, dextrose, oignon en poudre, chlorure de potassium, farine de riz, s",,reference,open_food_facts,
3168930168256,Lay's Recette paysanne nature maxi format,Lay's,"Pommes de terre (65%),huiles végétales (tournesol, colza, maïs en proportion variable),sel",,reference,open_food_facts,
6221031497911,Lay's Edible Salt,Lay's,"fresh potatoes, vegetable oil, edible salt,",,reference,open_food_facts,
8710398526016,Naturel,Lay's,"Aardappelen, plantaardige oliën (zonnebloem, koolzaad, maïs), zout",,reference,open_food_facts,
5941000032233,Lay's Oven Baked Iaurt și plante aromatice,Lay's,"Fulgi din cartofi (59%), amidon, ulei de rapiţă, mix de ingrediente cu gust de iaurt şi plante aromatice [zer pudră din lapte, sare, usturoi pudră, potențiatori de aromă (monoglutamat de sodiu, 5'-ribonucleotide disodice), clorură de potasi",,reference,open_food_facts,
5941000032181,Sare,Lay's,"Chipsuri din cartofi cu sare. MD Ingrediente: cartofi, uleiuri vegetale frapija, floarea soarelui, In proporti variabile, antioxidang (extracte de ruzmarin, acid ascorbic, extract bogat in tocoferol, acid citrici, sare (1,1%). «Картофен чип",,reference,open_food_facts,
3168930001003,Lay's 3D's Bugles goût paprika,Lay's,"corn flour, sunflower oil (31%), sugar, paprika flavouring base (flavourings (contains wheat and milk), hydrolyzed vegetable protein (soy and wheat), flavour enhancer (monosodium glutamate), onion powder, tomato powder, acidity corrector (c",,reference,open_food_facts,
0028400199140,Classic,Lay's,"POTATOES, VEGETABLE OIL (CANOLA, CORN, SOYBEAN AND/OR SUNFLOWER OIL), AND SALT",,reference,open_food_facts,
3168930168070,Lay's Recette à l'ancienne nature 295 g + 10% offert,Lay's,"Pommes de terre (66%),huiles végétales (tournesol, colza, maïs en proportion variable),sel",,reference,open_food_facts,
5900259128890,Lays smak zielona cebulka,Lay's,"Ziemniaki, oleje roślinne [rzepakowy, słonecznikowy, w zmiennych proporcjach; przeciwutleniacze (ekstrakty z rozmarynu, kwas askorbinowy. mieszanina tokoferoli, kwas cytrynowy), preparat serwatkowy z mleka. sól, cebula w proszku, cukier, wz",,reference,open_food_facts,
3168930003357,Chips Lays Nature,Lay's,"potatoes, vegetable oils 34% (sunflower, rapeseed), salt,",,reference,open_food_facts,
8710398518336,Super chips deep american BBQ flavour,Lay's,"potatoes, vegetable oils (sunflower, rapeseed, but, in varying proportion), barbecue flavouring base [flavourings (including tomato, onion and garlic powder), sugar, wheat flour, smoked glucose (wheat), glucose (wheat), acidifying (citric a",,reference,open_food_facts,
3168930168104,Lay's Recette à l'ancienne nature maxi format,Lay's,"Pommes de terre (66%),huiles végétales (tournesol, colza, maïs en proportion variable),sel",,reference,open_food_facts,
8410199026822,Patatas Fritas Al Punto De Sal,Lay's,T Lay's AL PU NTO DE SAL Pack Económic,,reference,open_food_facts,
8901491502032,Lay's American Style Cream & Onion Flavour,Lay's,"Potato, Edible Vegetable Oil (Palmolein, Sunflower Oil), 'Seasoning (Sugar, iodised Salt, Milk Solids, ^Spices & Condiments, Maltodextrin, Flavour (Natural and Nature Identical Flavouring Substances), Cheese Powder, Hydrolysed Vegetable Pro",,reference,open_food_facts,
5601363001845,Originais,Lay's,"Batatas, óleo de milho e sal.",,reference,open_food_facts,
8710398524197,Lays max paprika,Lay's,"Aardappelen, plantaardige olien (zonnebloem, koolzaad in wisselende hoeveelheden) parkmak (suiker, zout, paprikapoeder, gerookte zoete paprikapoeder, uienpoeder, knoflookpoeder, as stof paprika extract) fructose cayennepeper, voedingszuur (",,reference,open_food_facts,
4062139005888,Sour Cream & Onion,Lay's,"Kartoffeln, pflanzliche Öle [Raps, Sonnenblume, Antioxidationsmittel (Extrakt aus Rosmarin, Ascorbinsäure, Tocopherolhaltige Extrakte, Citronensäure)], Molkenpulver (Milch), Salz, Zwiebelpulver, Zucker, Aromen, Sauerrahmpulver (Milch), Butt",,reference,open_food_facts,
6221031497920,Lay's cheese flavor,Lay's,Fresh Potatoes - Vegetable oil Cheese flavor (Natural flavoring substances Artificial flavoring substances) [Whey powder Edible salt - Malt dextrin - Soya protein - Soya flour Vegetable oil Parsley powder - Anti caking agent (INS 551) Emuls,,reference,open_food_facts,
6221031497878,Chips,Lay's,"Fresh Potatoes, Vegetable oil, Edible salt, يحفظ مکان جاف وبارد بعيدا عن الشمس لايمکن الاحتفاظ به العبوة ذاتها بعد فتحها, Produced by Chipsy, for Food Industries Co, S,A,E under appointment from PEPSICO Inc, Purchase, NY الغذائية ش,م,م بتصر",,reference,open_food_facts,
8410199025355,Patatas fritas corte fino,Lay's,"8 410199 025357,quot,,gt,",,reference,open_food_facts,
5941000031924,lays cașcaval,Lay's,"Potatoes, vegetable oils (corn, sunflower, canola, in varying proportions), cheese-flavored ingredient mix [whey powder from milk, salt, potassium chloride, flavors (contain milk), powdered cheese 0.08% (contains milk), onion, acidifier (ci",,reference,open_food_facts,
8410199026734,Al punto de sal,Lay's,"one hundred sun homo from trgo ex french fries ingredients: potatoes, vegetable oils (sunflower and rapeseed in variable proportions), salt (0,85%), antioxidants (rosemary extracts, ascorbic acid, extract rich in tocopherols, citric acid), ",,reference,open_food_facts,
3168930005656,Lay's saveur emmental,Lay's,"Pommes de terre (62%),huiles végétales (maïs, tournesol, colza en proportion variable),base aromatisante emmental [poudre de petit-LAIT, sel, arômes (dont LAIT), sucre, fromage en poudre (LAIT), chlorure de potassium, colorant (extrait de p",,reference,open_food_facts,
5900259128401,Lay's Fromage flavoured,Lay's,"Brambory, rostlinné oleje (řepkový, slunečnicový), antioxidanty (výtažky z rozmarýnu, kyselina askorbová, extrakt s vysokým obsahem tokoferolů, kyselina citronová), jedlá sůl, sušená sladká syrovátka, látky zvýrazňující chuť a vůni (glutama",,reference,open_food_facts,
8901491000774,Lays american onion 80gm,Lay's,"Potato, Edible Vegetable Oil (Palmolein, Sunflower Oil), *Seasoning (Sugar, lodised Salt, Milk Solids, Spices & Condiments, Maltodextrin, Flavour (Natural and Nature Identical Flavouring Substances), Cheese Powder, Hydrolysed Vegetable Prot",,reference,open_food_facts,
8410199026293,Gourmet Corte Ondulado Original,Lay's,"Patatas, aceite de girasol, sal.",,reference,open_food_facts,
3168930005638,Saveur Poulet Rôti,Lay's,"Pommes de terre,huiles végétales (tournesol, colza, maïs en proportion variable),base aromatisante poulet rôti [poudre de levure, oignon en poudre, ail en poudre, extrait de levure, arômes, chlorure de potassium, sauge, colorant (extrait de",,reference,open_food_facts,
6221031497939,Chips Lays Saveur chili et citron,Lay's,fresh potatoes-vegetable oil - chil and lemon flavor (natural flavoring substances - artificial flavoring substances) [edible salt - corn starch - sugar powder-onion powder - food acid (ins 330) - wheat flour - cumin - paprika - milk powder,,reference,open_food_facts,
4062139003136,Chips &quot;Subway Terriyaki&quot;,Lay's,"Kartoffeln, pflanzliche Öle (Sonnenblume, Raps, Mais in veränderlichen Gewichtsanteilen), Zucker, Dextrose, Salz, Aromen, Zwiebelpulver, Knoblauchpulver, Säuerungsmittel (Citronensäure), schwarzer Pfeffer, Cayenne Pfeffer.",,reference,open_food_facts,
6221031498114,Lay's with cheese and onion flavor,Lay's,"Fresh Potatoes-Vegetable oil Cheese and onion flavor (Natural flavoring substances - Artificial flavoring substances) Onion powder - Whey powder - Wheat flour Edible salt - Flavor enhancer (INS 627, INS 621, INS 508)- Sugar powder Malt dext",,reference,open_food_facts,
8901491001807,Lay's Sizzlin Hot,Lay's,"Potatoes

Edible Vegetable Oils: Palmolein and Rice Bran Oil

Seasoning, which includes:

Maltodextrin

Spices and Condiments (including onion and garlic)

Sugar

Iodised Salt

Acidity Regulator (E330)

Dehydrated Vegetable ",,reference,open_food_facts,
3168930175061,Chips saveur moutarde pickles,Lay's,"Pommes de terre (62%), huiles végétales (tournesol, colza en proportion variable), base aromatisante moutarde pickles [arômes, sucre, chlorure de potassium, épices, sel, acidifiant (acide citrique, acide malique)], antioxydants (extraits de",,reference,open_food_facts,
3168930177670,Paysane saveur Champignons de paris,Lay's,"Pommes de terre, huiles végétales (tournesol, colza en proportion variable), base aromatisante champignons de Paris [maltodextrine, sel, champignons de Paris en poudre, arôme naturel, ail en poudre, caroube en poudre], antioxydants (extrait",,reference,open_food_facts,
8710398604606,Lay's Naturel 20-pack,Lay's,"Aardappelen, plantaardige oliën (zonnebloem, koolzaad, maïs, in wisselende hoeveelheden), zout.",,reference,open_food_facts,
8901491981558,Lay’s Chile Limon 20rs,Lay's,"ca, mirl lay's is the registereu cor feedback or queries, write to the consumer services manager, pepsico india holdings pvt, ltd,, p,o, box 27, dlf qutab enclave, phase-1, gurugram-122002, haryana, india, or call us at 1800 22 4020 cr emai",,reference,open_food_facts,
3168930175210,Chips saveur poulet rôti,Lay's,"Pommes de terre (62%), huiles végétales (tournesol, colza, mais en proportion variable), base aromatisante poulet rôti [sucre, chlorure de potassium, sel, oignon en poudre, arômes sauge, acidifiant (acide citrique), colorant (extrait de pap",,reference,open_food_facts,
3168930003366,Lay's Recette à l'ancienne nature,Lay's,"Pommes de terre (66%),huiles végétales (tournesol, colza, maïs en proportion variable),sel",,reference,open_food_facts,
3168930007654,Lay's 3D's Bugles goût bacon format familial,Lay's,"Maïs,huile de tournesol,base aromatisante bacon [arôme naturel, poudre de petit-LAIT, protéine végétale hydrolysée (contient du SOJA), levure fumée, dextrose, arôme de fumée, farine de caroube, correcteur d'acidité (acide citrique), graine ",,reference,open_food_facts,
4062139005949,Chips Salt & Vinegar,Lay's,"Kartoffeln, pflanzliche Öle (Mais, Sonnenblume, Raps in veränderlichen Gewichtsanteilen), Aroma, Maisstärke, Salz, Säureregulatoren (Citronensäure, Äpfelsäure), Kaliumchlorid, Hefeextrakt.",,reference,open_food_facts,
8901491981530,Lay’s Chile Limon,Lay's,,,reference,open_food_facts,
5900259133315,Lays Papryka,Lay's,"Ziemniaki, oleje roślinne (rzepakowy, słonecznikowy), przeciwutleniacze (ekstrakty z rozmarynu, kwas askorbinowy, mieszanina tokoferoli, kwas cytrynowy), cukier, papryka w proszku, sól, aromaty, czosnek w proszku, cebula w proszku, chlorek ",,reference,open_food_facts,
5941000032066,Lays sare 170 g,Lay's,"cartofi, uleiuri vegetale (porumb, floarea soarelui, rapiță, în proporții variabile), sare (1,1%)",,reference,open_food_facts,
3168930174929,Lay's,Lay's,,,reference,open_food_facts,
5601363006664,Pelotazos futebolas,Cheetos,"Semoule de mais (73%), huile de maïs, saveur fromage lactose (a partir de la poudre de lactosérum (a partir de lait), poudre de fromage (à partir de lait, préparations aromatisantes et substances aromatisantes, exhausteurs de gout (glutamat",,reference,open_food_facts,
8410199013545,Cheetos Sticks Palitos,Cheetos,"en corn meal (33%), corn oil, potato flakes, wheat flour (17 %), cheese and ketchup flavour [lactose, flavourings, sucrose, flavour enhancers (monosodium glutamate, disodium inosinate, disodium guanylate), whey powder (from milk), cheese po",,reference,open_food_facts,
8410199002309,Cheetos Sticks,cheetos,"Sémola de maíz (33%), aceite de maíz, copos de patata, harina de _trigo_ (17%), aroma a queso y ketchup (_lactosa_, sustancias aromatizantes, azúcar, potenciadores del sabor (glutamato monosódico, inosinato y guanilato disódicos), suero de ",,reference,open_food_facts,
8410199150907,Rizos Sabor,Cheetos,"Sémola de maíz 76%, aceite de maíz, aroma a queso (suero de _leche_ en polvo, sal, potenciadores del sabor (glutamato monosódico, guanilato disódico, inosinato disódico), aromas (_leche_), cloruro potásico, colorante (extracto de pimentón))",,reference,open_food_facts,
6111252422929,Meetas Sticks Palitos Cheese&Ketchup flavour Saveu,Cheetos,"Corn meal (29%), vegetable oil (sunflower), potato flakes, wheat flour (15%), cheese ketchup flavour [milk (lactose), flavouring preparations, sucrose, flavor enhancers (monosodium glutamate,disodium guanylate, disodium inosinate), salt, ac",,reference,open_food_facts,
6221031490909,Cheetos flamin hot,Cheetos,,,reference,open_food_facts,
3168930177768,Cheetos Original Gout Fromage,Cheetos,"maïs (68%), huile de colza, base aromatisante fromage [poudre de petit-lait, sel, arômes naturels (dont lait, fromage, lactose), exhausteur de goût (glutamate monosodique), chlorure de potassium, sucre, correcteur d'acidité (acide citrique)",,reference,open_food_facts,
8710398509222,Cheetos Big Chipito saveur fromage,Cheetos,"Farine et huile de maïs, petit-lait en poudre, poudre de fromage (lait), exhausteurs de goût (glutamate monosodique, guanylate disodique), arômes (lait), sucre, chlorure de potassium, colorants (extrait de paprika, rocou norbixine), sel. Ce",,reference,open_food_facts,
0028400589893,Flamin' Hot Crunchy Cheese Flavored Snacks,Cheetos,"ENRICHED CORN MEAL (CORN MEAL, FERROUS SULFATE, NIACIN, THIAMIN MONONITRATE, RIBOFLAVIN, FOLIC ACID), VEGETABLE OIL (CORN, CANOLA, AND/OR SUNFLOWER OIL) FLAMIN' HOT SEASONING (MALTODEXTRIN [MADE FROM CORN SALT, SUGAR, MONOSODIUM GLUTAMATE, ",,reference,open_food_facts,
3168930502007,Cheetos goût fromage,Cheetos,"Semoule de maïs,huile de colza,base aromatisante goût fromage [poudre de petit-LAIT, arômes naturels (dont LAIT), exhausteur de goût (glutamate monosodique), chlorure de potassium, sucre, correcteurs d'acidité (acide citrique, lactate de ca",,reference,open_food_facts,
0028400596680,Cheetos Puffs,Cheetos,"enriched corn meal (corn meal, ferrous sulfate, niacin, thiamin mononitrate, riboflavin, folic acid), vegetable oil (corn, canola, and/or sunflower oild, cheese seasoning (whey, cheddar cheese [milk, cheese cultures, salt, enzymes], canola ",,reference,open_food_facts,
5900259029049,Cheetos Cheese,Lay's,"corn grits 66%, vegetable rapeseed oil, whey powder (from milk), salt, glucose, flavour enhancers (monosodium glutamate, disodium guanylate, disodium inosinate), flavour (contain milk, soy), colour (paprika extract)",,reference,open_food_facts,
8901491003531,Cheetos Masala Balls,Cheetos,,,reference,open_food_facts,
7501011143757,Botana Sabritas Cheetos Xtra Flamin´Hot sabor chile y limón,Cheetos,"sémola de maíz, aceite vegetal, sazonador (maltodextrina, sal yodada, ácido cítrico, proteína vegetal hidrolizada de maíz, soya, saborizantes naturales, idénticos al natural, artificiales, cebada), glutamato monosódico, cloruro de potasio, ",,reference,open_food_facts,
5201024512187,Snack de maïs au fromage,Cheetos,,,reference,open_food_facts,
0028400314095,Cheetos Crunchy,cheetos,"enriched corn meal (corn meal, ferrous sulfate, niacin, thiamin mononitrate, riboflavin, folic acid), vegetable oil (corn, canola, and/or sunflower oi), cheese seasoning (whey, cheddar cheese [milk, cheese cultures, salt, enzymes], canola o",,reference,open_food_facts,
0028400183909,BAKED Crunchy Cheese flavored,Cheetos,"enriched corn meal (corn meal, ferrous sulfate, niacin, thiamin mononitrate, riboflavin, folic acid), vegetable oil (corn, canola, and/or sunflower oil), whey, cheddar cheese (milk, cheese cultures, salt, enzymes), maltodextrin (made from c",,reference,open_food_facts,
5900259131016,Cheetos Pizza Flavoured,Cheetos,"Checies PL Orupki kaks rydziane o smaku pizzy. Składniki: kasza kukurydziana 6%, olej rzepakowy, cukier, giok, wzmacniaczek glutaminian monosodowy, S-tybonukleotydy disodowe omaty (zawierają trehaloze), barwniki (betanina, ekstrakt z papryk",,reference,open_food_facts,
3168930173319,Doritos goût nature,Doritos,"Maïs (83%), huile de colza, sel, antioxydants (extraits de romarin, acide ascorbique, extrait riche en tocopherols, acide citrique), Peut contenir: soja, blé (gluten), Il s'agit de la liste d'ingrédients typique de chips de maïs (type Torti",,reference,open_food_facts,
3168930173197,Sweet Chilli Pepper Tortillas,Doritos,"Maïs (72%), huile de colza, base aromatisante piment doux (sucre, arômes, exhausteurs de goût (glutamate monosodique, guanylate disodique), chlorure de potassium, protéine végétale hydrolysée, paprika en poudre, oignon en poudre, ail en pou",,reference,open_food_facts,
3168930174187,Doritos,Doritos,"Mais (83%), huile de colza, sel, antioxydants (extraits de romarin, acide ascorbique, extrait riche en tocopherols, acide citrique). Peut contenir du soja, du blé (gluten).",,reference,open_food_facts,
3168930173258,paprika,Doritos,"Maïs (73%), huile de colza, base aromatisante paprika (paprika en poudre, oignon en poudre, tomate en poudre, ail en poudre, sucre, exhausteurs de goût (glutamate monosodique, guanylate disodique, inosinate disodique), arômes, chlorure de p",,reference,open_food_facts,
8410199271398,Doritos TEX-MEX,Doritos,"corn (80%), vegetable oils (corn, sunflower), prepared seasoning with cheese flavor (whey powder, wheat flour, salt, cheese powder (milk), tomato powder, flavouring preparations and substances (contains milk), onion powder, buttermilk powde",,reference,open_food_facts,
3168930173407,Doritos saveur Barbecue,Doritos,"Maïs (73%), huile de colza, base aromatisante barbecue [sucre, arômes, sel, correcteurs d'acidité (acétates de sodium, acide citrique), chlorure de potassium, paprika fumé en poudre, huile de tournesol fumée, colorant (extrait de paprika)],",,reference,open_food_facts,
3168930174211,Tortillas chips Nacho cheese,Doritos,"Mais (72%), huile de colza, base aromatisante fromage [poudre de petit-lait, arôme (lait), sel, babeurre en poudre (lait), fromage en poudre (lait), tomate en poudre, oignon en poudre, chlorure de potassium, sucre, ail en poudre, correcteur",,reference,open_food_facts,
3168930166072,Doritos Salsa douce,Doritos,"Purée de tomate à base de concentré (49%), tomate en morceaux (19%), oignon, poivron (10%), piment jalapeño (2%), vinaigre d'alcool, sel, amidon modifié, sucre, purée d'ail, coriandre, extrait de poivron.",,reference,open_food_facts,
8410199021164,Chilli,Doritos,"Maíz 81%, aceites vegetales (maíz, girasol), aroma a pimiento picante (azúcar, preparaciones y sustancias aromatizantes (_soja_, _trigo_), proteína hidrolizada de _soja_, correctores de acidez (acetatos de sodio, ácido cítrico, ácido málico",,reference,open_food_facts,
3168930174248,Doritos,Doritos,"Maïs (72%), huile de colza, arômes (sucre, arômes, glutamate monosodique, guanylate disodique, chlorure de potassium, protéine végétale hydrolysée, paprika en poudre, oignon en poudre, ail en poudre, sel, acide citrique, piment de Cayenne, ",,reference,open_food_facts,
3168930166106,Sour Cream,Doritos,"Eau,huile de colza,crème acidulée (9%) (LAIT),amidon de maïs modifié (dont sirop de glucose),crème fraîche épaisse (LAIT) (2,9%),poudre de petit-LAIT,LAIT entier en poudre,crème en poudre (LAIT),oignons,vinaigre de vin blanc,ciboulette,poud",,reference,open_food_facts,
3168930173221,Chips Goût Sour Cream,Doritos,"Mais (74%), huile de colza, base aromatisante crème fraîche acidulée (sel, arôme (dont lait), sucre, sirop de glucose, oignon en poudre, fromage en poudre (lait), ail en poudre, exhausteurs de goût (glutamate monosodique, 5-ribonucleotide d",,reference,open_food_facts,
3168930174275,Doritos,Doritos,"Mais (83%), huile de colza, sel, antioxydants (extraits de romarin, acide ascorbique, extrait riche en tocopherols, acide citrique)",,reference,open_food_facts,
5000328029148,Chilli Heatwave Flavour Corn Chips,Doritos,"Corn (Maize), Rapeseed Oil, Chilli Heatwave Flavour [Sugar, Flavourings, Flavour Enhancers (Monosodium Glutamate, Disodium Guanylate), Potassium Chloride, Hydrolysed Vegetable Protein, Salt, Garlic Powder, Paprika Powder, Onion Powder, Acid",,reference,open_food_facts,
3168930171889,Creamy Guacamole,Doritos,"Eau,huile de colza,tomate (8%),crème acidulée (LAIT),purée d'ail,oignon (4%),avocat (3,8%),amidon modifié,jus de citron vert à base de concentré,jus de citron à base de concentré,poudre de petit-LAIT,sucre,piment jalapeño (1%),coriandre,sel",,reference,open_food_facts,
3168930173285,Doritos Gôut Nature,Doritos,"Maïs (83%), huile de colza, sel, antioxydant (extraits de romarin, acide ascorbique, extrait riche en tocophérols, acide citrique).",,reference,open_food_facts,
8410199024709,Dippas original,Doritos,"white corn, rapeseed oil, salt, antioxidants (ascorbic acid, rosemary extract, tocopherol-rich extract, citric acid),",,reference,open_food_facts,
8710398162049,Doritos Sweet Chili,Doritos,"maïs (72%), koolzaadolie, zoete chilipepersmaak [suiker, aroma's, smaakversterkers (mononatriumglutamaat, dinatriumguanylaat), kaliumchloride, gehydrolyseerd plantaardig eiwit, paprikapoeder, uipoeder, knoflookpoeder, zout, voedingszuur (ci",,reference,open_food_facts,
3168930166045,Doritos Salsa épicée,Doritos,"Tomates (en purée à base de concentré et en morceaux) (69%),oignon,poivrons (11%),piment jalapeño (3%),vinaigre d'alcool,sel,amidon de maïs modifié,sucre,purée d'ail,épices",,reference,open_food_facts,
0028400516462,Nacho Cheese Flavored Doritos,Doritos,"corn, vegetable oil (corn, canola, soybean, and/or sunflower oil), corn maltodextrin, less than 2% of cheddar cheese (milk, cheese cultures, salt, enzymes), salt, whey, monosodium glutamate, buttermilk, romano cheese (milk, cheese cultures,",,reference,open_food_facts,
8410199021049,Doritos tex-mex,Doritos,"Snack di mais al gusto formaggio
Ingredienti: mais, olio di colza [olio di colza, antiossidanti (estratti di rosmarino, acido ascorbico, estratto ricco in tocoferolo, acido citrico)], siero di latte in polvere, aromi (contiene latte), sale,",,reference,open_food_facts,
0028400090894,Nacho Cheese,Doritos,"CORN, VEGETABLE OIL (CORN, CANOLA, SOYBEAN, AND/OR SUNFLOWER OIL), CORN MALTODEXTRIN, AND LESS THAN 2% OF CHEDDAR CHEESE (MILK, CHEESE CULTURES, SALT, ENZYMES), SALT, WHEY, MONOSODIUM GLUTAMATE, BUTTERMILK, ROMANO CHEESE (MILK, CHEESE CULTU",,reference,open_food_facts,
8710398602033,Nacho cheese,Doritos,"Maïs,huiles végétales (tournesol, colza, maïs, en proportion variable),base aromatisante fromage [maltodextrine, poudre de petit-LAIT, farine de BLÉ (contient calcium, fer, niacine, thiamine), FROMAGE en poudre, poudre de tomate, arômes (do",,reference,open_food_facts,
5000328028653,Tangy Cheese Flavour Corn Chips,Doritos,"corn (maize), rapeseed oil, tangy cheese flavour (whey powder (from milk), flavouring (contains milk salt, buttermilk powder, cheese powder (from milk), tomato powder, onion powder, potassium chloride, sugar, garlic powder, colours (paprika",,reference,open_food_facts,
5000328028617,Cool Original Flavour Corn Chips,Doritos,"Corn (Maize), Rapeseed Oil, Cool Original Flavour [Salt, Flavouring (contains Milk), Acidity Regulators (Malic Acid, Sodium Acetates, Citric Acid), Flavour Enhancers (Monosodium Glutamate, Disodium 5'-Ribonucleo - tide), Sugar, Glucose Syru",,reference,open_food_facts,
3168930173346,Doritos goût nacho cheese,Doritos,"Maïs (72%), huile de colza, base aromatisante fromage (poudre de petit-lait, arôme (lait), sel, babeurre en poudre, fromage en poudre (lait), tomate en poudre, oignon en poudre, chlorure de potassium, sucre, ail en poudre, correcteurs d'aci",,reference,open_food_facts,
3168930174309,Doritos,Doritos,"Mais (73%), huile de colza, base aromatisante fromage [poudre de petit-lait, arôme (lait), sel, babeurre en poudre (lait), fromage en poudre (lait), tomate en poudre, oignon en poudre, chlorure de potassium, sucre, ail en poudre, correcteur",,reference,open_food_facts,
5000328697790,Mild Salsa,Doritos,"Tomato purée, 49%, Chopped tomatoes, 19%, Onion, 14%, Peppers, 10%, Jalapeño peppers, 2%, Spirit vinegar, Salt, Modified maize starch, Sugar, Coriander, Dried Garlic, Capsicum extract",,reference,open_food_facts,
6221031497957,Sweet chili pepper,Doritos,,,reference,open_food_facts,
5941000030660,Doritos Nacho Cheese,Doritos,"Făină de porumb (73%), ulei de rapită [ulei de bogat in tocoferol, acid citric)], zer pudră (contine lapte, rapita, antioxidanti (extracte de rozmarin, acid ascorbic, extract lactoza), arome (contin lapte, lactoza), sare, lapte acru pudra (",,reference,open_food_facts,
6221031492095,Doritos,Doritos,,,reference,open_food_facts,
4062139006054,Sweet-Chili-Pepper Geschmack,Doritos,"Mais, Rapsöl [Rapsöl, Antioxidationsmittel (Extrakt aus Rosmarin, Ascorbinsäure, Stark tocopherolhaltige Extrakte, Citronensäure)], Zucker, Aromen, Geschmacksverstärker (Mononatriumglutamat, Dinatriumguanylat), Kaliumchlorid, hydrolisiertes",,reference,open_food_facts,
6221031496532,Flamin’hot,Doritos,"vegetable oil, palm olein, chili flavor, natural identical flavor, flavor enhancer, wheat flour, sugar, salt, flavor enhancer (INS/SIN508, INS/SIN627, INS/SIN631), acidity regulator (INS/SIN330), garlic, onion, paprika, anticaking agent (IN",,reference,open_food_facts,
5000328033734,Dorritos Original Salted,Doritos,"Corn (Maize), Rapeseed Oil, Salt, Antioxidants (Rosemary Extract, Ascorbic Acid, Tocopherol Rich Extract, Citric Acid)",,reference,open_food_facts,
8410199026859,Doritos TEX-MEX,Doritos,"PROMOCIONES Y RECETAS AQUÍ TODAS AS NOVIDADES AQUI Doritos_ES@Doritos Portugal 8 410199 026859,quot,,gt, Peso neto / Peso liquido RECICLA பர் 2259e 11469 (95483 ® M N-1245 N-1245 N-1245 N-1245",,reference,open_food_facts,
7501011123586,doritos nacho,Doritos,"MAÍZ NIXTAMALIZADO, ACEITE VEGETAL (CONTIENE TBHQ), CONDIMENTO [QUESO, ALMIDÓN, SAL YODADA, MALTODEXTRINA, GLUTAMATO MONOSÓDICO, ESPECIAS, SABORIZANTES, HARINA DE ARROZ, CHILES, GLUCOSA, HARINA DE TRIGO, ÁCIDO CÍTRICO, INOSINATO DE SODIO, G",,reference,open_food_facts,
0028400517799,Nacho Cheese Flavored Tortilla Chips,Doritos,"CORN, VEGETABLE OIL (CORN, CANOLA, SOYBEAN, AND/OR SUNFLOWER OIL), CORN MALTODEXTRIN, CHEDDAR CHEESE (MILK, CHEESE CULTURES, SALT, ENZYMES), SALT, WHEY, MONOSODIUM GLUTAMATE, BUTTERMILK, ROMANO CHEESE (MILK, CHEESE CULTURES, SALT, ENZYMES),",,reference,open_food_facts,
4062139006036,Doritos Nacho Cheese,Doritos,"Mais, Rapsöl [Rapsöl, Antioxidationsmittel (Extrakt aus Rosmarin, Ascorbinsäure, Stark tocopherolhaltige Extrakte, Citronensäure)], Molkenpulver (aus Milch), Aromen (enthält Milch), Salz, Buttermilchpulver, Käsepulver (aus Milch), Tomatenpu",,reference,open_food_facts,
6221031492059,Doritos Nacho Cheese,Doritos,"Com, Vegetable oil (Palm Olein), Nacho Cheese Flavor Natural flavoring substances-Artificial flavoring substances) Mantodextrin Edible Salt-Whey Powder-Sugar-Flavor Enhancer INS/SIN 621, INS/SIN 627, INS/SIN 631) - Dextrose-Salt Replacer (I",,reference,open_food_facts,
0028400091510,Doritos Cool Ranch flavored,Doritos,"CORN, VEGETABLE OIL (CORN OIL, CANOLA OIL, SUNFLOWER OIL), SALT, CORN STARCH, TOMATO POWDER, LACTOSE, WHEY, SKIM MILK, ONION POWDER, SUGAR, GARLIC POWDER, MONOSODIUM GLUTAMATE, MALTODEXTRIN (CORN), CHEDDAR CHEESE (MILK, CHEESE CULTURES, SAL",,reference,open_food_facts,
5900259118635,Doritos Nacho Cheese Flavour,Doritos,"good atmosphere, best before lying on the front of packaging, keep in protect product from direct sun exposure, atmosphere, best before: see in the front of bag, store in a ainst direct sunlight, cool 5900259118639,quot,,gt, mcor afr ro523 ",,reference,open_food_facts,
6221031497993,Doritos gout SWEET CHILI PEPPER,Doritos,"Com, Vegetable oil (Palm Olein), Sweet Chill Pepper Flavor (Natural flavoring substances - Artificial flavoring substance Sugar, wheat Flour, Favor enhancer (INS/SIN 621, INS/SIN 508, INS/SIN 627, INS/SIN 631) Hydrolyzed vegetable protein E",,reference,open_food_facts,
8710398603315,Sweet Chilli Pepper Flavour,Doritos,"maïs, plantaardige olïen (zonnebloem, koolzaad, maïs, in wisselende hoeveelheden), chilipepersmaak [suiker, aroma (bevat _soja_, _tarwe_), gehydrolyseerd _soja_-eiwit, zuurteregelaar (natriumdiacetaat), smaakversterkers (mononatriumglutamaa",,reference,open_food_facts,
6221031490307,Chips,Doritos,"Corn, Vegetable oil (Palm Olein), Hot Chili Pepper Flavor, Natural flavoring substance, Artificial flavoring substance, Sugar, Flavor enhancer (INS/SIN 621, INS/SIN 627, INS/SIN 631), Hydrolyzed vegetable protein, Wheat flour, Edible salt, ",,reference,open_food_facts,
0060410054408,Doritos,Doritos,"SELECTED CORN, VEGETABLE OIL, SEASONING (CORN MALTODEXTRIN, SALT, CHEDDAR CHEESE, WHEY, MONOSODIUM GLUTAMATE, BUTTERMILK, ROMANO CHEESE, WHEY PROTEIN CONCENTRATE, ONION POWDER, VEGETABLE OIL, CORN FLOUR, NATURAL AND ARTIFICIAL FLAVOUR, DEXT",,reference,open_food_facts,
0028400516675,Spicy Sweet Chili,Doritos,"corn, vegetable oil (corn, canola, soybean, and/or sunflower oil), maltodextrin, sugar, salt, hydrolyzed corn protein, sodium diacetate, onion powder, monosodium glutamate, potassium salt, natural flavors, garlic powder, malic acid, spices,",,reference,open_food_facts,
5941000030679,Doritos Hot Pepper,Doritos,"Fáină de porumb (74%), ulei de rapită [ulei de rapita, antioxidanti (extracte de rozmarin, acid ascorbic, extract bogat în tocoferol, aciu citric)], zer pudră (contine lapte. lactoză), sare, ceapă pudră, usturoi pudră, potentiaton de aromă ",,reference,open_food_facts,
3168930174512,Doritos sweet chilli pepper,Doritos,"Maïs (72%), huile de colza, base aromatisante piment doux [sucre, arômes, exhausteurs de goût (glutamate monosodique, guanylate disodique), chlorure de potassium, protéine végétale hydrolysée, paprika en poudre, oignon en poudre, ail en pou",,reference,open_food_facts,
0028400765545,WHITE CHEDDAR NACHO,Doritos,"WHOLE CORN, CORN, SUNFLOWER OIL, BUTTERMILK, AND LESS THAN 2% OF SALT, CHEDDAR CHEESE (MILK, CHEESE CULTURES, SALT, ENZYMES), ONION POWDER, NATURAL FLAVORS, TOMATO POWDER, WHEY, CORN MALTODEXTRIN, YEAST EXTRACT, SUGAR, GARLIC POWDER, LACTIC",,reference,open_food_facts,
8710398518178,Doritos Bits Honey BBQ Flavour,Doritos,"en snack based on but sweet barbecue taste ingredients: corn, vegetable oils (sunflower, corn, in variable proportion, flavoring base sweet barbecue taste [dextrose sugar, bun powder, fructose, tomato powder, flavor enhancer (monosodium glu",,reference,open_food_facts,
8710398530019,Flamin’ Hot doritos,Doritos,"Mais, koolzaadolie, Flamin' Hot smaak (suiker, aroma, kaliumchloride, zuurteregelaars (citroenzuur, appelzuur), zout, knoflookpoeder, smaakversterker (mononatriumglutamaat), uienpoeder, gerookt paprikapoeder, groenteconcentraat (radijs, wor",,reference,open_food_facts,
5000328030348,doritos cool original,Doritos,"Corn (Maize), Rapeseed Oil, Cool Original Flavour (Salt, Flavouring (contains Mit, Acidity Regulators (Malic Acid, Sodium Acetates, Citric Acid), Flavour Enhancers (Monosodium Glutamate, Disodium 5-Ribonucleotide), Sugar, Glucose Syrup, Oni",,reference,open_food_facts,
9310015241927,Cheese Supreme Corn Chips,Doritos,"MAÏS, HUILES VÉGÉTALES (SOJA), FROMAGE EN POUDRE (LAIT), SEL, BABEURRE EN POUDRE (LAIT), FARINE DE BLÉ, CONCENTRÉ DE PROTÉINE DE LACTOSÉRUM (LAIT), TOMATE EN POUDRE, RENFORCATEURS DE GOUT (621, 631, 627), OIGNON EN POUDRE, LACTOSÉRUM EN POU",,reference,open_food_facts,
8901491990219,Doritos,Doritos,,,reference,open_food_facts,
5000328031754,The Ghast BBQ,Doritos,"Corn (Muize), Rapeseed Oil, BBQ Sweet Tang Flavour [Dextrose, Acids (Sodium Acetates, Citric Acid, Malic Acid), Tomato Powder, Paprika Powder, Onion Powder, Hydrolysed Vegetable Protein, Sugu, Flavour Enhancer (Monosodium Glutamate), Potass",,reference,open_food_facts,
5000328018948,Doritos,Doritos,"Corn (Maize), Rapeseed Oil, Salt, Antioxidants (Rosemary Extract, Ascorbic Acid, Tocopherol Rich Extract, Citric Acid). Allergy Advice May contain: Milk, Wheat, Gluten, Barley, Soya Suitable for vegetarians Product composition varies in the",,reference,open_food_facts,
5000328601386,Doritos Hot Salsa 300g imo,Doritos,"Tomato Puree (49%), Chopped Tomatoes (20%), Onion, Peppers (11%), Jalapeno Peppers (3%), Spirit Vinegar, Salt, Modified Maize Starch, Sugar, Garlic Puree, Capsicum Extract, Coriander.",,reference,open_food_facts,
8710398523754,Dippers naturel,Doritos,"bewaren, verpakt onder beschermende atmosfeer, fr tortilla corn chips natural flavour corn, vegetable oils (sunflower, rapeseed, corn, in varying proportions), salt this product may contain soy and wheat (gluten),",,reference,open_food_facts,
0028400070562,Nacho Cheese Flavored,Doritos,"corn, vegetable oil (sunflower, canola, and/or corn oil), maltodextrin (made from corn), salt, cheddar cheese (milk, cheese cultures, salt, enzymes), whey, monosodium glutamate, buttermilk, romano cheese (part-skim cow's milk, cheese cultur",,reference,open_food_facts,
8710398523675,Pure paprika,Doritos,"mais (73%) koolzaadolie, paprikapoeder, uipoeder, tomaatpoeder, knoflookpoeder, suiker, smaakversterker (mononatriumglutamaat, natriumguanylaat, dinatriuminosinaat), aroma, kaliumchloride, kleurstof (paprikaextract), zuurteregelaars (citroe",,reference,open_food_facts,
7501011130276,Xtra Flamin’ Hot,Doritos,"MAIZ NEXTAMALIZADO, ACEITE VEGETAL, SAZONADOR [MALTODEXTRINA, ÁCIDO CITRICO, SAL YODADA, CLORURO DE POTASIO SABORIZANTES NATURALES, IDENTICOS AL NATURAL Y ARTIFICIALES (CONTIENEN CEBADA), GLUTAMATO MONOSÓDICO, PROTEÍNA VEGETAL HIDROLIZADA D",,reference,open_food_facts,
8410199021508,Nacho Cheese,Doritos,"AQS A0d NOL na 3 VC ПАСНО СНЕВ CHEESE IHEESE SP Salsa de queso cheddor y cremg poro dipear, INGREDIENTES: IT Salso ol fornggia chedgr e panga MGREDENT An d iata Por / Per 40 g AU Ocaite de colzo, cremá agria (de leche 5% qyeso chedopr panno",,reference,open_food_facts,
5941000030703,Doritos,Doritos,"Făină de porumb (73%), ulei de rapiţă [ulei de rapiță, antioxidanţi (extracte de rozmarin, acid ascorbic, extract bogat în tocoferol, acid citric)], zer pudră (conține lapte, lactoză), arome (contin lapte, lactoza), sare, lapte acru pudră (",,reference,open_food_facts,
5000328031727,FOR THE Dorits ZINGY VINEGAR BLAST FLAVOUR CORN CH,Doritos,"Corn (Maize, Rapeseed Oil, Zingy Vinegar Blast Flavour (Acids (Citric Acid, Sodium Acetates Molic Acid, Acetic Acid, Tartaric Acid, Potassium Chlande Salt, Sugar, Flavouring, Antioxidants (Rosemary Extract, Ascorbic Acid, Tocopherol Rich Ex",,reference,open_food_facts,
5900259094706,Nacho,Doritos,"corn flour 68,7%, corn oil, mix of cheese-flavoured ingredients (maltodextrin, whey milk powder, wheat flour, salt, milk powder cheese 0,7%, powdered tomatoes, flavors (containing milk), powdered onions, powdered milk fat, potassium chlorid",,reference,open_food_facts,
8410199021058,Tex-Mex,Doritos,"Maíz 80%, aceites vegetales (maíz, girasol), condimento preparado con sabor a queso (suero de _leche_ en polvo, harina de _trigo_, sal, queso en polvo (_leche_), tomate en polvo, preparaciones y sustancias aromatizantes (_leche_), cebolla e",,reference,open_food_facts,
0028400517771,Cool Ranch Flavor Doritos,Doritos,"CORN, VEGETABLE OIL (CORN, CANOLA, SOYBEAN, AND/OR SUNFLOWER OIL), SALT, CORN STARCH, TOMATO POWDER, LACTOSE, WHEY, SKIM MILK, ONION POWDER, SUGAR, GARLIC POWDER, MONOSODIUM GLUTAMATE, CORN MALTODEXTRIN, POTASSIUM SALT, CHEDDAR CHEESE (MILK",,reference,open_food_facts,
5000328030339,Chilli Heatwave,Doritos,"Corn (Maize), Rapeseed Oil, Chilli Heatwave Flavour [Sugar, Flavourings, Flavour Enhancers (Monosodium Glutamate, Disodium Guanylate), Potassium Chloride, Hydrolysed Vegetable Protein, Salt, Garlic Powder, Paprika Powder, Onion Powder, Acid",,reference,open_food_facts,
0000200008325,Chilli Heatwave,Doritos,"Corn (Maize), Rapeseed Oil, Chilli Heatwave Flavour [Sugar, Flavourings, Flavour Enhancers (Monosodium Glutamate, Disodium Guanylate), Potassium Chloride, Hydrolysed Vegetable Protein, Salt, Garlic Powder, Paprika Powder, Onion Powder, Acid",,reference,open_food_facts,
5000328030357,Dorites,Doritos,"Corn (Maize), Rapeseed Oil, Tangy Cheese Flavour (Whey powder (from Milk), Flavouring (contains Milk Salt, Buttermilk Powder, Cheese Powder (from Milk), Tomato Powder, Onion Powder, Potassium Chloride, Sugar, Garlic Powder, Colours (Paprika",,reference,open_food_facts,
0000200008343,BOLDER CRUNCH ICONIC TASTE Doritos TANGY CHEESE FL,Doritos,"Corn (Maize), Rapeseed Oil, Tangy Cheese Flavour Whey powder (from Milk), Flavouring (contains Milk, Salt, Buttermilk Powder, Cheese Powder (from Milk Tomato Powder, Onion Powder, Potassium Chloride, Sugar, Garlic Powder, Colours (Paprika E",,reference,open_food_facts,
3168930177555,Doritos goût Nacho Cheese,Doritos,,,reference,open_food_facts,
6221031496921,Doritos flamin hot,Doritos,,,reference,open_food_facts,
8410199021492,Doritos Salsa Suave,Doritos,"Puré de tomate (49%) tomates picados (19%), cebolla, pimientos (10%), pimientos jalapeños (2%), vinagre, sal, almidón de maiz modificado, azúcar, puré de ajo, cilantro, extracto de pimentón,",,reference,open_food_facts,
0028400770592,Nacho Cheese Flavored Doritos,Doritos,"Corn, vegetable oil (corn, canola, soybean, and/or sunflower oil), corn maltodextrin, cheddar cheese (milk, cheese cultures, salt, enzymes), salt, whey, monosodium glutamate, buttermilk, Romano cheese (milk, cheese cultures, salt, enzymes),",,reference,open_food_facts,
4062139026155,Nacho Cheese,Doritos,"er EESE ck Mais CH mit sen ETHE GLE bepulver, buchpulver, pulver (aus Mil Kaliumchlorid Säureregulatoren ilch), Bixin, Zuckerkulör, Paprikaextrakt), Milchprotein Gewürze, Magermilchpulver, Geschmacksverstärk Cronensäure, Milchsäure), Farbst",,reference,open_food_facts,
5900259117566,Doriros Sweet Chili Flavoured 100g,Doritos,"Corn, vegetable oils (sunflower oil, corn oil, rapeseed oil), seasoning [sugar, maltodextrin, hydrolysed vegetable proteins, acidity regulators (sodium acetates, citric acid, malic acid), flavour enhancers (monosodium glutamate, disodium 5'",,reference,open_food_facts,
0028400070544,Cool Ranch Flavored,Doritos,"corn, vegetable oil (corn, canola, and/or sunflower oil), maltodextrin (made from corn), salt, tomato powder, corn starch, lactose, whey, skim milk, corn syrup solids, onion powder, sugar, garlic powder, monosodium glutamate, cheddar cheese",,reference,open_food_facts,
8410199026187,Bits Original 85g,Doritos,unknown,,reference,open_food_facts,
9400566006350,Cheese Supreme,Doritos,"CORN, CANOLA OIL, CHEESE POWDER (MILK, SOY), MALTODEXTRIN, SALT, WHEAT FLOUR, FLAVOUR ENHANCERS (621, 635), TOMATO POWDER, ONION POWDER, GARLIC POWDER, NATURAL FLAVOURS (MILK DEXTROSE, YEAST EXTRACT, SUGAR, MINERAL SALT POTASSIUM CHLORIDE),",,reference,open_food_facts,
8410199026196,Bits Original,Doritos,,,reference,open_food_facts,
8410199026336,DORITOS TEX-MEX PEQUEÑOS,Doritos,"Maiz, aceite de colza, aroma a queso (suero de leche en polvo, aroma (contiene leche), sal, suero de mantequilla en polvo (de Leche), queso en polvo (de leche), tomate en polvo, cebolla en polvo, cloruro potásico, azúcar, ajo en polvo, corr",,reference,open_food_facts,
4062139026465,Doritos BBQ Style,Doritos,"Mais, Rapsöl (Rapsöl, Antioxidationsmittel (Extrakt aus Rosmarin, Ascorbinsäure, Stark tocopherolhaltige Extrakte, Citronensäure)), Zucker, Aromen, Salz, Säureregulatoren (Natriumacetate, Citronensäure), Kaliumchlorid, geräuchertes Paprikap",,reference,open_food_facts,
8410199012324,Bits aperitivos de maíz,Doritos,"maíz (74%), aceites vegetales (maíz, girasol), aroma a barbacoa (azúcar, sal, cebolla en polvo, tomate en polvo, fructosa, glutamato monosódico, pimentón picante en polvo, pimienta de cáyena, extracto de pimentón, rojo de remolacha, comino,",,reference,open_food_facts,
5000328026284,Doritos Flamin' Hot,Doritos,"Corn (Maize), Rapeseed Oil, Extra Flamin' Hot Seasoning Sugar, Flavouring, Acidity Regulators (Citric Acid, Malic Acid, Dried Garlic, Salt, Potassium Chloride, Flavour Enhancer (Monosodium Glutamate), Dried Onion, Smoked Paprika Powder, Veg",,reference,open_food_facts,
6009710721520,Sweet Chilli Pepper Flavoured Corn Chips,Doritos,"doritos sweet cnilli pepper flavaure d con chips ngredients: aize (69%), vegetabie oil (r alm fruit an vor maize germ or sunflow eed) with antioxida it (tbhq), sugzr, hydro sed vegetable p, ntein (soya), acidity egulators (e262, e29,), vege",,reference,open_food_facts,
8710398602811,Bits Twisties Honey Barbecue 30g,Doritos,"corn, vegetable oils (rapeseed, sunflower, in varying amounts), sweet barbecue flavour [sugar, salt, onion powder, tomato powder, fructose, flavour enhancer (monosodium glutamate), hot paprika powder, garlic powder, cayenne pepper, colourin",,reference,open_food_facts,
8710398510583,Doritos,Doritos,"Maïs (73%), koolzaadolie, kaassmaak [weipoeder (MELK), aroma (MELK), zout, KARNEMELKPOEDER, kaaspoeder (MELK), tomatenpoeder, uienpoeder, kaliumchloride, suiker, knoflookpoeder, zuurteregelaars (citroenzuur, melkzuur), kleurstoffen (annatto",,reference,open_food_facts,
9310015241945,Doritos Original Salted Corn Chips,Doritos,"Corn, vegetable oil, salt",,reference,open_food_facts,
8710398510608,Sweet Chili Pepper Flavour,Doritos,"Mais (72%), koolzaadolie, zoete chilipepersmaak (suiker, aroma's, smaakversterkers (mononatriumglutamaat, dinatriumguanylaat), kaliumchloride, gehydrolyseerd plantaardig eiwit, paprikapoeder, uipoeder, knoflookpoeder, zout, voedingszuur (ci",,reference,open_food_facts,
5000328017374,Doritos chillie heatwave,Doritos,"Corn (Maize), Rapeseed Oil, Chilli Heatwave Flavour Sugar, Flavourings, Flavour Enhancers (Monosodium Glutamate, Disodium Guanylate), Potassium Chloride, Hydrolysed Vegetable Protein, Salt, Garlic Powder, Paprika Powder, Onion Powder. Acid ",,reference,open_food_facts,
5053990156009,Pringles Original,Pringles,"Pommes de terre déshydratées, huiles végétales (tournesol, palme, mais) en proportion variable, farine de blé, farine de mais, farine de riz, maltodextrine, émulsifiant (E471), sel, colorant (norbixine de rocou).",,reference,open_food_facts,
5053990155356,Sour Cream & Onion,Pringles,"Pommes de terre déshydratées, huiles végétales (tournesol, maïs), farine de riz, amidon de BLÉ, farine de maïs, assaisonnement crème acidulée et oignon (amidon de BLÉ, exhausteurs de goût {glutamate monosodique, guanylate disodique, inosina",,reference,open_food_facts,
5053990101595,Sour Cream & Onion,Pringles,"Dehydrated potatoes, vegetable oils (Conflower, corn), rice flour, wheat starch, corn flour, sour cream & onion flavour, wheat starch, flavour enhancers (monosodium glutamate, disodium guanylate, disodium inosinate}, onion powder, maltodext",,reference,open_food_facts,
5053990161667,Картофельные чипсы со вкусом парики,Pringles,"Dehydrated potatoes, sunflower oil, wheat flour, corn flour, rice flour, paprika seasoning (sugar, paprika powder, flavour enhancers (monosodium glutamate, disodium guanylate, disodium inosinate) dextrose, yeast powder, onion powder, salt, ",,reference,open_food_facts,
5053990127724,Pringles Original,Pringles,"Patate disidratate,  olio di girasole,  farina di frumento, farina di mais, farina di riso, maltodestrina, emulsionante (E471), colorante (norbissina di annatto), sale. palmier.",,reference,open_food_facts,
5053990107331,Pringles Original,Pringles,"Kartoffelp Ole (Sonnenblume, Mais), Reismehl, Weizenstärke, Maism (E471), Maltodextrin, Speisesalz, Hefeextrakt, Hefepulver, F (Annatto).",,reference,open_food_facts,
5053990101577,Pringles Original,Pringles,"Обезвоженный картофель, растительное масло(прдсолнечное, кукурузное), рисовая мука, пшеничный крахмал, мука кукурузная, эмульгатор E471, мальтодекстрин, соль, краситель аннату.",,reference,open_food_facts,
5053990107386,Sour Cream & Onion,Pringles,"dried potato, vegetable oils (sunflower, corn), wheat flour , seasoning sour cream and onion sunflower oil totally powder, sour cream powder ( milk ), dextrose, flavourings, sugar, whey, lactose ( milk ), milk protein , potato starch, acidi",,reference,open_food_facts,
5053990127742,Pringles Sour Cream,Pringles,"Kartoffelpüreepulver, Sonnenblumenöl, WEIZENMEHL, Maismehl, Reismehl, Sauerrahm-Zwiebel-Würzmischung (WEIZENSTÄRKE, Geschmacksverstärker {Mononatriumglutamat, Dinatriumguanylat, Dinatriuminosinat}, Zwiebelpulver, Dextrose, Sonnenblumenöl, S",,reference,open_food_facts,
5053990161968,PRINGLES TEXAS BBQ SAUCE,Pringles,"Dehydrated potatoes, vegetable oils (sunflower, palm, corn) in varying proportions, wheat flour, corn flour, rice flour, barbecue seasoning (sugar, lactose {milk}, salt, onion powder, flavour enhancers {monosodium glutamate, disodium 5'-rib",,reference,open_food_facts,
5053990162709,Pringles,Pringles,"Pommes de terre déshydratées, huile de tournesol, farine de _blé_, farine de maïs, farine de riz, assaisonnement paprika (chapelure(_blé_), dextrose, levure en poudre, sucre, paprika en poudre, glutamate monosodique, guanylate disodique, in",,reference,open_food_facts,
5053990167801,Pringles Original,Pringles,"Kartoffelpüreepulver, Sonnenblumenöl, Weizenmehl, Maismehl, Reismehl, Maltodextrin, Emulgator (E471), Salz, Farbstoff (Annatto Norbixin).",,reference,open_food_facts,
5053990101540,pringles hot & spicy,Pringles,"Dehydrated potatoes, non-hydrogenated vegetable oil (sunflower), corn flour, wheat flour, hot & spicy seasoning (spices, sugar, tomato powder, flavour enhancers (monosodium glutamate, disodium guanylate, disodium inosinate), wheat starch, g",,reference,open_food_facts,
5053990156063,Pringles Original,Pringles,"Pommes de terre déshydratées, huiles végétales (tournesol, maïs), farine de riz, amidon de BLÉ, farine de maïs, émulsifiant (E471), maltodextrine, sel, extrait de levure, levure en poudre, colorant (rocou).",,reference,open_food_facts,
5053990155949,Pringles Hot & Spicy,Pringles,"Pommes de terre déshydratées, huiles végétales (huile de tournesol, huile de palme, huile de maïs), farine de _blé_, farine de maïs, farine de riz, épices (sucre, tomate en poudre, exhausteurs de goût (glutamate monosodique, guanylate disod",,reference,open_food_facts,
5053990107298,Pringles Hot & Spicy,Pringles,"Pommes de terre déshydratées, huiles végétales (tournesol, maïs), farine de riz, amidon de BLÉ, farine de maïs, assaisonnement piment et épices (épices, sucre, exhausteurs de goût {glutamate monosodique, guanylate disodique, inosinate disod",,reference,open_food_facts,
5053990127663,Pringles Hot & Spicy,Pringles,"Pommes de terre déshydratées, huiles végétales (tournesol, maïs), farine de riz, amidon de BLÉ, farine de maïs, assaisonnement piment et épices (épices, sucre, exhausteurs de goût {glutamate monosodique, guanylate disodique, inosinate disod",,reference,open_food_facts,
5053990164150,Texas BBQ - Sauce,Pringles,"Pommes de terre déshydratées, huiles végétales (tournesol, palme, maïs), en proportion variable, farine de blé, farine de maïs, farine de riz, arôme barbecue (sucre, _lactose_ (_lait_), sel, oignon en poudre, exhausteurs de goût (glutamate ",,reference,open_food_facts,
5053990155383,Sour cream & onion,Pringles,"Pommes de terre déshydratées, huiles végétales (tournesol, maïs), farine de riz, amidon de BLÉ, farine de maïs, assaisonnement crème acidulée et oignon (amidon de BLÉ, exhausteurs de goût {glutamate monosodique, guanylate disodique, inosina",,reference,open_food_facts,
5053990106989,Pringles Cașcaval,Pringles,"Cartofi uscați, uleiuri vegetale (floarea soarelui, porumb), făină de orez, amidon de grâu, făină de porumb, ingredient pentru aroma de brânză (făină de grâu, praf de brânză (lapte), amplificatori de aromă (glutamat monosodic, guanilat de s",,reference,open_food_facts,
5053990175943,Pringles Hot Smokin’ BBQ Ribs Flavour,Pringles,"Pommes de terre déshydratées, huile de tournesol, farine de maïs, farine de _blé_, assaisonnement au goût côtes levées au barbecue (sucre, perméat de _lactosérum_ en poudre (_lait_), arômes (_lait_), sel, oignon en poudre, ail en poudre, ép",,reference,open_food_facts,
5053990161931,Pringles barbecue,Pringles,"dehydrated potatoes, sunflower oil, wheat flour, com fu e disodium 5-ribonucleotides), tomato powder, paprika powder, yeast extract, flavourings, smoke flavourings, cand colour (paprika extract), maltodextrin), maltodextrin, emulsifier (e47",,reference,open_food_facts,
5053990167847,Sour Cream & Onion chips,Pringles,"Kartoffelpüreepulver, Sonnenblumenöl, Weizenmehl, Maismehl, Reismehl, Sauerrahm-Zwiebel-Würzmischung (Zwiebelpulver, Weizenstärke, Maltodextrin), Mononatriumglutamat, Dinatriumguanylat, Dinatriuminosinat, Dextrose, Sonnenblumenöl, Speisesal",,reference,open_food_facts,
5053990175882,Pringles hot cheese,Pringles,"Pommes de terre déshydratées, huile de tournesol, farine de maïs, farine de blé, assaisonnement (lactose {lait}, babeurre en poudre {lait}, arômes, sel, exhausteurs de goût {glutamate monosodique, 5'-ribonucléotide disodique}, chlorure de p",,reference,open_food_facts,
5053990182077,Mystery flavour Super Mario,Pringles,"Kartoffelpüreepulver, Sonnenblumenöl, Weizenmehl, Maismehl, Reismehl, Würzmischung (Laktose (Milch)}, Maltodextrin, Zucker, Speisesalz, Geschmacksverstärker Mononatriumglutamat, Dinatrium-5'-ribonucleotid}, Zwiebelpulver, Gewürze (Chili-Pul",,reference,open_food_facts,
5053990175828,Hot Kickin' Sour Cream Flavour,Pringles,"Kartoffelpüreepulver, Sonnenblumenöl, _Weizenmehl_, Maismehl, Reismehl, Sauerrahm-Würzmischung (Aromen [_Milch_, Chiliextrakt], Zwiebelpulver, Geschmacksversärker [Mononatriumglutamat, Dinatriumguanylat, Dinatriuminosinat], Dextrose, modifi",,reference,open_food_facts,
5053990179064,Sour Cream & Onion,Pringles,"DRIED POTATOES, VEGETABLE OIL (CORN, COTTONSEED, HIGH OLEIC SOYBEAN, AND/OR SUNFLOWER OIL), DEGERMINATED YELLOW CORN FLOUR, CORNSTARCH, RICE FLOUR, MALTODEXTRIN, MONO - AND DIGLYCERIDES. CONTAINS 2% OR LESS OF SALT, WHEY, SOUR CREAM (CREAM,",,reference,open_food_facts,
5053990176164,HOT Mexican Chilli & Lime Flavour,Pringles,"Kartoffelpüreepulver, Sonnenblumenöl, Maismehl, Weizenmehl, Würzung mit Chili - und Limettengeschmack (Molkenpermeatpulver {Milch}, Gewürze {geräucherter Paprika, Knoblauch, Zwiebel, Kreuzkümmel, Paprika, schwarzer Pfeffer, Cayennepfeffer},",,reference,open_food_facts,
5053990101531,Pringles Cheese & Onion,Pringles,"Dehydrated potatoes, vegetable oils (sunflower, corn), rice flour, wheat starch, cheese & onion seasoning [onion powder, dextrose, cheese powder (milk), lactose (milk), flavour enhancers (monosodium glutamate, disodium guanylate, disodium i",,reference,open_food_facts,
5053990127733,Snack salé au goût sel et vinaigre,Pringles,"1.99 0.89 139 1.09 199 0.57 g 7% 10% en/Apport de referenc pa/Dose de VEGEL TM,,2022 KELLOGG Europe Trading Limited www.pringles.com 5 053990 127733 &gt; LID Recycle th Distributed in UK by Kel Orange Tower, Meda Salford, Greater Manches M5",,reference,open_food_facts,
5053990101568,Pringles Potatoes chips Ketchup,Pringles,"SALÉ SAVEUR KETCHUP INGRÉDIENTS,' Pommes de terredéshydratées, huiles végétales (tournesol, ketchup lg mais), farine de riz, amidon de blé, assaisonnement acide acéti(141 correcteurs d'acidité (acétates de sodium, monosodique, exhausteurs d",,reference,open_food_facts,
5053990162736,Pringles paprika 175 gr,Pringles,"Patate disidratate, oli vegetali (girasole, palma, mais) in proporzione variabile, farina di frumento, farina di mais, farina di riso, paprika (zucchero, paprika in polvere, esaltatori di sapidità (glutammato monosodico, guanilato disodico,",,reference,open_food_facts,
5053990162763,Pringles Smokey Bacon Flavour,Pringles,"Dehydrated potatoes, vegetable oils (sunflower, palm, corn) in varying proportions, wheat flour, corn flour, rice flour, bacon seasoning [yeast powder, dextrose, flavour enhancers (monosodium glutamate, disodium guanylate, disodium inosinat",,reference,open_food_facts,
5053990167980,Texas BBQ Sauce,Pringles,"Dehydrated potatoes, sunflower oil, wheat flour, corn flour, rice flour, barbecue seasoning (sugar, lactose (milk), salt, onion powder, flavour enhancers (monosodium glutamate, disodium 5'-ribonucleotides), tomato powder, paprika powder, ye",,reference,open_food_facts,
5053990176003,Pringles Sweet Chilli Flavour,Pringles,"Pommes de terre déshydratées, huile de tournesol, farine de maïs, farine de blé, assaisonnement au gôut piment doux (sucre, dextrose, exhausteurs de goût {glutamate monosodique, 5'-ribonucléotide disodique}, épices {ail, oignon, poivrons ro",,reference,open_food_facts,
5053990179037,Sour Cream and Onion,Pringles,"dehydrated potatoes, sunflower oil, wheat flour, corn flour, rice flour, wheat starch, maltodextrin, salt, onion seasoning, dextrose, onion powder, modified maize starch, sour cream powder, lactose, whey powder, buttermilk powder, flavour e",,reference,open_food_facts,
5053990167698,Paprika,Pringles,"DISCOV MORE P PRINGLES PAPRIKA APEDIENTS Dehydrated potatoes, sunflower oil, corn flour, wheat flour, paprika seasoning 27% w dresate dextrose, yeast powder, onion powder, salt, granulated broth (sait, hydralined w whey powder (milk), rice ",,reference,open_food_facts,
5053990182864,Cream Cheese & Herbs Flavour,Pringles,"Dehydrated potatoes, sunflower oil, corn flour, wheat flour, cream cheese and herbs flavour seasoning (whey permeate powder (milk), maltodextrin, sugar, salt, cream cheese powder (milk), flavourings, spices (garlic, onion, black pepper), sk",,reference,open_food_facts,
5053990124967,Pringles,Pringles,"Pommes de terre déshydratées, huiles végétales (tournesol, maïs), farine de riz, amidon de blé, farine de maïs, émulsifiant (E471), maltodextrine, sel, extrait de levure, levure en poudre, colorant (E160b).",,reference,open_food_facts,
0038000138430,Original Light,Pringles,"DRIED POTATOES, VEGETABLE OIL (CORN OIL, COTTONSEED OIL, HIGH OLEIC SOYBEAN OIL, SUNFLOWER OIL), DEGERMINATED YELLOW CORN FLOUR, CORNSTARCH, RICE FLOUR, MALTODEXTRIN, MONO AND DIGLYCERIDES, 2% SALT, WHEY, SOUR CREAM (CREAM, NONFAT MILK, CUL",,reference,open_food_facts,
5053990157071,Pringles gusto Pizza,Pringles,"Patate disidratate, olio di girasole, farina di _frumento_, farina di mais, farina di riso, condimento a base di pizza (lattosio {latte}, latticello in polvere {latte}, esaltatori di sapidità {glutammato monosodico, 5'-ribonucleotidi di sod",,reference,open_food_facts,
5053990167883,Classic paprika,Pringles,"Kartoffelpüreepulver, pflanzliche Öle (Sonnenblume, Palm, Mais) in veränderlichen Gewichtsanteilen, Weizenmehl, Maismehl, Reismehl, Paprika-Würzmischung (Paniermehl {Weizen}, Dextrose, Hefepulver, Zucker, Paprikapulver, Geschmacksverstärker",,reference,open_food_facts,
5053990167537,Pringles Salt & Vinegar,Pringles,"Dehydrated potatoes, Vegetable oils (sunflower, palm, corn), wheat flour, corn flour, rice flour, Salt and vinegar seasoning (barley), Potato starch, lactose (milk), maltodextrin, flavour enhancers (Disodium guanylate, Monosodium glutamate,",,reference,open_food_facts,
5053990107359,PRINGLES SALT & VINEGAR,Pringles,"rated potatoes, sunflower oil, corn flour, wheat flour, rice flour, salt and vinegar seasoning arouring diale, sall, acids (citric acid, malic acid), sunflower oil), maltodextrin, emulsifier (E471) rapeseed a st DAINOSNACKS MED SALT-&VINAGE",,reference,open_food_facts,
5053990182590,Thai Style Green Curry,Pringles,"Kartoffelpüreepulver, Sonnenblumenöl, Weizenmehl, Maismehl, Reismehl, Würzmischung mit grünem Thai Curry-Geschmack (Laktose (Milch), Maltodextrin, Zucker, Speisesalz, Zwiebelpulver, Geschmacksverstärker (Mononatriumglutamat, Dinatrium-5'-ri",,reference,open_food_facts,
5053990182907,Pringles - Blazin Fried chicken,Pringles,"Sum PUNTO E Pack ************ PRINGLES HOT D BLAZIN FRIED CHICKEN FLAVOUR ORY STACK INGREDIENTS: Dehydrated potatoes, sunflower oil, wheat flour, corn flour, rice flour, spicy fried chicken flavour sing cayenne pepper), maltodextrin, sugar,",,reference,open_food_facts,
5053990125054,Pringles Sour Cream & Onion,Pringles,"Pommes de terre déshydratées, huiles végétales (tournesol, maïs), farine de riz, amidon de _BLÉ_, farine de maïs, assaisonnement crème acidulée et oignon (exhausteurs de goût {glutamate monosodique, guanylate disodique, inosinate disodique}",,reference,open_food_facts,
5053990151031,Pizza grande,Pringles,"Patatas deshidratadas; aceite de girasol; harina de trigo; harina de maíz; harina de arroz; condimento von sabor de pizza ( lactosa {leche}, suero de mantequilla en polvo {leche}, potenciadores del sabor",,reference,open_food_facts,
5053990154551,Pringles Sour Cream & Onion,Pringles,"DE KNABBERGEBACK MIT SAUERRAMIS VEBELGESCHMACK. : Kartoifelpirep Sonnenblumenol, Weizenmeh., Maismehl, Pesn Sauerrahm - - Zwiebel-Würzmischung (Weizenstirte, Geschmacksverstärker (Mononatriumglstamat, Dinatriumguanylat, ,Dinatriuminosinat),",,reference,open_food_facts,
5053990167917,Hot & Spicy,Pringles,"Kartoffelpüreepulver, pflanzliche Öle (Sonnenblume, Mais), Reismehl, Weizenstärke, Maismehl, Gewürze (Gewürze, Zucker, Geschmacksverstärker (Mononatriumglutamat, Dinatriumguanylat, Dinatriuminosinat)), Brühe (Speisesalz, Pflanzeneiweiß, Son",,reference,open_food_facts,
0038000138573,Cheddar Cheese,Pringles,"DRIED POTATOES, VEGETABLE OIL (CORN, COTTONSEED, HIGH OLEIC SOYBEAN, SUNFLOWER OIL), DEGERMINATED YELLOW CORN FLOUR, CORNSTARCH, RICE FLOUR, MALTODEXTRIN, MONO - AND DIGLYCERIDES OF FATTY ACIDS, 2% WHEY, SALT, MONOSODIUM GLUTAMATE, COCONUT ",,reference,open_food_facts,
5053990175129,Pringles Sweet Paprika,Pringles,"Kartoffelpüreepulver, Sonnenblumenöl, Maismehl, Weizenmehl, Paprika-Würzmischung (Zucker, Paprikapulver, Geschmacksverstärker (Mononatriumglutamat, Dinatriumguanylat, Dinatriuminosinat), Dextrose, Hefepulver, Zwiebelpulver, Speisesalz, gekö",,reference,open_food_facts,
0038000138412,Original Potato Crisps,Pringles,"DRIED POTATOES, VEGETABLE OIL (CORN, COTTONSEED, HIGH OLEIC SOYBEAN, SUNFLOWER OIL), DEGERMINATED YELLOW CORN FLOUR, CORNSTARCH, RICE FLOUR, MALTODEXTRIN, MONO -  AND DIGLYCERIDES, SALT, WHEAT STARCH.",,reference,open_food_facts,
8886467122408,Pringles Sour Cream & Onion Flavour Potato Crisps,Pringles,,,reference,open_food_facts,
5053990182484,French style black truffle & butter flavour,Pringles,"Dehydrated potatoes, sunflower oil, wheat flour, corn flour, rice flour, black truffle and butter flour seasoning (dextrose, sunflower oil, flavourings, salt, modified maize starch, potato starch, sugar, pepper, garlic powder, onion powder,",,reference,open_food_facts,
5053990119327,Tuiles Pringles Emmental,Pringles,"Pommes de terre déshydratées, huiles végétales (tournesol, maïs), farine de riz, amidon de BLE, farine de maïs, assaisonnement emmental (lactose en poudre {LAIT}, fromage Emmental en poudre {LAIT}, fromage en poudre {LAIT}, exhausteurs de g",,reference,open_food_facts,
0038000183713,BBQ flavored coated potato crisps,Pringles,"DRIED POTATOES, VEGETABLE OIL (CORN, COTTONSEED, HIGH OLEIC SOYBEAN, AND/OR SUNFLOWER OIL), DEGERMINATED YELLOW CORN FLOUR, CORNSTARCH, RICE FLOUR, MALTODEXTRIN, SUGAR, MONO-AND DIGLYCERIDES, SALT, TOMATO POWDER, MONOSODIUM GLUTAMATE, CITRI",,reference,open_food_facts,
5053990121924,Pringles Ketchup GR. 165,Pringles,"SNACK SALATO AL GUSTO DI KETCHUP INGREDIENTI: Palate disidratate olf vegetali (girasole, mais), farina di riso, amido di frumento, arina di mais, condimento a base di ketchup (zucchero, corettori di aite Idacetato di sodio, acido acetico), ",,reference,open_food_facts,
5053990151581,Pringles Original,Pringles,protectora 16. Los distribuidores tienen la facultad exclusiva de determinar el precio final de vent 1000g/30g 2003 kJ 661 kJ 528 kcal 158 kcal RI* /30 g 8% 93g 13% 31g 0.9g 5% 300 SAG 16 g 6% 09 0.3g 0.3% 4g 12g 62g 19 g 4% 10g 03g 5% en/A,,reference,open_food_facts,
8886467122435,Pringles Desi Masala Tadka Flavour,Pringles,"Dried Potato (45%), Edible Vegetable Oil (Palm Oil), Corn Flour, Wheat Starch, Desi Masala Tadka Flavour Seasoning (5.5%) [Salt, Maltodextrin, Vegetable Powders {Onion Powder (6%), Garlic Powder (2.7%), Tomato Powder (1%)}, Sugar, Spices (6",,reference,open_food_facts,
5053990182536,Chinese Style Sweet & Sticky Wings Flavour,Pringles,"Kartoffelpüreepulver, Sonnenblumenöl, Weizenmhel, Maismehl, Reismehl, Würzmischung Mit süße Hühnerflügel-Geschmack (Molkenpermeatpulver {milch}, Zucker, Aromen, Maltodextrin, Gewürze {Knoblauch, Zwiebel, Cayennepfeffer}, Geschmacksvestärker",,reference,open_food_facts,
5053990167494,Cheese & Onion,Pringles,"Dehydrated potatoes, sunflower oil, wheat flour, corn flour, rice flour , cheese & onion se ( onion powder , dextrose , maltodextrin , glucose syrup , flavour enhancers ( monosodium glutamate , disodium guanylate , disodium inosinate ) , mo",,reference,open_food_facts,
5053990172292,Pringles originale,Pringles,"Pommes de terre déshydratées, huiles végétales (tournesol, palme, maïs) en proportion variable, farine de blé, farine de maïs, farine de riz, maltodextrine, émulsifiant (E461), sel, colorant (norbixine de rocou). Peut contenir soja.",,reference,open_food_facts,
8886467103403,Original Flavour Savoury Snack / POTATO CRISPS,Pringles,"Dehydrated potato, vegetable oils, wheat starch, rice flour, emulsifier (471), maltodextrin, salt, acidity regulator (330).",,reference,open_food_facts,
8886467122444,Pringles - South African Style Periperi Flavour,Pringles,"Dried Potato (44%), Edible Vegetable Oil (Palm Oil), Corn Flour, Starch, Peri Peri Seasoning (6.5%) [Maltodextrin, Salt, Sugar, Flavouring Substances (Natural & Nature Identical), Vegetable Powder (5%) (Garlic), Vinegar, Spices (Red Chilli ",,reference,open_food_facts,
5053990125027,Pringles sabor Original envase 70 g,Kellogg's,"patatas deshidratadas, aceites vegetales (girasol, maiz),extrato de levadura, levadura en polvo, colorante (annato)",,reference,open_food_facts,
0064100111338,Original,Pringles,"POMMES DE TERRE DÉSHYDRATÉES, HUILE VÉGÉTALE, FARINE DE MAÏS, AMIDON DE MAÏS, FARINE DE RIZ, MALTODEXTRINE, MONO - ET DIGLYCÉRIDES, SEL, ACIDE CITRIQUE, AMIDON DE BLÉ,",,reference,open_food_facts,
8886467122392,PRINGLES ( ORIGINAL ),Pringles,"Dried Potato (48%), Edible Vegetable Oil (Palm Oil), Corn Flour, Starch, Emulsifier (INS 471), Maltodextrin, Salt, Acidity Regulator (INS 330)",,reference,open_food_facts,
0038000138607,Salt & Vinegar,Pringles,"DRIED POTATOES, VEGETABLE OIL (CORN, COTTONSEED, HIGH OLEIC SOYBEAN, SUNFLOWER OIL), DEGERMINATED YELLOW CORN FLOUR, CORNSTARCH, RICE FLOUR, MALTODEXTRIN, MONO - AND DIGLYCERIDES, LACTOSE, 2% SALT, SODIUM DIACETATE, DEXTROSE, MALIC ACID, VI",,reference,open_food_facts,
0038000845248,Original,Pringles,"DRIED POTATOES, VEGETABLE OIL (CORN, COTTONSEED, HIGH OLEIC SOYBEAN AND/OR SUNFLOWER OIL), CORNSTARCH, DEGERMINATED YELLOW CORN FLOUR, RICE FLOUR, MALTODEXTRIN, MONO - AND DIGLYCERIDES, SALT, WHEAT STARCH.",,reference,open_food_facts,
0038000846733,Original,Pringles,"PAPAS DESHIDRATADAS, ACEITE DE ALGODÓN, ALMIDÓN DE MAÍZ, HARINA DE MAÍZ AMARILLO DESGERMINADO, HARINA DE ARROZ, MALTODEXTRINA, MONO Y DIGLICÉRIDOS (EMULSIFICANTE), SAL, DEXTROSA DE TRIGO.",,reference,open_food_facts,
5053990125115,Pringles sour cream&onion,Pringles,,,reference,open_food_facts,
5053990167731,Prawn Cocktail Flavour,Pringles,"Dehydrated Potatoes, Sunflower Oil, Palm Oil, Corn Oil, _Wheat_ Flour, Corn Flour, Rice Flour, Prawn Cocktail Seasoning (Sugar, Acidity Regulator (Sodium Diacetate), Flavour Enhancer (Monosodium Glutamate), Potassium Chloride, Tomato Powder",,reference,open_food_facts,
8886467103421,Sour Cream and Onion,Pringles,"Dehydrated potato, vegetable oils, wheat starch, rice flour, emulsifier (471), maltodextrin, salt, whey powder, flavour enhancers (621, 631, 627), dextrose, onion powder, sugar, flavour, non-fat milk powder, sour cream powder, acidity regul",,reference,open_food_facts,
8886467122417,Pringles Pizza Flavour Potato Crisps,Pringles,"Approximate Recommended Dietary Allowance Regulators (INS 296, 330), Flavour Enhancer (INS 635)/E 635, A Emulsifier (INS 471)/E 471, Maltodextrin, Acidity Regulator (INS 33 Contains wheat and milk READY TO EAT SAVOURIES TARY FOOD) OD SUNLIG",,reference,open_food_facts,
7896004006277,Salgadinho De Batata Original Pringles Tubo 104g,Pringles,,,reference,open_food_facts,
5053990185764,Passport Flavours Japanese Style Stir Fry,Pringles,MION + RINGLES PASSPORT FLAVOURS JAPANESE STYLE STIR FRY FLAVOUR HACK SAUTE 315 30g 651 kJ 156 kcal 8% 100g: 2170 kJ/520 kcal es,,reference,open_food_facts,
5053990172326,Snack salé au goût crème acidulée et oignon,Pringles,"Pommes de terre dis farine de blé, farine de maïs, farine de riz, assaisonnement crème acidulée et dig tusieurs de goût (glutamate monosodique, guanylate disodique, inosinate dis dextrose, huile de tournesol, sel, amidon de maïs modifié, ar",,reference,open_food_facts,
0038000184934,Pringles - Original,Pringles,"PAPAS DESHIDRATADAS ACEITE DE ALGODON, ALMIDON DE MAIZ HARINA DE MAIZ AMARILLO DESGERMINADO, HARINA DE DEXTROSA DE TRIGO. ARROZ MALTODEXTRINA, MONO Y DIGLICERIDOS (EMULSIFICANTE),SAL",,reference,open_food_facts,
5053990164114,Pringles Jamón,Pringles,"Patatas deshidratadas, aceite de girasol, harina de trigo, harina de maíz, harina de arroz, (levadura en polvo, potenciadores del sabor {glutamato de monosodio, guanilato disódico, inosinato disódico}, harina de trigo, cebolla en polvo, aro",,reference,open_food_facts,
0038000138634,Pizza Flavored Potato Crisps,Pringles,"DRIED POTATOES, VEGETABLE OIL (CORN OIL, COTTONSEED OIL, SOYBEAN OIL, SUNFLOWER OIL), DEGERMINATED CORN FLOUR, CORNSTARCH, RICE FLOUR, MALTODEXTRIN, MONO - AND DIGLYCERIDES, 2% SALT, WHEY, DEXTROSE, NATURAL FLAVORS, MONOSODIUM GLUTAMATE, TO",,reference,open_food_facts,
5053990183191,Pringles Hot Fiery Paprika Flavour,Pringles,"Player/pasta tylytynyta / εκ των οποίων κορεσμένα / satur/varav mättat fett / heraf mættede fedtsyrer / ON SABOR A PIMENTON PICA en polvo, potenciadores del sabor (glutamato de monosodio, 5'-ribonucleotidos de de malica, acele de girasol, c",,reference,open_food_facts,
5053990138720,Pringles original,Pringles,"Kartoffelpüreepulver, Sonnenblumenöl, _Weizenmehl_, Maismehl, Reismehl, Maltodextrin, Emulgator (E471), Salz, Farbstoff (Annatto, Norbixin)",,reference,open_food_facts,
8886467100035,Pringles Chessy Cheese Chips,Pringles,"pomme de terre séchée, huile d'oléine de palme (antioxydant (butylhydroquinone tertiaire)), farine de maïs, amidon de blé, assaisonnement de fromage (maltodextrine, extrait sec de lait, sel, arômes naturels, arômes artificiels, sucre, exhau",,reference,open_food_facts,
8886467122860,pringles,Pringles,,,reference,open_food_facts,
0064100111356,Sour Cream And Onion,Pringles,"Dried potatoes, Vegetable oil, Corn flour, Corn starch, Sugars (maltodextrin, sugar, dextrose), Rice flour, Mono - and diglycerides, Modified milk ingredients, Salt, Monosodium glutamate, Onion powder, Coconut oil, Sour cream solids (milk i",,reference,open_food_facts,
7896004006231,Salgadinho De Batata Creme E Cebola Pringles Tubo 109g,Pringles,,,reference,open_food_facts,
5053990158034,Prawn Cocktail flavour,Pringles,"Dehydrated potatoes, sunflower oil, wheat flour. corn flour, rice flour, prawn cocktail seasonig (sugar, acidity regulator [sodium diacetate], flavour enhancer [monosodium glutamate], potassium chloride, tomato powder, modified maize starch",,reference,open_food_facts,
5053990120651,Moroccan Style Roasted Pepper & Hummus,Pringles,"Kartoffelpüreepulver, Sonnenblumenöl, WEIZENMEHL, Maismehl, Reismehl, Würzung mit geröstetem Paprika - und Hummus-Geschmack (Molkenpermeatpulver {MILCH}, Zwiebelpulver, Knoblauchpulver, Paprikapulver, geräuchertes Paprikapulver, rote Paprik",,reference,open_food_facts,
0038000845512,Original,Pringles,"Dried potatoes, vegetable oil (corn, cottonseed, high oleic soybean, and/or sunflower oil), degerminated yellow corn flour, cornstarch, rice flour, maltodextrin, mono - and diglycerides, salt, wheat starch.",,reference,open_food_facts,
0034994101575,Pringles orginal,Pringles,,,reference,open_food_facts,
5053990168679,tzatziki flaviur,Pringles,,,reference,open_food_facts,
5053990172195,Original,Pringles,"Dehydrated potatoes, sunflower oil, wheat flour, rice flour, maltodextrin, emulsifier (E471), salt, colour (annatto norbixin)",,reference,open_food_facts,
8000500408160,Mon Cherie,Ferrero,"Halbbitterschokolade 49 % (Zucker, Kakaomasse, Kakaobutter, Emulgator Lecithine (SOJA), Vanillin), Zucker, Kirsche (18%), Likör 13% (Glukosesirup, Wasser, Alkohol, Zucker, Aromen), Kakaobutter. Kann MILCHBESTANDTEILE enthalten.",,reference,open_food_facts,
3760122966002,"L'incroyable Mousse, chocolat noir",Michel et Augustin,"Chocolat noir 38,5% (pâte de cacao, sucre, beurre de cacao), blanc d’_œufs_* 21%, _crème_, jaune d'_œufs_ 10,5%, sucre, beurre de cacao, fibres végétales (lin, agrumes). *œufs de poules élevées en plein air",,reference,open_food_facts,
3223920620124,couscous moyen,ferrero,100% Semoule de BLÉ dur de qualité supérieure.,,reference,open_food_facts,
8000500435614,"Eat Natural Vegan - Erdnüsse, Kokos & dunkle Schokolade",Eat Natural,"Bitterschokolade 20 % (Kakaomasse, Rohrzucker, Kakaobutter), ERDNÜSSE (18%), Reissirup, getrocknete Aprikosen (getrocknete Aprikosen 11 %**, Reismehl), Reis-Crispies, Kürbiskerne, Kokosraspel (5 %), Kokoschips (4,5 %), Kokossirup (4,5%), Ki",,reference,open_food_facts,
8000500325380,Kinder joy,Kinder,"Sucre, graisses végétales (palme, karité), LAIT écrémé en poudre 19,5%, farine de FROMENT, cacao maigre 3,5%, amidon de FROMENT, pâte de cacao, extrait de malt d'ORGE, émulsifiants : lécithines [SOJA] ; huile de tournesol, protéines de LAIT",,reference,open_food_facts,
3760122961706,"Grand cœur fondant, chocolat noisettes",Michel et Augustin,"LES INGREDIENTS DE VOS SUPERS COOKIES: sucre, farine de blé, pépites de chocolat noir 14,9% (sucre, pâte de cacao, beurre de cacao, émulsifiant: lécithines (soja), beurre, huiles et graisses végétales (tournesol, karité, noix de coco), fari",,reference,open_food_facts,
3017620420074,Nutella,Nutella,"sugar, palm oil, hazelnuts 13%, skim milk powder 8,7%, lean cocoa
7,4%, emulsifiers: lecithins [ soy ] vanillin",,reference,open_food_facts,
5020411121157,Nutella,Nutella,"Sugar, palm oil, _HAZELNUTS_ (13%), skimmed _milk_ powder (8.7%), fat-reduced cocoa (7.4%), emulsifier: lecithins (_SOYA_), vanillin.",,reference,open_food_facts,
4008400290522,Kinder Pingui 6-pack,Kinder,"Lait frais pasteurisé 24%, chocolat fin 21% (sucre, pâte de cacao, beurre de cacao, émulsifiants : lécithines [soja], arômes), sucre, huile de palme, lait écrémé en poudre, farine de froment 8,5%, beurre de cacao, beurre concentré, dextrose",,reference,open_food_facts,
3038359912230,Perles Moelleuses & fondantes,Ferrero,100% semoule de BLÉ* dur de qualité supérieure.,,reference,open_food_facts,
8000500131329,NUTELLA HAZELNUT SPREAD PAIL,Nutella,"Ferrero S.p.A P.le P. Ferrero 1 - 12051 Alba (CN) Italia, stabilimento Alba Non conservare in frigorifero - Tenere lontano da fonti di calore/ Da consumarsi preferibilmente entrO il: vedi parte bassa dell'eichera Distribué en France par Fer",,reference,open_food_facts,
3760122961724,"Super cookies coeur fondant au chocolat noir, noix de pécan et caramel",Michel et Augustin,"fourrage au chocolat noir 26%, [sucre, huile de tournesol, cacao maigre en poudre, chocolat noir 8% (cacao maigre en poudre, pâte de cacao, sucre), lait écrémé en poudre, émulsifiant: lécithines, (soja)], une cuillère à soupe de farine de b",,reference,open_food_facts,
7898024394187,Nutella 350g,Ferrero,"AZÚCAR, GRASA VEGETAL, AVELLANAS, LECHE DESCREMADA EN POLVO, CACAO EN POLVO DESGRASADO, EMULSIFICANTE (LECITINAS), SABORIZANTE. CONTIENE AVELLANA, LECHE Y DERIVADOS DE SOJA.",,reference,open_food_facts,
8000500440856,Crispy Cocoa,Ferrero,"Zucker, Palmöl, WEIZENMEHL (12,5 %), fettarmer Kakao (10,5%), HASELNÜSSE (8%), Kichererbsen, Quinoa-Crisps (5 %), Emulgator Lecithine (SOJA), Salz, Backtriebmittel Natriumhydrogencarbonat, Vanillin",,reference,open_food_facts,
8000500167111,Crisp hazelnut and milk chocolates,Ferrero,"milk chocolate 30% (sugar, cocoa butter, cocoa paste, skimmed milk powder, concentrated butter, emulsifiers : lecithins [ soy ], vanillin), hazelnuts 28,5 per cent, sugar, palm oil, wheat flour , whey powder, lean cocoa, emulsifiers : lecit",,reference,open_food_facts,
0789742895054,Nutella,Ferrero,"AZUCAR, ACEITE VEGETAL, AVELLANAS (13%) LECHE DESCREMADA EN POLVO (8,7%), CACAO MAGRO EN POLVO (74%), EMULSIONANTE: LECITINA, SABORIZANTE IDÉNTICO AL NATURAL: VAINILLINA,",,reference,open_food_facts,
8000500272486,Hanuta,Ferrero,"sugars, vegetable fats (palm, shea), wheat flour (13,5%), hazelnuts (13%), sweet whey powder, low-fat cocoa, whole milk chocolate (sugar, whole milk powder, cocoa butter, cocoa mass, emulsifier lecithins ( soy ), vanillin), skimmed milk pow",,reference,open_food_facts,
8000500267369,Estate zero,Ferrero,"Tè nero (acqua, tè nero), esaltatori di sapidità (eritritolo, acido ascorbico), succo di limone da concentrato (0,2%), aromi, acidificante (acido citrico), edulcoranti (sucralosio, glicosidi steviolici da Stevia)",,reference,open_food_facts,
8000500167041,Bonbons Tic Tac x110 pastilles DUO DE FRAISES - 54g,Tic Tac,"Sucre, maltodextrine, acidifiants (acide tartrique, acide malique, acide citrique), épaississant: gomme arabique; amidon de riz, fructose, arômes, fraise en poudre, colorant : E162; jus de citron en poudre, agent d'enrobage : cire de carnau",,reference,open_food_facts,
4008400230724,Kinder Überraschung Maxi,Kinder,"milk chocolate 45 % (sugar, whole milk powder, cocoa butter, cocoa mass, emulsifier lecithins ( soy ) vanillin), skimmed milk powder (17,5%), sugar, vegetable fats (palm, shea), clarified butterfat , emulsifier lecithins ( soy ), vanillin",,reference,open_food_facts,
4008400524021,Kinder Osterhase - Harry Hase,Ferrero,"VOLLMILCHSCHOKOLADE 45 % (Zucker, VOLLMILCHPULVER, Kakaobutter, Kakaomasse, Emulgator Lecithine (SOJA), Vanillin), MAGERMILCHPULVER (17,5 %), Zucker, pflanzliche Fette (Palm, Shea), BUTTERREINFETT, Emulgator Lecithine (SOJA), Vanillin.",,reference,open_food_facts,
0072417328981,strawberry jammie dodgers,Ferrero,"_wheat_ flour (_wheat_ flour, calcium carbonate, niacin, iron and thiamin), strawberry flavour apple jam (27%) (glucose-fructose syrup, apples (_sulphites_), sugar, humectant (glycerol), acid (citric acid), acidity regulator (sodium citrate",,reference,open_food_facts,
3701239904873,Sablés nappés Chocolat noir,Michel et Augustin,"Farine de blé, chocolat noir 23% (sucre, pâte de cacao, beurre de cacao, beune pâtissier, émulsifiant: lécithine de soja), beurre 20%, sucre, pépites de chocolat noir 5% (sucre, pâte de cacao, beurre de cacao, dextrose, émulsifiant: lecithi",,reference,open_food_facts,
4008400182825,Raffaello,Ferrero,"Kokosraspel (25,5%), pflanzliche Fette (Palm, Shea), Zucker, Mandel (8%), Magermilchpulver, Süssmolkenpulver, Weizenmehl, Tapiokastärke, Emulgator Lecithine (Soja), natürliches Aroma, Backtriebmittel Natriumhydrogencarbonat, Vanillin, Salz",,reference,open_food_facts,
4008400511823,Kinder Weihnachtsmann,Kinder,"milk chocolate 45% (sugar, whole milk powder, cocoa butter, cocoa mass, emulsifier lecithins (soya), vanillin), skimmed milk powder, sugar, vegetable fats (palm, shea), butterfat, emulsifier lecithins (soya), vanillin",,reference,open_food_facts,
9300698000212,nutella,Ferrero,"sugar, vegetable oil (palm*), hazelnuts (13%), skim milk powder (8,7%), fat-reduced cocoa powder (7,4%) emulsifier (lecithins) (soy), flavouring (vanillin), total milk solids: 8,7%, total cocoa solids: 7,4%, *sustainable and segregated cert",,reference,open_food_facts,
8000500442100,Plumcake kinder carota,Kinder,"Farina di FRUMENTO. zucchero, olio di girasole non idrogenato, purea di carote (10,5%), UOVA, YOGURT colato 3.6%, MANDORLE (3%), LATTE intero in polvere 1,5%, agenti lievitanti (difosfato disodico, carbonato acido di sodio), aromi, emulsion",,reference,open_food_facts,
4008400221124,Kinder Riegel 10er + 1 Gratis,Kinder,"VOLLMILCHSCHOKOLADE 40 % (Zucker, VOLLMILCHPULVER, Kakao - butter, Kakaomasse, Emulgator Lecithine SOJA), Vanillin), Zucker, MAGERMILCHPULVER, Palmöl, BUTTERREINFETT, Emulgator Lecithine (SOJA), Vanillin, Gesamtmilchbestandteile im Produkt ",,reference,open_food_facts,
4008400181525,Raffaello,Ferrero,"Kokosraspel (25,5 %), pflanzliche Fette (Palm, Shea), Zucker, MANDEL (8 %), MAGERMILCHPULVER, SÜSSMOLKENPULVER, WEIZENMEHL, Taplokastärke, Emulgator Lecithine (SOJA), natürliches Aroma, Backtriebmittel Natriumhydrogencarbonat, Vanillin, Sal",,reference,open_food_facts,
8000500328758,FERRERO RONDNOIR,Ferrero,"Halbbitterschokolade 40,5 % (Zucker, Kakaomasse, Kakaobutter, Emulgator Lecithine (_SOJA_), Vanillin), Zucker, Palmöl, _WEIZENMEHL_, fettarmer Kakao (5,5%), _SÜSSMOLKENPULVER_, _MAGERMILCHPULVER_, _WEIZENSTÄRKE_, Sonnenblumenöl, _VOLLMILCHS",,reference,open_food_facts,
3038359012327,Ferrero couscous cuisine 2x200g,Ferrero,"Graines de couscous (BLÉ) 91% de qualité supérieure, cumin, curcuma, gingembre, paprika, tomates, poivron rouge, huile d'olive vierge, sel, épices, plantes aromatiques, arôme naturel. Contient du Gluten. Peut contenir du céleri, soja et mou",,reference,open_food_facts,
8000500159097,Raffaello 40 Stück,Ferrero,"Kokoraspel (25.5%), pflanzliche Fette (Palm, Shea), Zucker, MANDELN (8%), MAGERMILCHPULVER, SÜSSMOLKENPULVER, WEIZENMEHL, Tapiokastärke, Emulgator Lecithine (SOJA), natürliches Aroma, Backtriebmittel Natriumhydrogencarbonat, Vanillin, Salz.",,reference,open_food_facts,
3038359911790,Légumes du soleil aux épices d'Orient,Ferrero,"Pulpe de tomate avec morceaux et concentré de tomates 63,9%, légumes (courgettes 10%, poivrons jaunes 6%, oignons, aubergines), eau, huile d'olive vierge, sucre, épices 0,9%, amidon modifié, arômes naturels, sel, persil 0,5%, ail, jus de ci",,reference,open_food_facts,
3116430209403,Delacre délichoc chocolat blanc,Delacre,"Chocolat blanc (49%) (sucre, beurre de cacao, lait écrémé en poudre, lactose, beurre patissier, lactoserum en poudre, émulsifiant : lecithine de soja, arome) - farine de ble - sucre - graisse végétale (palme, colza) - noix de coco - sel - l",,reference,open_food_facts,
4008400671523,Duplo White 10er-Pack,Duplo,"Gefüllte Weiße Schokolade mit Wafel (7 %) und Haselnusscreme (17 %). : Weiße Schokolade 74,5 % (MAGERMILCHPULVER, Kakaobutter, Zucker, BUTTERREINFETT, Emulgator Leçithine (S0JA), Vanillin), Zucker, WEIZENMEHL, HASELNUSSE (46), Palmöl, SÜSSM",,reference,open_food_facts,
8000500090040,KREM DO SMAROWANIA,Nutella,"cukier, olej palmowy, _ORZECHY LASKOWE_ (13%), _MLEKO_ odtłuszczone w proszku (8,7%), kakao w proszku o obniżonej zawartości tłuszczu (7,4%), emulgator: lecytyny (_SOJA_), wanilina.",,reference,open_food_facts,
8000500392939,Nutella-Muffin,Nutella,"WEIZENMEHL (20 %), Zucker, Nuss-Nugat-Creme 16,5 % (Zucker, Palmöl, HASELNÜSSE 13 %, MAGERMILCHPULVER 8,7 %, fettarmer Kakao 7,4 %, Emulgator Lecithine (SOJA), Vanillin), pflanzliche Fette (Palm, Kokosnuss), Sauerteig 9 % (Wasser, WEIZENMEH",,reference,open_food_facts,
9300698000647,Nutella,Ferrero,"sugar, vegetable oil (palm'), hazelnuts (13%), skim milk powder (8,7%), fat-reduced cocoa powder (7,4%), emulsifier (lecithins) (soy), flavouring (vanillin)",,reference,open_food_facts,
3038359912267,Couscous relevé,Ferrero,graine de coucous blé,,reference,open_food_facts,
8000500410998,Tic Tac Mint,Tic Tac,"LNI W 3RD 20 000 20 OR ON Bot Proprietary food-Harry (0.2.1) INGREDIENTS SUGAR, MALTA RICE STARCH, THICKENER (INS 414), FRUCTOSE, FLAVOURS NATURAL FLAVOURS AND FLAVOURING SUBSTANCES, NATURE-IDENTICAL FLAVOURING SUBSTANCES AND ARTIFICIAL FLA",,reference,open_food_facts,
8000500357723,Nutella,Ferrero,"sugar, palm oil, hazelnuts (13%), skimmed milk powder (8,7%), lean cocoa (7,4%), emulsifiers: lecithins (soy), vanillin, gluten-free",,reference,open_food_facts,
8000500193383,Nutella,Nutella,"SUCRE, GRAISSE VEGETALE, NOISETTES (13%), LAIT ECREME EN POUDRE (8.7%) CACAO MAIGRE EN POUDRE (7.4%), EMULSIFIANTS (LECITHINES) (SOJA), AROME",,reference,open_food_facts,
5413548193223,Kinder Bueno,Ferrero,"milk chocolate 31,5% (sugar, cocoa butter, cocoa mass, skimmed milk powder, concentrated butter, emulsifiers: lecithins (soya), vanillin), sugar, palm oil, wheat flour, hazelnuts (10,5%), skimmed milk powder, milk powder, chocolate (sugar, ",,reference,open_food_facts,
3038359911781,Légume cuisinés façon couscous,Ferrero,"Purée de tomates en morceaux et concentré de tomates 62%, courgettes 10%, carottes 6%, oignons, eau, pois chiches 4%, huile d'olive vierge, sucre, épices 0,9%, amidon modifié, sel, ail, jus concentrés de légumes (carottes, oignons, courgett",,reference,open_food_facts,
8000500396430,Gelato Ferrero Rocher white,Ferrero,"Reconstituted skimmed MILK, white chocolate 34.5% (cocoa butter, sugar, skimmed MILK powder, concentrated BUTTER, emulsifier: lecithins (SOYA), vanillin), sugar, HAZELNUTS (5.9%), glucose syrup, coconut oil, ALMONDS (3.1%), sunflower oil, s",,reference,open_food_facts,
8000500178667,Ferrero Collection,Ferrero,,,reference,open_food_facts,
3017620429260,Nutella,Ferrero,"Azúcar, manteca de palma, _avellanas_ 13%, _leche_ desnatada en polvo 8.7%, cacao desgrasado 7.4%, emulgentes (lecitina de _soja_), vainillina",,reference,open_food_facts,
8000500405598,Ferrero Rondnoir Gelato,Ferrero,"LATTE scremato reidratato, cioccolato extra 32,6% (zucchero, pasta di cacao, burro di cacao, BURRO anidro, emulsionanti: lecitine (SOIA), aromi), zucchero, cacao magro 4%, olio di cocco, sciroppo di glucosio, olio di girasole, PANNA pastori",,reference,open_food_facts,
5413548040471,Raffaello,Ferrero,"desiccated coconut 25,5%, vegetable fats (palm, shea), sugar, almond (8%), skimmed milk powder, whey powder (milk), wheat flour, tapioca starch, flavourings, emulsifier: lecithins (soya), raising agent (sodium bicarbonate), salt, suitable f",,reference,open_food_facts,
3038359911806,Aubergines cuisinées à l'orientale,Ferrero,"Pulpe de tomates en morceaux et concentré de tomates 60%, aubergines préfrites 11%, huile de tournesol, oignons 6%, eau, pois chiche 4%, sucre, ail, amidon modifié, sel, épices 0,5% (cannelle 0,01%), arôme naturel, persil, jus de citron con",,reference,open_food_facts,
8000500094976,Christmas Box of Chocolate Pieces (212g),Ferrero,,,reference,open_food_facts,
8000500160464,Boîte cube remplie de chocolats pralinés,Ferrero,"Chocolat au LAIT 30% (sucre, beurre de cacao, pâte de cacao, LAIT écrémé en poudre, BEURRE concentré, émulsifiants: lécithines [SOJA], vanilline), NOISETTES 28,5%, sucre, huile de palme, farine de FROMENT, LACTOSERUM en poudre, cacao maigre",,reference,open_food_facts,
8000500406269,"Ferrero Rocher Eis, Triple Experience, Caramel",Ferrero,"_Vollmilchschokolade_ 36 % (Zucker, Kakaobutter, Kakaomasse, _Magermilchpulver_, _Butterreinfett_, Emulgator Lecithine (_Soja_), Aromen), rekonstituierte _Magermilch_, Karamellsauce 11,5 % (Wasser, gezuckerte _Kondensmagermilch_, Glukosesir",,reference,open_food_facts,
8000500390269,Kornetti,Kinder,"Farina di FRUMENTO (32%). zucchero, lievito madre 10,5% (farina di FRUMENTO, acqua), acqua, margarina vegetale [olio e grasso vegetali non idrogenati (girasole, palma), acqua, sale, emulsionanti (mono e digliceridi degli acidi grassi), corr",,reference,open_food_facts,
7898024396529,Nutella,Ferrero,"AÇÚCAR, ÓLEO VEGETAL (PALMA), AVELÃS (13%), LEITE DESNATADO EM PÓ (8,7%), CACAU EM PÓ PARCIALMENTE DESENGORDURADO (7,4%), EMULSIFICANTE LECITINAS, AROMATIZANTE. COMPONENTES DO LEITE: 8,7% ALERGICOS: CONTÉM AVELÃS E DERIVADOS DE LEITE E SOJA",,reference,open_food_facts,
8000500430451,Ferrero Küsschen,Ferrero,"MILCHSCHOKOLADE 31 % (Zucker, Kakaomasse, Kakaobutter, VOLLMILCHPULVER, BUTTERREINFETT, Emulgator Lecithine (SOJA), Vanillin), HASELNÜSSE (26,5 %), Halbbitterschokolade 15 % (Zucker, Kakaomasse, Kakaobutter, Emulgator Lecithine (SOJA), Vani",,reference,open_food_facts,
8000500452505,prestige Ferrero 21 pz,Ferrero,,,reference,open_food_facts,
3116430057934,Namur,Delacre,"Farine de ble - sucre - graisse végétale (palme, palmiste, colza, noix de coco) - chocolat ai lait (9%) (sucre, beurre de cacao, pâte de cacao, lait écrémé en poudre, lactose, beurre pâtissier, émulsifiant : lecithine de soja, ârome) - cass",,reference,open_food_facts,
4008400301323,Duplo,Ferrero,"Gefüllte Vollmilchschokolade mit Waffel (7 %) und Nugatcreme (17 %). LCHSCHOKOLADE 49,5 % (Zucker, Kakaobutter, VOLLMILCHPULVER, Kab (SOJA), Vanillin), Zucker, pflanzliche Fette (Palm, Shea), WEIZENMEHL, H r Kakao, SÜSSMOLKENPULVER, Emulgat",,reference,open_food_facts,
4008400300829,Duplo - Big Pack,Ferrero,"Vollmilchschokolade 49,5% (Zucker, Kakaobutter, Vollmilchpulver, Kakaomasse, Emulgator Lecithine (Soja), Vanillin), Zucker, Pflanzliche Fette (Palm, Shea), Weizenmehl, Haselnüsse 5,5%, Fettarmer Kakao, Süßmolkenpulver, Emulgator Lecithine (",,reference,open_food_facts,
8000500142033,Nutella B-ready,Ferrero,"pâte à tartiner aux _noisettes_ et au cacao 76% (sucre, huile de palme, _noisettes_ 13%, cacao maigre 7,4%, _lait_ écrémé en poudre 6,6%, _lactosérum_ en poudre, émulsifiants : lécithines [_soja_], vanilline), spécialité croustillante et éc",,reference,open_food_facts,
4008400231325,Kinder Überraschung Maxi,Ferrero,"aADE 1Zker VOLLMILCHPULVER, Kakaobutter, K omasce 4PLADE SOKanE MAGERMALCHPULVER (17,5% Zucker, pfanzlicho Fette , Sheal BUTTERMENN FETT, Emulgator Lecithire (SOJA), Vanillin, Gesammilchbestandteile im Produkt 32%, samakabbestandtelle im Pr",,reference,open_food_facts,
8000500220410,NUTTELA 680g,Ferrero,"Sugar, Vegetable Fat (Palm), Hazelnuts 13%, Skimmed Milk Powder 8.7%, Fat Reduced Cocoa Powder 7.4%, Lecithin (Soy), Flavouring (Vanillin)",,reference,open_food_facts,
8000500406296,Raffaello Triple Experience,Ferrero,"reconstituted skimmed milk, sugar, coconut oil, skimmed milk powder, glucose syrup, whey powder, sunflower oil, desiccated coconut (4%), concentrated butter, blueberry juice from concentrate (2%), pasteurized cream, raspberry juice from con",,reference,open_food_facts,
0009800892268,Nutella Hazelnut Spread with Cocoa,Ferrero,"sugar, palm oil, hazelnuts, skim milk, cocoa, lecithin as emulsifier, vanillin",,reference,open_food_facts,
8000500351710,FERRERO ROCHER - The golden experience,Ferrero,"MILCHSCHOKOLADE 80% (Zucker, Kakaobutter, Kakaomasse, MAGERMILCHPULVER, BUTTERREINFETT, Emulgator Lecithine (SOJA), Vanillin), HASELNUSSE (20%). Kakao: 33,5%",,reference,open_food_facts,
8000500359615,Raffaello,Ferrero,,,reference,open_food_facts,
8000500358634,Tic Tac fruity mix,Ferrero,,,reference,open_food_facts,
8000500402573,Goût agrumes,Tic Tac,"Sucre, dextrose, maltodextrines, acidifiants (acide tartrique, acide citrique, acide malique), épaississant (gomme arabique), amidon de riz, arômes, anti-agglomérants (sels de magnésium d'acides gras), colorants (curcumine, caroténoïdes), j",,reference,open_food_facts,
8000500449024,Kinder mini eggs noisettes,Kinder,,,reference,open_food_facts,
8000500011469,Ferrero Rocher,Ferrero Rocher,"milk chocolate 30% (sugar, cocoa butter, cocoa mass, skimmed milk powder, concentrated butter, emulsifier: lecithins (soya), vanillin), hazelnuts (28,5%), sugar, palm oil, wheat flour, whey powder (milk), fat-reduced cocoa, emulsifier: leci",,reference,open_food_facts,
8000500005185,Boîte assortiment variétés de chocolat,Ferrero,"Chocolat au LAIT 30% (sucre, beurre de cacao, pate de cacao, LAIT NOISETTES 28,5%, sucre, huile de palme, farine de FROMENT, LACTOSERUM en poudre, cacao maigre, émulsifiants: lécithines [SOJA]: pondre a lever: carbonate acide de sodium; sel",,reference,open_food_facts,
3038359000632,"Graine de Couscous Moyen 1,5 Kg Ferrero",Ferrero,100% semoule de blé dur de qualité supérieure.,,reference,open_food_facts,
4008400141527,Pocket Coffee espresso,Ferrero,"Flüssige Kaffee-Füllung 54 % (Zucker, flüssiger Kaffee), Halbbitterschokolade 23 % (Kakaomasse, Zucker, Kakaobutter, Kaffee-Extrakt, Emulgator Lecithine (SOJA), Vanillin), VOLLMILCHSCHOKOLADE 14,5% (Zucker, Kakaomasse, VOLLMILCHPULVER, Kaka",,reference,open_food_facts,
4008400308423,Duplo Chocnut 5er-Pack,Duplo,"MILCHSCHOKOLADE 31,5 % (Zucker, Kakaobutter, Kakaomasse, MAGERMILCHPULVER, BUTTERREINFETT, Emulgator Lecithine (SOJA), Vanillin), Zucker, HASELNÜSSE (17%), Palmöl, WEIZENMEHL, SÜSSMOLKENPULVER, MAGERMILCHPULVER, Halbbitterschokolade (Zucker",,reference,open_food_facts,
8000500028122,Kinder Joy 3er-Pack,Ferrero,"Zucker, pflanzliche Fette (Palm, Shea), Magermilchpulver (19,5 %), Weizenmehl, fettarmer Kakao (3,5 %), Weizenstärke, Kakaomasse, Gerstenmalzextraktpulver, Emulgator Lecithine (Soja), Sonnenblumenöl, Milcheiweiss, Kakaobutter, Backtriebmitt",,reference,open_food_facts,
5020411118533,Kinder bueno white,Ferrero,"witte chocolade 28 % (cacaoboter, suiker, magere melkpoeder boterconcentraat, emulgatoren: lecithinen [soja], aroma's) suiker, palmolie, tarwemeel, magere melkpoeder, melkpoeder, gemalen hazelnoten 5%, weipoeder, tarwezetmeel, magere cacao ",,reference,open_food_facts,
3017620422009,Nutella,Nutella,"Sucre, huile de palme, NOISETTES 13%, cacao maigre 7,4%, LAIT écrémé en poudre 6,6%, LACTOSERUM en poudre, émulsifiants: lécithines [SOJA), vanilline. Sans gluten.",,reference,open_food_facts,
3017620425033,Nutella,Nutella,"Sucre, huile de palme, NOISETTES 13%, LAIT écrémé en poudre 8,7%, cacao maigre 7,4%, émulsifiants: lécithines [SOJA]; vanilline. Sans gluten",,reference,open_food_facts,
3017620429482,Nutella,Nutella,"Sucre, huile de palme, NOISETTES 13%, LAIT écrémé en poudre 8,7%, cacao maigre 7,4%, émulsifiants : lécithines [ SOJA ] vanilline",,reference,open_food_facts,
8000500310421,Biscuits NUTELLA Biscuits Noisettes et Cacao x22 - 304g,Nutella,"Pâte à tartiner aux NOISETTES et au cacao 40% (sucre, huile de palme, NOISETTES 13%**, LAIT écrémé en poudre 8,7%**, cacao maigre 7,4%**, émulsifiants : lécithines [SOJA]; vanilline), farine de FROMENT 32,5%, graisses végétales (palme, palm",,reference,open_food_facts,
8000500179860,Nutella,Nutella,"Sucre, graisse végétale (palme), noisettes (13%), lait écrémé en poudre (8,7%), cacao maigre en poudre (7,4%), émulsifiant: lécithines (soja)(0,43%), arôme: vanilline (0,02%).",,reference,open_food_facts,
3017620421000,Pâte à tartiner Nutella noisettes et cacao - 750g,Nutella,"Sucre, huile de palme, NOISETTES 13%, LAIT écrémé en poudre 8,7%, cacao maigre 7,4%, émulsifiants : lécithines [ SOJA ] vanilline. Sans gluten.",,reference,open_food_facts,
3017620420700,Nutella pâte à tartiner aux noisettes et au cacao,Nutella,"Sucre, huile de palme, NOISETTES 13%, LAIT écrémé en poudre 8,7%, cacao maigre 7,4%, émulsifiants: lécithines [SOJA]; vanilline.",,reference,open_food_facts,
4008400401623,Nutella,Nutella,"Zucker, Palmöl, HASELNÜSSE (13%). MAGERMILCHPULVER (8,7%), fettarmer Kakao (7,4%), Emulgator Lecithine (SOJA), Vanillin.",,reference,open_food_facts,
8000500310397,nutella biscuits,Nutella,"hazelnut spread with cocoa 40% (sugar, palm oil, hazelnuts (13%), skimmed milk powder (8,7%), fat - reduced cocoa (7,4%), emulsifier: lecithins (soya), vanillin), wheat flour (32,5%), vegetable fats (palm, palm kernel, cane sugar (8,5%), la",,reference,open_food_facts,
8000500227848,Biscuits NUTELLA B-ready Noisettes et Cacao x6 - 132g,Nutella,"Pâte à tartiner aux NOISETTES et au cacao 81,5% (sucre, huile de palme, NOISETTES 13%**, LAIT écrémé en poudre 8,7%**, cacao maigre 7,4%**, émulsifiants: lécithines [SOJA]; vanilline), farine de FROMENT 16%, levure de bière, extrait de malt",,reference,open_food_facts,
8000500217072,Nutella B-ready,Nutella,"Nuss-Nugat-Creme 81,5 % (Zucker, Palmöl, _HASELNÜSSE_ (13 %), _MAGERMILCHPULVER_ (8,7 %), fettarmer Kakao (7,4 %), Emulgator Lecithine (_SOJA_), Vanillin), _WEIZENMEHL_, Backhefe, _GERSTENMALZEXTRAKT_, Salz, _MAGERMILCHPULVER_, Emulgator Le",,reference,open_food_facts,
8000500425185,Glace au Nutella,Nutella,"reconstituted skimmed milk, sugar, pasteurized cream, sunflower oil, hazelnuts (6,5%), glucose syrup, skimmed milk powder, coconut oil, low-fat cocoa (3,5%), dextrose, emulsifiers: lecithins ( soy ), propylene glycol esters of fatty acids, ",,reference,open_food_facts,
8000500359350,"Biscuits Nutella x3 biscuits fourrés - 41,4g",Nutella biscuits,"Pâte à tartiner aux NISETTES etau cacao 40% (sucre, huile de palme, NOISETTES 12 écrémé en poudre 8,7%, cacao maigre 7,4%, émulsifiants:lécithines (SOJAI:vanilline), farine de FROMENT 32,5%, graisses vegétales (palme, palmiste), sucre de ca",,reference,open_food_facts,
8000500390302,nutella biscuits,Nutella,"HAZELNUT SPREAD WITH COCOA (40%) (SUGAR, VEGETABLE FAT (PALM), HAZELNUTS (13%), SKIMMED MILK POWDER (8.7%), FAT-REDUCED COCOA POWDER (7.4%), EMULSIFIER: LECITHIN (SOY), FLAVOURING: VANILLIN), WHEAT FLOUR, VEGETABLE FATS (PALM, PALM KERNEL),",,reference,open_food_facts,
0009800800054,nutella & GO! with Breadsticks,Nutella,"NUTELLA: SUGAR, PALM OIL, HAZELNUTS, COCOA, SKIM MILK, WHEY (MILK), LECITHIN AS EMULSIFIER (SOY), VANILLIN: AN ARTIFICIAL FLAVOR. BREADSTICKS: WHEAT FLOUR, PALM OIL, SALT, BAKER'S YEAST, MALT EXTRACT.",,reference,open_food_facts,
0062020000840,HAZELNUT SPREAD WITH COCOA,Nutella,"sugar, palm oil, modified, hazelnuts, cocoa, skimmed milk powder, whey powder, lecithin, vanillin, contains: hazelnuts, milk, soy,",,reference,open_food_facts,
0012970425033,Nutella,Nutella,,,reference,open_food_facts,
8000500382765,Nutella biscuits🍪,Nutella,"Pâte à tartiner aux _NOISETTES_ et au cacao 40% (sucre, huile de palme, _NOISETTES_ 13%**, _LAIT_ écrémé en poudre 8,7%**, cacao maigre 7,4%**, émulsifiants: lécithines [_SOJA_]; vanilline), farine de _FROMENT_ 32,5%, graisses végétales (pa",,reference,open_food_facts,
0009800895256,Hazelnut Spread With Cocoa,Nutella,"sugar, palm oil, hazelnuts, cocoa, skim milk, whey (milk), lecithin as emulsifier (soy), vanillin: an artificial flavor,",,reference,open_food_facts,
8000500045493,Biscuits Batonnets NUTELLA &Go! Noisettes et Cacao x2 - 104g,Nutella,"Pâte à tartiner aux noisettes et cacao.sucre, huile de palme, NOISETTES 13%, LAIT écrémé en poudre 8,7%, cacao maigre 7,4%, émulsifiants : lécithines [SOJA] ; vanilline.Bâtonnets céréaliers.farine de FROMENT, huile de palme, sel, extrait de",,reference,open_food_facts,
8000500150245,Nutella,Nutella,"Sucre, huile de palme, NOISETTES 13%, LAIT écrémé en poudre 8,7%, cacao maigre 7,4%, émulsifiants : lécithines [ SOJA ] vanilline. Sans gluten",,reference,open_food_facts,
8000500413658,Ferrero Nutella Croissant,Nutella,"Farina di FRUMENTO (24%), margarina vegetale [olio di palma, acqua, olio di girasole, sale, succo di limone concentrato], crema alle NOCCIOLE e al cacao 17% (zucchero, olio di palma, NOCCIOLE 13%**, LATTE scremato in polvere 8,7%**, cacao m",,reference,open_food_facts,
0062020000743,Hazelnut Spread with Cocoa,Nutella,"Sugar, modified palm oil, hazelnuts, skim milk 
powder, cocoa, soy And/or sunflower lecithin, vanillin",,reference,open_food_facts,
0015070422003,nutella,Nutella,"Sucre, huile de palme, NOISETTES 13%, LAIT écrémé en poudre 8,7%, cacao maigre 7,4%, émulsifiants: lecithines (SOJA); vaniline.",,reference,open_food_facts,
0009800892204,Hazelnut spread with cocoa,Nutella,"SUGAR, PALM OIL, HAZELNUTS, SKIM MILK, COCOA, LECITHIN, VANILLIN.",,reference,open_food_facts,
8000500220535,Nutella,Nutella,"AZUCAR, ACEITE VEGETAL, AVELLANAS (13%), LECHE DESCREMADA EN POLVO (8,7% ), CACAO MAGRO EN POLVO (7,4%), EMULSIONANTE: LECITINA, SABORIZANTE IDÉNTICO AL NATURAL: VAINILLINA",,reference,open_food_facts,
8000500450914,Nutella Donut,Nutella,"FR BE Pâtisserie cuite, fourrée à la pâte à tartiner aux noisettes et au cacao Nutella®, surgelée. Ingrédients: farine de FROMENT, pâte à tartiner aux NOISETTES et au cacao 23,5% (sucre, huile de palme, NOISETTES 13%**, LAIT écrémé en poudr",,reference,open_food_facts,
8000500436969,Nutella crêpe,Nutella,"Pâte à tartiner aux NOISETTES et au cacao 34% (sucre, huile de palme, NOISETTES 13%, LAIT écrémé en poudre 8,7%, cacao maigre 7,4%, lécithine de soja, vanilline), farine de FROMENT, LAIT pasteurisé, ŒUFS 8%, sucre de canne, BEURRE concentré",,reference,open_food_facts,
4008400260929,Kinder Country,Kinder,"Chocolat supérieur au LAIT 33,5% (sucre, beurre de cacao, LAIT en poudre, pâte de cacao, émulsifiants : lécithines [SOJA] ; vanilline), sucre, LAIT écrémé en poudre 18%, huile de palme, BEURRE concentré, ORGE, riz, FROMENT, BLE (EPEAUTRE), ",,reference,open_food_facts,
8000500267101,Kinder délice 10x,Kinder,"sugar, vegetable fats (palm, shea, sal), glucose-fructose syrup, humectant: glycerol, rehydrated milk powder 7%, wheat flour 6,5%, skimmed milk powder 5%, dextrose, lean cocoa 3%, cocoa 3%, egg 2,5%, whey powder, concentrated pear juice, wh",,reference,open_food_facts,
8000500242616,Schoko-Bons,Kinder,"Chocolat supérieur au LAIT 50% (sucre, LAIT en poudre, beurre de cacao, pâte de cacao, émulsifiants : lécithines [SOJA], vanilline), sucre, LAIT écrémé en poudre 12,5%, huile de palme, NOISETTES 5,8%, BEURRE concentré, chocolat noir (sucre,",,reference,open_food_facts,
8000500273883,Kinder Cards Family-Pack 20days,Kinder,"skimmed milk powder 28%, sugar, palm oil, wheat flour 15,5%, lean cocoa 4%, sunflower oil, emulsifiers: lecithins soy, salt, baking powder: sodium acid carbonate, vanillin",,reference,open_food_facts,
8000500309461,Chocolat Kinder Chocofresh fourré lait noisette x5,Kinder,"KINDER CHOCOFRESH: chocolat supérieur au LAIT 43,5% (sucre, LAIT en poudre, beurre de cacao, pâte de cacao, émulsifiants : lécithines [SOJA] ; vanilline), NOISETTES 14%, huile de palme, sucre, LAIT frais pasteurisé 8%, LAIT écrémé en poudre",,reference,open_food_facts,
8000500385805,Kinder DUO,Kinder,"WEIZENMEHL (30,5 %), VOLLMILCHSCHOKOLADE 23,5% (Zucker, VOLLMILCHPULVER, Kakaobutter, Kakaomasse, Emulgator Lecithine (SOJA), Vanillin), Weiße Schokolade 23,5 % (Kakaobutter, Zucker, MAGERMILCHPULVER, BUTTERREINFETT, Emulgator Lecithine (SO",,reference,open_food_facts,
8000500110681,Tablette Kinder Chocolat Chocolat au Lait x16 -200g,Kinder,"Chocolat supérieur au LAIT 40% (sucre, LAIT en poudre, beurre de cacao, pâte de cacao, émulsifiants : lécithines [SOJA] ; vanilline), sucre, LAIT écrémé en poudre, huile de palme, BEURRE concentré, émulsifiants : lécithines [SOJA] ; vanilli",,reference,open_food_facts,
8000500426449,Crunchy Cookies,Kinder,"Sucre, farine de BLE 26%, graisses végétales (palme, karité), LAIT écrémé en poudre 8,5%, BEURRE concentré, amidon de BLE, pâte de cacao 2,5%, beurre de cacao 0,7%, CREME en poudre, ŒUFS en poudre, poudres à lever : carbonate acide d'ammoni",,reference,open_food_facts,
8000500188628,Kinder maxi,Kinder,"Chocolat supérieur au LAIT 40%, sucre, LAIT écrémé en poudre, huile de palme, BEURRE concentré, lécithines SOJA, vanilline.",,reference,open_food_facts,
4008400221823,Kinderriegel,Kinder,"18 Riegel je 21 ge O 4 008400 221823 O Ferrero M do machschokolade mit Milchfüllung (60 %). MILCHSCHOKOLADE 40 % (Zucker, VOLLMILCHPULVER, Kakaol Kakamas, Emulgator Lecithine (SOJA), Vanillin), Zucker, MAGERMILCHPULVER Paimol, BUTTERREINFET",,reference,open_food_facts,
4008400551928,Maxi King 3er-Pack,Kinder,"MILCHSCHOKOLADE 28,5 % (Kakaobutter, Zucker,  VOLLMILCHPULVER, Kakaomasse, Emulgator Lecithine (SOJA), Vanillin), frische VOLLMILCH (14,5 %), Zucker, MILCHKARAMELL 11 % (gezuckerte KONDENSMILCH, Zucker, HASELNÜSSE, Palmöl,  Aroma), HASELNÜS",,reference,open_food_facts,
8000500406427,Kinder Chocolate Ice Cream,Kinder,"Glace au lait (58,8%) aromatisée, avec enrobage au lait (31,2%) et chocolat supérieur au lait. Ingrédients: LAIT écrémé reconstitué 31,5%, sucre, LAIT écrémé en poudre 12,5%, chocolat supérieur au LAIT 10% (sucre, beurre de cacao, LAIT écré",,reference,open_food_facts,
8000500362309,"Biscuits KINDER Happy Hippo Lait et Cacao x5 - 103,5g",Kinder,"Sucre, graisses végétales (palme, karité), farine de FROMENT, LAIT en poudre 7,5%, cacao maigre 5%, LAIT écréme en poudre 4,5%, NOISETTES, LACTOSERUM en poudre, amidon de FROMENT, pâte de cacao, émulsifiants: lécithines [SOJA] ; huile de to",,reference,open_food_facts,
8000500289875,Kinder Schokobons White,Kinder,"white chocolate 50.5 % (skimmed milk powder, cocoa butter, sugar, clarified butter, emulsifier lecithins (soya), vanillin), sugar, skimmed milk powder (13.5 %), palm oil, hazelnuts (5.8 %), clarified butter, glazing agents: gum arabic, shel",,reference,open_food_facts,
4008400290425,Kinder Pingui,Kinder,"fresh pasteurised milk (24%), fine chocolate 22% (sugar, cocoa mass, cocoa butter, emulsifier: lecithins (soya), vanillin), sugar, palm oil, skimmed milk powder (9,5%), wheat flour, cocoa butter, concentrated butter, dextrose (wheat), fine ",,reference,open_food_facts,
8000500269206,Bonbons Kinder SchokoBons Chocolat au lait - 350G,Kinder,"Chocolat supérieur au LAIT 50% (sucre, LAIT en poudre, beurre de cacao, pâte de cacao, émulsifiants: lécithines [SOJA], arômes), sucre, LAIT écrémé en poudre, huile de palme, NOISETTES 5,8%, BEURRE concentré, chocolat noir (sucre, pâte de c",,reference,open_food_facts,
8000500384666,Kinder bueno ice cream cone,Kinder,"Lait écrémé reconstitué, sucre, farine de froment, huile de coco, lait écrémé en poudre, noisettes 6,5%, huile de tournesol, lait en poudre, sirop de glucose, cacao maigre en poudre 1,7%, émulsifiants (lécithines [soja), mono - et diglycéri",,reference,open_food_facts,
4008400261520,Kinder Country Céréales x 15,Kinder,"Chocolat supérieur au lait 33,5% (sucre, beurre de cacao, lait en poudre, pâte de cacao, émulsifiants : lécithines [soja], vanilline), sucre, lait écrémé en poudre, huile de palme, beurre concentré, orge, riz, froment, epeautre, émulsifiant",,reference,open_food_facts,
8000500423521,Happy Hippo Kakao 5er-Pack,Kinder,"Zucker, pflanzliche Fette (Palm, Shea), _WEIZENMEHL_ (8,5 %), _VOLLMILCHPULVER_ (7,5%), fettarmer Kakao (5%), _MAGERMILCHPULVER_ (4,5%), _HASELNÜSSE_, _SÜSSMOLKENPULVER_, Halbbitterschokolade (Zucker, Kakaomasse, Kakaobutter, Emulgator Leci",,reference,open_food_facts,
4008400935227,Kinder bueno,Kinder,"_Milchschokolade_ 31,5% (Zucker, Kakaobutter, Kakaomasse, _Magermilchpulver_, _Butterreinfett_, Emulgator Lecithine (_Soja_), Vanillin), Zucker, Palmöl, _Weizenmehl_, _Haselnüsse_ (10,8%), _Magermilchpulver_, _Vollmilchpulver_, Halbbittersc",,reference,open_food_facts,
8000500290400,Barre Chocolatée Kinder Bueno Chocolat au Lait x8 - 344g,Kinder,"Chocolat au lait 31,5 % (sucre, beurre de cacao, pâte de cacao, lait écrémé en poudre, beurre concentré, émulsifiants: lécithines [soja], vanilline), sucre, huile de palme, farine de froment, noisettes broyées 10,8%, lait écrémé en poudre, ",,reference,open_food_facts,
4008400320328,Bueno,Kinder,"Milchschokolade 31.5% (Zucker, Kakaobutter, Kakaomasse, Magermilchpulver, Butterreinfett, Emulgator Lecithine (Soja), Vanillin), Zucker, Palmöl, Weizenmehl, Haselnüsse (10.8%), Magermilchpulver, Vollmilchpulver, Halbitterschokolade (Zucker,",,reference,open_food_facts,
4008400322724,Kinder Bueno 6er-Pack,Kinder,"MILCHSCHOKOLADE 31,5 % (Zucker, Kakaobutter, Kakaomasse, MAGERMILCHPULVER, BUTTERREINFETT, Emulgator Lecithine (SOJA), Vanillin), Zucker, Palmöl, WEIZENMEHL, HASELNÜSSE (10,8%), MAGERMILCHPULVER (8,5%), VOLLMILCHPULVER (5,5%), Halbbittersch",,reference,open_food_facts,
5413548021111,Schoko-Bons,Kinder,"Chocolat supérieur au LAIT 50% (sucre, LAIT en poudre, beurre de cacao, pâte de cacao, émulsifiants: lécithines [SOJA], vanilline), sucre, LAIT écrémé en poudre 12,5%, huile de palme, NOISETTES 5,8%, BEURRE concentré, chocolat noir (sucre, ",,reference,open_food_facts,
8000500369940,Schoko-Bons White,Kinder,"Chocolat blanc 50,5% (lait écrémé en poudre, beurre de cacao sucre, beurre concentré, émulsifiants : lécithines [soja], vanilline), sucre, lait écrémé en poudre, huile de palme, noisettes 5,8%, beurre concentré, agents d'enrobage (gomme ara",,reference,open_food_facts,
3017620690965,Kinder Bueno,Kinder,"Chocolat au LAIT 31,5% (sucre, beurre de cacao, pâte de cacao, LAIT écrémé en poudre, BEURRE concentré, émulsifiants : lécithine [SOJA], vanilline), sucre, huile de palme, farine de FROMENT, NOISETTES broyées 10,8%, LAIT écrémé en poudre, L",,reference,open_food_facts,
8000500199989,Barre Chocolatée Kinder Country Céréales chocolat x4 - 94g,Kinder,"Chocolat supérieur au LAIT 33,5% (sucre, beurre de cacao, LAIT en poudre, pâte de cacao, émulsifiants : lécithines [SOJA], vanilline), sucre, LAIT écrémé en poudre, huile de palme, BEURRE concentré, ORGE, riz, FROMENT, EPEAUTRE, émulsifiant",,reference,open_food_facts,
8000500428313,Kinder surprise,Kinder,"Confiserie recouvertete chocolat supérieur au lait contenant une surprise dans une capsule plastique. Ingrédients : chocolat supérieur au LAIT 47% (sucre, LAIT en poudre, beurre de cacao, pâte de cacao, émulsifiants: lécithines [SOJA]; vani",,reference,open_food_facts,
8000500329474,CereAlé,Kinder,"flour 29,8% (ble 10%, complete ble (spelt) 8,4%, complete ble 6,1%, complete hard ble 1,2%, rice 0,9%,seigle 0,9%,avoine flakes 0,8%, corn 0,8%, buckwheat 0,7%), dark chocolate 15% (sugar, sugar, cocoa paste, cocoa butter, dextrose, emulsif",,reference,open_food_facts,
8000500253685,Kinder bueno mini,Kinder,"_Milchschokolade_ 31% (Zucker, Kakaobutter, Kakaomasse, _Magermilchpulver_, _Butterreinfett_, Emulgator Lecithine (_Soja_), Vanillin), Zucker, Palmöl, _Weizenmehl_, _Haselnüsse_ 10,8%, _Magermilchpulver_ 8,5%, _Vollmilchpulver_ 5,5%, Halbbi",,reference,open_food_facts,
8000500273476,kinder bueno white,Kinder,"Weiße Schokolade 28 % (Kakaobutter, Zucker, MAGERMILCHPULVER, BUTTERREIN - FETT, Émulgator Lecithine (SOJA), Vanillin), Zucker, Palmöl, WEIZENMEHL, MAGERMILCH - PULVER (8,5 %), VOLLMILCHPULVER (5,5 %), HASELNÜSSE (5 %), SÜSSMOLKENPULVER, WE",,reference,open_food_facts,
8000500024047,Schoko Bons fergulf,Kinder,,,reference,open_food_facts,
8000500426698,Kinder Calendrier de l'avent Adventskalender Kinde,Kinder,"Superieure MELKCHOCOLADE 45% (suiker, MELKPOEDER, cacaoboter, cacaomassa, emulgatoren Decithinen [SOJA]), vaniline), suiker, magere MELKPOEDER 16,5%, palmolie, BOTERCONCENTRAAT, emulgatoren (lecithinen (SOJA), vanilline. Op het totaal: melk",,reference,open_food_facts,
4008400280127,Schoko-Bons,Kinder,"_Vollmilchschokolade_ 50 % (Zucker, _Vollmilchpulver_, Kakaobutter, Kakaomasse Emulgator Lecithine (_Soja_), Vanillin), Zucker _Magermilchpulver_ (12,5 %), Palmöl, _Hasellnüsse_ (5,8%), _Butterreinfett_, Halbbitterschokolade (Zucker, Kakaom",,reference,open_food_facts,
8000500384718,bueno White,Kinder,"Lait écrémé reconstitué, sucre, farine de froment, huile de coco, lait écrémé en poudre, noisettes 6%, huile de tournesol, crème liquide pasteurisée, sirop de glucose, lait en poudre, cacao maigre en poudre 0,9%, protéine de lait, émulsifia",,reference,open_food_facts,
8000500357343,Plum cake preparato con yogurt alla greca,Kinder,"Farina di FRUMENTO, zucchero, UOVA, olio di girasole non idrogenato, YOGURT colato 10%, LATTE intero in polvere 2%, aromi, agenti lievitanti (difosfato disodico, carbonato acido di sodio), emulsionanti: mono e digliceridi degli acidi grassi",,reference,open_food_facts,
8000500264371,Kinder Delice,Kinder,"sugars, vegetable fats (palm, shea, sal), glucose syrup with fructose, humectonic glycerin, rehydrated full milchpulver (7%), weizenmehl (6,5%), magermilchpulver (5%), glucose, low-fat cocoa (3%), cocoa (3%), ei (2,5%), sussmolkenpulver, pe",,reference,open_food_facts,
4008400321628,Kinder Bueno 8er-Pack,Kinder,"MILCHSCHOKOLADE 31,5 % (Zucker, Kakaobutter, Kakaomasse, MAGERMILCHPULVER, BUTTERREINFETT, Emulgator Lecithine (SOJA), Vanillin), Zucker, Palmöl, WEIZENMEHL, HASELNÜSSE (10,8 %), MAGERMILCHPULVER (8,5%), VOLLMILCHPULVER (5,5 %), Halbbitters",,reference,open_food_facts,
8000500312979,Kinder cards,Kinder,"Skimmed MILK powder (28%), sugar, palm oil, WHEAT flour (15.5%), fat-reduced cocoa (4%), emulsifier: lecithins (SOYA), salt, raising agent (sodium bicarbonate), vanillin. May contain HAZELNUTS",,reference,open_food_facts,
8000500121438,Kinder Bueno white,Kinder,"CHOCOLAT BLANC (28%) (BEURRE DE CACÃO, SUCRE, LAIT ECREME EN POUDRE, BEURRE  CONCENTRE, EMULSIFIANTS: LECITHINES (SOJA), AROME: VANILLINE), SUCRE, GRAISSE VEGETALE (FRUIT DE PALM), FARINE DE FROMENT (GLUTEN), LAIT ECREME EN POUDRE, LAIT EN ",,reference,open_food_facts,
8000500384763,tronky t1,Kinder,ويفر الكاكاو مع الشوكولاتة وحشوة من الحليب ورقائق البسكويت المحتويات: بودرة حليب منزوع الحسم، حهن نباتي (النخيل)، سكر، شوكولاتة الحليب (موا) (7) (سكر بودرة حليب كامل الجسم، زبدة الكاكاو عجينة الكاكاو، مستحبات ليسيتين الصويا حوار) (الشمس))، ,,reference,open_food_facts,
8000500049611,Cioccolato Kinder 8 pz,Kinder,"Chocolate con LECHE extrafino 40% (azúcar, LECHE entera en polvo, manteca de cacao, pasta de cacao, emulgentes: lecitinas (SOJA); vainillina), azúcar, LECHE desnatada en polvo, manteca de palma, MANTEQUILLA concentrada, emulgentes: lecitina",,reference,open_food_facts,
8000500393390,Kinder bueno Eggs,Kinder,,,reference,open_food_facts,
8000500394104,bueno EGGS,Kinder,"Fine MILK chocolate 52.5% (sugar, whole MILK powder, cocoa butter, palm oil), HAZELNUTS 8%, skimmed MILK powder, cocoa mass, WHEAT flour, emulsifier: lecithins (SOYA), fat reduced cocoa, vanillin, raising agent (sodium bicarbonate), salt. (",,reference,open_food_facts,
8000500427262,Mini Friends Knusperkeks Karamell,Kinder,"VOLLMILCHSCHOKOLADE 45 % (Zucker, VOLLMILCHPULVER, Kakaobutter, Kakaomasse, Emulgator Lecithine (SOJA), Vanillin), Zucker, MAGERMILCHPULVER (14,5 %), Palmöl, BUTTERREINFETT, Maisstärke, BUTTER, Reismehl, karamellisierter Zucker (0,2%), SAHN",,reference,open_food_facts,
8000500390649,Kinder Bueno Eggs,Kinder,"Cioccolato al LATTE 52.5% (zucchero, LATTE intero in polvere, burro di cacao, pasta di cacao, emulsionanti: lecitine (SOIA); vanillina), zucchero, olio di palma, NOCCIOLE (8%), LATTE scremato in polvere (6,5%), LATTE intero in polvere (4,5%",,reference,open_food_facts,
3017620721478,Barre céréalière enrobée de chocolat  au lait,Kinder,"Chocolat supérieur au lait 33,5% (sucre, beurre de cacao, lait en poudre, pâte de cacao, émulsifiants : lécithines [soja], vanilline), sucre, lait écrémé en poudre, huile de palme, beurre concentré, orge, riz, froment, epeautre, émulsifiant",,reference,open_food_facts,
8000500418963,kinder,Kinder,"LAIT frais pasteurisé 24%, chocolat noir extra 22 % (sure, are cars, see #22 ants (lecithines [SOJA]), vanilliucre, huile de palme, LAIT é en poudre 9,5%, farine de FROMENT 8%, beurre de cacao, BEURRE concent, de rose, chocsia supera re, LA",,reference,open_food_facts,
8000500329483,CereAlé Noisette,Kinder,"Farines 32,8% (blé Complet (épeautre) 9,9%, blé 9,2%, blé complet 7,1%, blé dur complet 1,6%, seigle 1%, flocons d'avoine 1%, riz 1%, mais 1%, sarrasin 1%), sucre de canne, huile de palme, noisettes 9,5%, flocons de mais 8% (farine de mais,",,reference,open_food_facts,
4008400621926,Schoko Bons,Kinder,"VOLLMILCHSCHOKOLADE 50% (Zucker, VOLLMILCHPULVER, Kakaobutter, Kakaomasse. Emulgator Lecithine (SOJA), Vanillin), Zucker. MAGERMILCHPULVER (12,5%), Palmöl, HASELNÜSSE (5,8 %), BUTTERREINFETT, Halbbitterschokolade (Zucker, Kakaomasse, Kakaob",,reference,open_food_facts,
4008400231723,Kinder Surprise Maxi 100g Lake Friends,Kinder,"Chocolat supérieur au LAIT 45% (sucre, LAIT en poudre, beurre de cacao, pâte de cacao, émulsifiants : lécithines [SOJA] ; vanilline), LAIT écrémé en poudre, sucre, graisses végétales (palme, karité), BEURRE concentré, émulsifiants : lécithi",,reference,open_food_facts,
8000500155648,Kinder Maxi,Kinder,"Chocolat supérieur au LAIT 40% (sucre, LAIT en poudre, beurre de cacao, pâte de cacao, émulsifiants: lécithines [SOJA]; vanilline), sucre, LAIT écrémé en poudre, huile de palme, BEURRE concentré, émulsifiants : lécithines [SOJA]; vanilline.",,reference,open_food_facts,
8000500392665,Kinder happy moments,Kinder,"Chocolat supérieur au lait 40% (sucre, lait en poudre, beurre de cacao, pâte de cacao, émulsifiants : lécithines [soja] , vanilline), sucre, lait écrémé en poudre, huile de palme, beurre concentré, émulsifiants : lécithines [soja] , vanilli",,reference,open_food_facts,
8000500428915,Milky Caramel Osterhase,Kinder,"8, 2025/ L332E06 ML 11 Kinder Nitrwerte Energie 03/kcal) Je 100g 2359/565 Fell (@) 34,3 davon gesätti te Fettsäuren (g) 22.2 Kohlenhydrat (9) 56,0 won Zucker (g) 559 welt (g) 7,7 San டி 0.386 110ge Ferrero, DE-60624 Frankfurt am Main (EU). ",,reference,open_food_facts,
3017620715194,Kinder Chocolat barres,Kinder,"Chocolat supérieur au lait 40% (sucre, lait en poudre, beurre de cacao, pâte de cacao, émulsifiants : lécithines [soja], vanilline), sucre, lait écrémé en poudre, huile de palme, beurre concentré, émulsifiants : lécithines [soja], vanilline",,reference,open_food_facts,
8000500390773,Schoko Huhn,Kinder,"chocolat au _lait_ 45% (sucre,_lait_ en poudre, beurre de cacao, pâte de cacao, émulsifiants (lécithine _soja_ , vanille), _lait_ écrémé en poudre 17,5%, sucre, graisses végétales (palme, karité), _beurre_ concentré, émulsifiants ( lécithin",,reference,open_food_facts,
8000500423585,Happy Hippo Kakao,Kinder,"Zucker, pflanzliche Fette (Palm, Shea), WEIZENMEHL (8,5%), VOLLMILCHPULVER (7,5%), fettarmer Kakao (5 %), MAGERMILCHPULVER (4,5 %), HASELNÜSSE, SÜSSMOLKENPULVER, Halbbitterschokolade (Zucker, Kakaomasse, Kakaobutter, Emulgator Lecithine (SO",,reference,open_food_facts,
8000500409594,mini Friends Knusperkeks,Kinder,"VOLLMILCHSCHOKOLADE 45 % (Zuck VOLLMILCHPULVER, Kakaobutter, Kakaomasse, Emulgator Lecithine (SOJA), Vanillin), Zucker, MAGERMILCHPULVER (15 %), Palmöl, BUTTERREINFETT, Maisstärke, Kakao (0,4%), Emulgator Lecithine (SOJA), Glukosesirup, Bac",,reference,open_food_facts,
8000500438842,buono eggs,Kinder,"VOLLMILCHSCHOKOLADE 52.5% (Zucker, VOLLMILCHPULVER Kakaobutter, Kakaomasse, Emulgator Lecithine (SOJA), Vanillin), Zucker Palmol, HASELNUSSE (8) MAGERMILCHPULVER (6.5%). VOLLMILCHPULVER (4.5 % WEIZENMEHL, fettarmer Kakao, Emulgator Lecithin",,reference,open_food_facts,
8000500408425,halal oder haram,Kinder,MILKY CAL AMEL Galaxy S24 Ultra Kinder,,reference,open_food_facts,
8000500451348,Kinder bueno mix,Kinder,,,reference,open_food_facts,
8000500129892,Kinder Mini Eggs Noisettes,Kinder,"Chocolat supérieur au LAIT 45% (sucre, LAIT en poudre, beurre de cacao, pâte de cacao, émulsifiants : lécithines [SOJA] ; vanilline), sucre, LAIT écrémé en poudre (14,5%), huile de palme, NOISETTES (6,5%), BEURRE concentré, émulsifiants : l",,reference,open_food_facts,
4008400222026,Kinder Riegel 18+2er Big Pack,Kinder,"VOLLMILCHSCHOKOLADE 40 % (Zucker, VOLLMILCHPULVER, Kakaobutter, Kakaomasse, Emulgator Lecithine (SOJA), Vanillin), Zucker, MAGERMILCHPULVER (18%), Palmöl, BUTTERREINFETT, Emulgator Lecithine (SOJA), Vanillin. Gesamtmilchbestandteile im Prod",,reference,open_food_facts,
8000500276871,Country,Kinder,"VOLLMILCHSCHOKOLADE 33,5 % (Zucker, Kakaobutter,  VOLLMILCHPULVER, Kakaomasse, Emulgator: Lecithin (SOJA), Vanillin), Zucker, MAGERMILCHPULVER (18%), Palmöl, gepufftes Getreide 7,5% (GERSTE,  Reis, WEIZEN, WEIZEN  (Dinkel), Buchweizen), BUT",,reference,open_food_facts,
8000500050893,Kinder Bueno,Kinder,"Chocolat au LAIT 31,5 % (sucre, beurre de cacao, pâte de cacao, LAIT écrémé en poudre, BEURRE concentré, émulsifiants: lécithines [SOJA], vanilline), sucre, huile de palme, farine de FROMENT, NOISETTES broyées 10,8%, LAIT écrémé en poudre, ",,reference,open_food_facts,
8000500409558,Kinder Mini Friends,Kinder,"Chocolat supérieur au LAIT 45 % (sucre, LAIT en poudre, beurre de cacao, pâte de cacao, émulsifiants: lecithines (SOJA), vaniline), sucre, LAIT (SOIA); sirop de glucose, poudre à lever: carbonate acide d'ammonium; vanilline. 
Peut contenir ",,reference,open_food_facts,
4008400202527,Kinder,Kinder,"MÆLKECHOKOLADE / MJÖLKCHOKLAD 40% (sukker, HELMELKPULVER / SØDMÆLKSPULVER, kakaosmør, kakaomasse, emulgator: lecithiner (SOJA), vanillin), sukker, SKUMMETMÆLKSPULVER / SKUMMJÖLKSPULVER (18%), palmeolie (palmolja), koncentreret SMØR/SMÖRKONC",,reference,open_food_facts,
8000500423530,Happy Hippo Haselnuss 5er-Pack,Kinder,"Zucker, pflanzliche Fette (Palm, Shea), MAGERMILCHPULVER (12,5 %), HASELNÜSSE (12%). WEIZENMEHL (8,5%), VOLLMILCHPULVER (7,5 %), SÜSSMOLKENPULVER, WEIZENSTÄRKE Emulgator Lecithine (SOJA), Sonnenblumenöl, MILCHEIWEISS, Backtriebmittel: Natri",,reference,open_food_facts,
8000500321791,Kinder Surprise,Kinder,"Chocolat supérieur au LAIT 45% (sucre, LAIT en poudre, beurre de cacao, pâte de cacao, émulsifiants : lécithines [SOJA] ; vanilline), LAIT écrémé en poudre 17,5%, sucre, graisses végétales (palme, karité), BEURRE concentré, émulsifiants : l",,reference,open_food_facts,
8000500066025,kinder bueno,Kinder,"milk chocolate (sugar, cocoa butter, cocoa mass, skimmed  milk  powder, anhydrous milk fat, lecithin ( soy ), flavoring (vanillin), sugar, vegetable fat (palm),  wheat  flour, hazelnuts, skimmed  milk  powder, milk powder, chocolate (sugar,",,reference,open_food_facts,
8000500427484,Christmas Kinder Calendar Chocolates,Kinder,PERSONL BOTSCHAFTEN vom Weihnachtsmar 21 19 Kirider 3 15 23 17 SCAN 70 14 e 10 12 20 24 16 6 11 18 13 00 5 9 4 22,,reference,open_food_facts,
3103220046153,Chamallow,Haribo,"glucose syrup, sugar, water, humectant: sorbitol syrup, gelatin, dextrose, starch, fruit concentrates and plants: red beet, safflower, flavour",,reference,open_food_facts,
3103220044544,Tagada,Haribo,"Sucre, sirop de glucose, gélatine, arôme, concentrés de fruits et de  plantes: (radis, carotte, carthame,citron)",,reference,open_food_facts,
3103220048656,Dragibus Soft,Haribo,"glucose syrup, sugar, starch, dextrose, acidifiers: citric acid, malic acid, acidity regulators: monosodium citrate, sodium acid malate, flavouring, colours: curcumin, patent blue v, vegetable charcoal, vegetable carotenes, anthocyanins, co",,reference,open_food_facts,
3103220035218,280G HARIBO CROCO,Haribo,"Sirop de glucose; sucre; dextrose; acidifiant: acide citrique; huile de tournesol; concentrés de fuits et de plantes: carthame, spiruline, pomme; arôme; colorants: lutéine, anthocyanes; agent d'enrobage: cire d'abeille blanche et jaune",,reference,open_food_facts,
3103220035777,Haribo pik,Haribo,"glucose syrup , sugar , gelatin , dextrose , acidifiers : citric acid, malic acid , coating agent : carnauba wax , acidity correctors : tricalcium citrate, sodium acid malate , flavor , fruit and plant concentrates: spirulina, safflower, le",,reference,open_food_facts,
3103220009639,Rotella,Haribo,"molasses sugar syrup, wheat flour, glucose syrup, starch, liquorice extract (1,4%), maltodextrin, salt, natural aroma of star anise, coating agents: white and yellow beeswax, carnauba wax, keep away from heat and moisture,",,reference,open_food_facts,
3103220045640,Schtroumpfs,Haribo,"glucose syrup, sugar, gelatin, dextrose, acidifier: citric acid, aroma, fruit and plant concentrates: spirulina, safflower, lemon, carrot, invert sugar syrup, coating agents: white and yellow beeswax, carnauba wax,",,reference,open_food_facts,
3103220033830,600G HAPPY BOX HARIBO,Haribo,"sirop de glucose, sucre, dextrose, gélatine, starch, acidifiers: acide citrique, acide malique, flavor, jus de fruits concentrés: pomme, orange, citron, fraises, raspberry, ananas, fruits et plantes concentrés: safflower, spiruline, pomme, ",,reference,open_food_facts,
3103220064982,Tagada,Haribo,"Sucre, sirop de glucose, gélatine, acidifiant acide citrique, arôme, concentré de fruits et de plantes: radis, carotte, carthame, citron.",,reference,open_food_facts,
3103220034802,Haricots Happy Life,Haribo,"glucose syrup, sugar, dextrose, gelatin, starch, acidifiers: citric acid, malic acid, aromas, fruit and plant concentrate (apple, kiwi, spinach, nettle), fruit extract (carob), inverted sugar syrup, caramel syrup, acidity correctors: monoso",,reference,open_food_facts,
3103220040405,Haribo dragibus,Haribo,"Sucre; sirop de glucose; amidon; acidifiants: acide citrique, acide malique; correcteurs d'acidité citrate monosodique, malate acide de sodium; arôme; huile de tournesol; concentré de spiruline; colorants: curcumine, charbon végétal anthocy",,reference,open_food_facts,
3103220006605,200G STARMINT HARIBO,Haribo,"Sucre, sirop de glucose, amidon, arôme naturel de menthe avec autres arômes naturels, agent d'enrobage : cire de carnauba,",,reference,open_food_facts,
3103220048665,Haribo dragolo,Haribo,"Sirop de glucose ; sucre ; dextrose ; amidon ; gélatine ; acidifiants (acide citrique, acide malique), correcteurs d'acidité (citrate monosodique, malate acide de sodium), arôme ; jus de fruits à base de concentrés (pomme, orange, citron, f",,reference,open_food_facts,
3103220033371,"Tagada, L'originale",Haribo,"Sucre; sirop de glucose; gélatine; acidifiant: acide citrique; arôme ; concentrés de fruits et de plantes: radis, carotte, carthame, citron.",,reference,open_food_facts,
3103220045631,300G POLKA HARIBO,Haribo,"Sirop de glucose; sucre; sirop de sucre mélassé; farine de blé; dextrose; gélatine; amidon; extrait de réglisse; maltodextrine; graisse de palme; acidifiant: acide citrique; sel; arôme; concentrés de fruits et de plantes: carthame, spirulin",,reference,open_food_facts,
3103220045659,750G TIRLIBIBI BOX HARIBO,Haribo,"Sirop de glucose; sucre; sirop de sucre mélassé; farine de blé; dextrose; amidon; gélatine; extrait de réglisse; graisse de palme; maltodextrine; acidifiant: acide citrique; sel; arôme; concentrés de fruits et de plantes: carthame, spirulin",,reference,open_food_facts,
9002975301558,Goldbären,Haribo,"Glukosesirup; Zucker; Gelatine;
Dextrose; Fruchtsaft aus Fruchtsaftkonzentrat:
Apfel, Himbeere, Erdbeere, Orange, Zitrone, Ananas; Säuerungsmittel: Citronensäure;
Sonnenblumenöl; Frucht - und Pflanzenkonzentrate: Saflor, Spirulina, Apfel",,reference,open_food_facts,
3103220025956,Zanzigliss 300g,Haribo,"molasses sugar syrup, sugar, wheat flour, glucose syrup, starch, dextrose, vegetable fat, licorice extract, maltodextrin, lactose, milk protein, salt, gelatin, acidifier: citric acid, fruit and plant concentrate (safflower, spirulina), inve",,reference,open_food_facts,
3103220006650,Mao Croqui,Haribo,"sugar, glucose syrup, vegetable fat, humectant: sorbitol syrup, acidifier: citric acid, gelatin, flavourings, caramel syrup, licorice extract, acidity regulator: sodium carbonate, fruit and plant concentrates: lemon, safflower, spirulina, b",,reference,open_food_facts,
3103220033788,275G HARIBO CROCO PIK HARIBO,Haribo,"sirop de glucose; sucre; gélatine;dextrose, acidifiants: acide citrique, acide malique; agent d'enrobage: cire de carnauba; correcteurs d'acidité: citrate tricalcique, malate acide de sodium; arôme; concentrés de fruits et de plantes: carth",,reference,open_food_facts,
9002490208596,Red Bull Sans Sucre,Red Bull,"Eau gazéifiée, correcteurs d'acidité (citrate de sodium, carbonate de magnésium), acidifiant (acide citrique), taurine 0,4%, édulcorants (aspartame, acésulfame-K), caféine 0,03%, glucuronolactone, inositol, vitamines (niacine, acide pantoth",,reference,open_food_facts,
9002490219565,Red Bull Blue Edition,Red Bull,"carbonated water, sucrose, glucose, correctors of acidity (citrates of sodium, magnesium carbonate), acidifier (citric acid), taurine, caffeine (0,03%), glucuronolactone, inositol, vitamins (niacin, pantothenic acid, b6, b12), flavourings, ",,reference,open_food_facts,
9002490210713,Boisson énergisante,Red Bull,"Eau gazéifiée, saccharose, glucose, correcteurs d'acidité (citrates de sodium, carbonate de magnésium), acidifiant (acide citrique), Taurine (0,4 %), Caféine (0,3% ), inositol, vitamines (niacine, acide pantothénique, vitamine B6, sanga cha",,reference,open_food_facts,
9002490246620,White Édition - Coco Acaï,Red Bull,"Eau gazéifiée, saccharose, glucose, acidifiant(acide citrique),taurine(0.4%),correcteur d'acidité(citrates de sodium),caféine(0.03%),vitamines(niacine, acide pantothénique,B6,B12),aromes, stabilisants(esters glycériques de résine de bois, a",,reference,open_food_facts,
9002490263195,Redbull Juneberry,Red bull,"Eau gazeifiée, saccharose, glucose, acidifiant (acide citrique), taurine 0.4%, correcteur d'acidité (citrates de sodium), caféine (0,03%), vitamines (niocine, acide pantothénique, B6, B12), arômes, colorants (anthocyanes, bleu brillant FCF)",,reference,open_food_facts,
9002490274641,RedBull goût mûre givré vanille,Red bull,"Eau gazéifiée, saccharose, glucose, acidifiant (acide citrique), taurine (0,4%),  correcteur d'acidité (citrates de sodium), caféine (0,03%), Vitamines (niacine, acide pantothénique, B6, B12), arômes, colorant (bleu brillant FCF).",,reference,open_food_facts,
9002490246596,The Red Edition Goût pastèque,Red Bull,"Eau gazéifiée, saccharose, glucose, acidifiant (acide citrique), taurine (0,4%), correcteur d'acidité (citrates de sodium), caféine (0,03%), vitamines (niacine, acide pantothénique, B6, B12), arômes, colorants (anthocyanes, riboflavines).",,reference,open_food_facts,
9002490255178,Red Bull - Green Edition - Goût fruit du dragon,Red Bull,"Eau gazeifiée, saccharose, glucose, acidifiant (acide citrique), taurine (0,4%), correcteur d'acidité (citrates de sodium), caféine (0,03%), vitamines (niacine, acide pantothénique, B6, B12), arômes, colorants (anthocyanes, bleu brillant FC",,reference,open_food_facts,
9002490214959,473ML BT RED BULL ENERGY DRINK,Red Bull,"Eau gazéifiée, saccharose, glucose, correcteurs d'acidité (citrates de sodium, carbonate de magnésium), acidifiant (acide citrique), taurine (0,4 %), caféine (0,03 %), inositol, vitamines (niacine, acide pantothénique, B6, B12), arômes, col",,reference,open_food_facts,
9002490278285,Red Bull Winter,Red Bull,,,reference,open_food_facts,
0611269101717,Red Bull Sugarfree,Red Bull,"Carbonated water, citric acid, taurine, sodium bicarbonate, magnesium carbonate, caffeine, acesulfame k, aspartame, niacinamide, calcium pantothenate, pyridoxine hcl, vitamin b12, xanthan gum, natural and artificial flavors, colors,",,reference,open_food_facts,
0611269716467,Red Bull Sugarfree,Red Bull,"Carbonated Water, Citric Acid, Taurine, Natural and Artificial Flavors, Sodium Bicarbonate (Baking Soda) Magnesium Carbonate, Colors, Caffeine, Sucralose, Xanthan Gum, Acesulfame K, Niacinamide, Pyridoxine HCI (Vitamin B6), Calcium O Pantot",,reference,open_food_facts,
8935112200001,Kratingdaeng RedBull,KRATINGDAENG,"Water, Sugar, Acidity regulator: Citric acid (E330), Taurine (1000mg), Stabilizer: Sodium hydrogen carbonate (E500ii), Synthetic mixed fruit flavoring, Caffeine, Inositol (50mg), Lysine (50mg), Choline (50mg), Preservative: Sodium benzoate ",,reference,open_food_facts,
9002490210999,Energy Drink,Red Bull,"water, sucrose, glucose, acid (citric 
acid), carbon dioxide, taurine (0,4%), acidity 
regulators (sodium carbonates, magnesium 
carbonates), caffeine (0,03%), vitamins (niacin, 
pantothenic acid, b6, b12), flavourings, colours 
(plain",,reference,open_food_facts,
9002490206002,Energy Drink,Red Bull,"water, sucrose, glucose, acid (citric aad, carbon dioxide, taurine (0,4 %), acidity regulators (sodium carbonates, magnesium carbonates), caffeine (0,03 %), vitamins (niacin pantothenic acid, b6, b12), flavourings, colours pain caramel, rib",,reference,open_food_facts,
0611269332821,Red Bull The Red Edition Watermelon Blast Energy Drink,Red Bull,"Carbonated Water, Sugar, Glucose, Ciric Acid, Tourine, Sodium Citrate, Caffeine, Colors, Niacinamide, Natural and Artificial Flavors, Pyridoxine HC (Vitamin B6), Calcium Pantothenate, Vitamin B12",,reference,open_food_facts,
9002490278258,Pink Grapefruit Energy Drink,Red Bull,,,reference,open_food_facts,
9002490278984,Simply  Cola,Organics By Red Bull,Bull ce 8 The ORGANICS by Red Bull SUP simply COLA STRONG NATURAL F,,reference,open_food_facts,
8850228000108,Kratingdaeng Energy Drink (Thai Style),Kratingdaeng,"ส่วนประกอบสำคัญโดยประมาณ ประกอบด้วย ซูโครส 5.55%, ทอรีน 0.527%, คาเฟอีน 0.0315%, อินโนซิทอล 0.02%, วิตาบินบี 3 (นิโคตินาไมต์) 0.0142%, โคลีน 0.007%, วิตามินบี 6 0.0047%, เด็กซ์เพนทีนอล 0.0038%, วิตามินบี 12 0.00001%, วัตถุที่ให้ความหวานแทนน",,reference,open_food_facts,
9002490206215,Red Bull Sugarfree,Red Bull,RED BULL Sugarfree. Niacin and won contribute to the reduction of firedness and f as well as to normal energy-yielding metabol Avaned and balanced diet and a healty are recommended Energy Drink with sweeteners-high caff content. Not recomme,,reference,open_food_facts,
9002490209595,Red bull,Red Bull,,,reference,open_food_facts,
8850228008173,Red bull blackcurrant flavor energy drink,Red Bull,"ทอรีน 0.2%, คาเฟอีน 0.02233% (คาเฟอีนธรรมชาติจากสารสกัดชาเขียว 0.004373%), วิตามินบี 3 (นิโคติน วิตามันมี 6 0.0029925%, วิตามินบี 12 0.0000020255%, วัตถุที่ให้ความหวานแทนน้ำตาล (มัลทิทอลไซรัป แอซีซัลเฟมโพแทสเซียม และซูคราโลส) วัตถุเจือปนอาห",,reference,open_food_facts,
9002490245931,Red Bull Zero,Red Bull,"Agua, Acidulante Ácido Cítrico, Dióxido de Carbono, Taurina (0,4%), Acidulante Citrato Sódico, Edulcorantes (Aspartamo, Acesulfamo K), Cafeína (0,03%), Vitaminas (Niacina, Ácido Pantoténico, B6, B12), Aromas, Colorante Caramelo Simple, Espe",,reference,open_food_facts,
9002490216018,Red Bull Energy Drink,Red Bull,,,reference,open_food_facts,
0611269113572,Red Bull The Yellow Edition Tropical Energy Drink,Red Bull,"Carbonated Water, Sugar, Glucose Citric Acid, Taurine, Sodium Citrate, Natural and Artificial Flavors, Caffeine, Colors, Niacinamide, Glycerol Ester of Wood Rosin, Sucrose Acetate Isobutyrate, Pyridoxine HC (Vitamin B6) Calcium Pantothenate",,reference,open_food_facts,
8850228007712,โปรดรีไซเคิล ไม่มีน้ำตาล Red Bull SODA ENERGY DRIN,RED BULL,"คาแฟอีน 0.02228 % (คาเฟอีนธรรมชาติจากสารสกัดชาเขียว 0.004373%), วิตามินบี 3 (นิโคตินาไมด์) 0.00796%, วิตามินบี 6 0.0029925%, วิตามินเอ 0.001974%, วิตามินบี 12 0.0000020255%, วัตถุที่ให้ความหวานแทนน้ำตาล (มัลทิทอลไซรัป แอซีซัลเฟมโพแทสเซียม แ",,reference,open_food_facts,
9002490228730,Original,Red Bull,"Wasser, Saccharose, Glucose, Säuerungsmittel (Citronensäure), Kohlensäure, Taurin (0,4%), Säureregulatoren (Natriumcarbonate, Magnesiumcarbonate), Koffein (0,03%), Vitamine (Niacin, Pantothensäure, B6, B12), Aromen, Farbstoffe (Zuckerkulör,",,reference,open_food_facts,
9002490206482,Red Bull 355 ml,Red Bull,"Eau gazéifiée, saccharose, glucose, acidifiant : acide citrique, taurine 0,4%, correcteurs d'acidité (carbonates de sodium, carbonates de magnésium), caféine 0,03%, vitamines (niacine, acide pantothénique, riboflavine, B6, B12), arômes, col",,reference,open_food_facts,
9002490250155,The Red Edition Sabor Sandía,Red Bull,,,reference,open_food_facts,
9002490215417,Red Bull Sugarfree 250 ml,Red Bull,"Vatten, syra (citronsyra), kolsyra, taurin 0,4%, surhetsreglerande medel (natriumkarbonater, magnesiumkarbonat), sötningsmedel (acesulfam K, aspartam), koffein, vitaminer (niacin 0,002%, pantotensyra 0,002%, B6 0,002%, B12), aromämnen, fört",,reference,open_food_facts,
9002490251987,Red Bull Fruta Dragón Green Edition,Red Bull,,,reference,open_food_facts,
9002490100443,Red Bull Energy Drink 6 x 4`S,Red Bull,,,reference,open_food_facts,
9002490255381,Ginger beer,Red Bull,,,reference,open_food_facts,
9002490207278,Red Bull 355ml,Red Bull,355ml RED BULL® EI Drink. Ceniony na caly świecie przez wybitnych spor studentów i ludzi ajbardziej wymagajacych pra doceniany także v długich trasach. rgy Napój energet czny. Wysoka zawartość kofeiny; nie zaleca się stosowania u iet w ciąż,,reference,open_food_facts,
9002490100771,Energy Drink,Red Bull,,,reference,open_food_facts,
0611269001921,Green,Red Bull,"Carbonated Water, Sugar, Glucose, Citric Acid, Taurine, Sodium Citrate, Natural Flavors, Artificial Flavors, Colors, Caffeine, Niacinamide, Pyridoxine HCl (Vitamin B6), Calcium Pantothenate, Vitamin B12",,reference,open_food_facts,
9002490275507,Redbull the winter edition,Red Bull,,,reference,open_food_facts,
0611269623732,Red Bull Zero,Red Bull,"Water, Erythritol, Taurine, Citric Acid, Lactic Acid, Sodium Bicarbonate, Natural Flavors, Caffeine, Gum Arabic, Sucralose, Sodium Benzoate, Potassium Sorbate, Niacinamide (Vitamin B3), Pyridoxine Hydrochloride (Vitamin B6), Cyanocobalamin ",,reference,open_food_facts,
5940631000037,Tropical,Red Bull,,,reference,open_food_facts,
9002490255628,Red Bull energy drink,Red Bull,"Zloženie: voda, sacharóza, glukóza, kyselina (kyselina citrónová Z 1 ZALOHOVANÉ oxid uhličitý, taurin (0,4%), regulátory kyslosti (uhličitany sodné, uhličitany (niacin, kyselina pantoténová, B6, horečnaté), kofein (0,03%), vitaminy B12), ar",,reference,open_food_facts,
9002490286761,Red Bull Winter Edition SUGARFREE,Red Bull,,,reference,open_food_facts,
9002490264228,Redbull Summer Edition,Red Bull,"Agua, Sacarosa,Glucosa,Acidulante(Acido cítrico), Dióxido de carbono,Taurina (0,4%)Corrector de Acidez (Citratos de sodio),Cafeina (0,03%),Vitaminas (Niacina,Ácido Pantotenico,B6,B12),Aromas,Colorantes(Antocianinas,Azul brillante FCF)",,reference,open_food_facts,
9002490271246,Redbull curuba,Red Bull,,,reference,open_food_facts,
9002490243766,Energy Drink,Red Bull,,,reference,open_food_facts,
0611269546017,Energy Drink,Red Bull,"Carbonated water, sucrose, glucose, citric acid, taurine, sodium bicarbonate, magnesium carbonate, caffeine, niacinamide, calcium pantothenate, pyridoxine hcl, vitamin b12, natural and artificial flavors, colors.",,reference,open_food_facts,
9002490251905,The Açai Edition Sugarfree Energy Drink,Red Bull,,,reference,open_food_facts,
8888307120063,Red Bull Plus,Red Bull,"Taurine (1000mg), D-glucuronolactone (400mg), Caffeine (80mg), Inositol (50mg), Lysine (50mg), Choline bitartrate (50mg), Vitamin B3 (30mg), Dexpanthenol (7mg), Vitamin B6 (6mg), Vitamin B12 (7mcg) Citric acid, Sodium benzoate, Colouring (E",,reference,open_food_facts,
0611269002063,ENERGY DRINK,Red Bull,"Carbonated Water, Citric Acid, Taurine, Sodium Citrate, Caffeine, Colors, Sucralose, Acesulfame K, Xanthan Gum, Natural and Artificial Flavors, Niacinamide, Pyriodoxine HCl (Vitamin B6), Calcium Pantothenate, Vitamin B12",,reference,open_food_facts,
5449000015109,Sprite,Sprite,"eau gazeuse
sucre
arome citrone naturel
E330 E331
E211
E950 E955",,reference,open_food_facts,
5449000000727,sprite slim 25cl,Sprite,"Eau pétillante, sucre, acidifiants: acide citrique anle nalique, correcteur d'acidité: gluconate de sodium, conservateur: benate de SAum, arômes naturels de cCtron-citron vert, édulcorant: glycosides de sem,",,reference,open_food_facts,
5449000286293,Sprite Goût Original,Sprite,"Eau gazéifiée; sucre; acidifiants : acide citrique, acide tartrique, aux arômes naturels de citron-citron vert, correcteur d'acidité: citrates de sodium.",,reference,open_food_facts,
5449000286284,Sprite,Sprite,"carbonated water, sugar, lemon juice from concentrate 1,1%, acidifiers: citric acid, sodium citrate, natural lemon-lime flavors",,reference,open_food_facts,
5449000110033,"Sprite Zero 1,5L",Coca-Cola Europacific Partners DE,"ماء غازي, محليات, اسيسولفام ك, اسبارتام, نكهات طبيعية, حامض الستريك, حامض الماليك, سترات الصوديوم",,reference,open_food_facts,
5000112546491,Sprite,Coca-Cola Company,"Wasser, Zucker, Kohlensäure, Säuerungsmittel (Citronensäure, Weinsäure), natürliches Zitronenaroma , Natürliches Limettenaroma, Säureregulator Natriumcitrate",,reference,open_food_facts,
5449000017930,Sprite,Sprite,"Wasser, Zucker, Kohlensäure, Säuerungsmittel Citronensäure, Zitronensaft aus Zitronensaftkonzentrat (1%), Limettensaft aus Limettensaftkonzentrat (0.1%), Säureregulator Natriumcitrate, natürliches Zitronen - und Limettenaroma.",,reference,open_food_facts,
5449000214773,Sprite,Sprite,"Eau gazéifiée, sucre, acide citrique, citrate de sodium, arômes naturels de citron-citron vert, glycosides de stéviol.",,reference,open_food_facts,
5449000109611,Sprite Zero,Sprite,"carbonated water , acidity regulators : citric acid, sodium citrate , natural flavors, lemon-lime , sweeteners : aspartame, acesulfame k, contains a source of phenylalanine,",,reference,open_food_facts,
5000112547825,Sprite Zitrone-Limette,Sprite,"Wasser, Zucker, Kohlensäure, Säuerungsmittel Citronensäure, Zitronensaft aus Zitronensaftkonzentrat (1%), Limettensaft aus Limettensaftkonzentrat (0,1%), Säureregulator Natriumcitrate, natürliches Zitronen - und Limettenaroma",,reference,open_food_facts,
5449000052924,Fanta orange 1.5l,Fanta,"water, sugar, concentrated orange juice (3%), carbonic acid, citric acid acid, citrus extract (1%), natural orange flavor with other natural flavors, antioxidant ascorbic acid, carotene dye, stabilizer flour of guar seeds,",,reference,open_food_facts,
5449000011529,"fanta Orange 0,33",Fanta,"carbonated water: concentrated orange juice (10%): sugar: concentrated lemon juice (2%): natural orange aromas with other natural aromas: preservative: potassium sorbate: stabilizing guar gum: honey extracts coloring: carotenoids,",,reference,open_food_facts,
5449000335906,Fanta Orange,Fanta,"Carbonated water; orange juice from concentrate (5%); sugar; fructose; lemon juice from concentrate (1%); acidifiers: malic acid, citric acid; natural orange flavors with other natural flavors; preservative: potassium sorbate; acidity regul",,reference,open_food_facts,
5449000083146,Fanta tropical exotic,Fanta,"Eau gazéifiée , sucre , jus à base de concentré (3,4%) : orange (3%), pêche (0,2%), fruit de la passion (0,2%) , extrait d'orange (0,7%) , acidifiant : acide citrique , conservateur : sorbate de potassium , arômes naturels , colorant : caro",,reference,open_food_facts,
5449000214807,BTE 33CL SLIM FANTA ORANGE,Fanta,"Eau gazéifiée, jus d'orange à base de jus concentré (10%), sucre, jus de citron à base de concentré (2%), conservateur : sorbate de potassium, arômes naturels d'orange avec autres arômes naturels, édulcorants : acésulfame-K, sucralose, stab",,reference,open_food_facts,
5449000214825,Fanta citron 33cl,Fanta,"Eau gazéifiée , sucre , jus de citron à base de concentré 5% , antioxydant : acide ascorbique , acidifiants : acide citrique, citrate de sodium , conservateur : sorbate de potassium , stabilisants : gomme arabique , esters glycériques de ré",,reference,open_food_facts,
5449000126645,TOPS,Fanta,,,reference,open_food_facts,
5449000000718,Fanta orange slim 25cl,Fanta,"ماء, سكر, ثاني أكسيد الكربون, مركز عصير البرتقال, حمض الستريك, نكهات طبيعية, بنزوات الصوديوم, سوربات البوتاسيوم, صمغ الغوار, صمغ الزانثان, أسيسولفام البوتاسيوم, سوكرالوز, لون الكاروتين",,reference,open_food_facts,
5449000247878,Fanta mangue / fruit du dragon,Fanta,"Brischungsgetränk mit Mango - und Drachenfruchtgeschmack mit Zucker und Süßungsmittel. Zutaten: Wasser, Zucker, Orange salt aus Orangensaftkonzentrat (2,7%), Kohlensäure, Säuerungsmit Citronensäure, Apfelsäure), Antioxidationsmittel Ascorbi",,reference,open_food_facts,
5449000005999,FANTA can 25 cl,Fanta,ماء غازي، سکر، عصير الليمون، محمضات : E330 300، مادة حافظة: E202 ، مستحلب: E414، محليات: E950 E955 ، نكهات الليمون الطبيعية ملون: E104. معبا من طرف (لا) أنظر الرب أسفل العلبة و عنوان الشركة المعبئة المطابق له الموضح سله، بموجب ترخيص من شرك ,,reference,open_food_facts,
5449000006004,Fanta Limón,Fanta,"carbonated water, lemon juice from concentrate 6%, sugar, acidulants (malic acid, citric acid), sweeteners (acesulfame k, aspartame, neohesperidin dc), antioxidant (ascorbic acid), acidity corrector (sodium citrate), preservative (potassium",,reference,open_food_facts,
5942321000202,Fanta portocale 2l,Fanta,"Water, sugar, fruit syrup, orange concentrate (5%), carbon dioxide, citric acid, natural orange flavor with other flavors, ascorbic acid, coloring carotenes, guar gum stabilizer.",,reference,open_food_facts,
5449000235369,Fanta zero orange,Fanta,"Eau pétillante, jus d'orange à base de concentré, acide citrique, acide malique, citrate de sodium, aspartame, acésulfame-K, sorbate de potassium, acide ascorbique, arômes naturals d'orange, concentré de carottes, gomme de guar, carotenoide",,reference,open_food_facts,
5449000308054,PET 1.25L FANTA ORANGE,Fanta,"Eau gazéifiée , jus d'orange à base de concentré (10%) , sucre , jus de citron à base de concentré (2%), conservateur : sorbate de potassium , arômes naturels d'orange avec autres arômes naturels , édulcorants : acésulfame-K, sucralose, sta",,reference,open_food_facts,
5000112514128,"Fanta Exotic 0,33 Dose",Fanta,"Wasser, Zucker, Orangensaft aus Orangensaftkonzentrat (4,6%), Kohlensäure, Säuerungmittel Citronensäure, Apfelsäure), Pfirsichsaft aus Pfirsichsaftkonzentrat (0,5%), Apfelsaft aus Apfelsaftkonzentrat (0,4%), färbendes Lebensmittel (Konzentr",,reference,open_food_facts,
5449000280208,Schweppes tonic 1l,Schweppes,ماء غازي، سكر، محمض E330، نكهة، محليات E950، E955، كافيين,,reference,open_food_facts,
8435185101116,Orangina et sa Pulpe !,Orangina,"Eau gazéifiée, jus d'orange et autres jus d'agrumes à base de concentrés 12% (orange 11%, mandarine, pamplemousse), sucre, pulpe d'orange 2%, extraits de zeste d'orange, acidifiant: acide citrique (E330), conservateur sorbate de potassium (",,reference,open_food_facts,
5449000318945,Schweppes citron 45cl,Schweppes,"carbonated water, sugar, lemon juice from concentrate, acidity regulator E330, preservative E211, sweeteners E950, E951, stabilizer E414, natural lemon flavoring with other natural flavorings",,reference,open_food_facts,
5449000339559,VIRGIN MOJITO Schweppes,Schweppes,مشروب بنكهة الليمون والنعناع يحتوي على السكر و المحليات المكونات ماء غازي، سكر مخفضات 330 E331 : مستحلبات E471 E414 - مواد حافظة : E211 ، E202 نكهات طبيعية ومطابقة للطبيعية محليات E950 E955 ملونات: E133 E104 . تمت التعبئة بواسطة كوبومي تكنو,,reference,open_food_facts,
3124480186902,Schweppes zéro Indian Tonic,Schweppes,"Eau gazéifiée, acidifiant : acide citrique, édulcorants : acésulfame K et sucralose, arômes naturels, arôme : quinine.",,reference,open_food_facts,
3124480193692,Ginger Beer,Schweppes,"Eau gazéifiée, sucre, correcteurs d'acidité: acide tartrique et citrate de sodium, stabilisant : gomme d'acacia, arome naturel de gingembre avec autres arômes naturels, antioxydant : acide ascorbique, conservateur : sorbate de potassium, éd",,reference,open_food_facts,
3124480159111,boisson tonic indian  15cl Schweppes can,schweppes,"Eau gazéifiée, sucre, acidifiant : acide citrique, arômes naturels, arôme : quinine, édulcorants : acésulfame K, sucralose.",,reference,open_food_facts,
3124480164195,Indian Tonic,Schweppes,"Eau gazéifiée, sucre, acidifiant : acide citrique, arômes naturels, arôme : quinine, édulcorants : acésulfame K et sucralose.",,reference,open_food_facts,
3124480183923,PET 1.5L SCHWEPPES LEMON,Schweppes,"Eau gazéifiée, sucre, extraits naturels de citron, acidifiant : acide citrique, arômes naturels de citron avec autres arômes naturels, conservateur :  sorbate de potassium, édulcorants : acésulfame K, sucralose, amidon modifié, stabilisants",,reference,open_food_facts,
3124480191108,Schweppes Zero Agrumes,Schweppes,"Eau gazéifiée, extraits d'orange, acidifiant : acide citrique, édulcorants : acésulfame K et sucralose, conservateur : sorbate de potassium, arômes naturels d'agrumes avec autres arômes naturels, amidon modifié, antioxydant: acide ascorbiqu",,reference,open_food_facts,
3124480170132,Schweppes Agrum',Schweppes,"eau gazéifiée, sucre, extraits d'orange, acidifiant : acide citrique, conservateur : sorbate de potassium, édulcorants : acésulfame K et sucralose, amidon modifié, antioxydant : acide ascorbique, arômes naturels d'agrumes avec autres arômes",,reference,open_food_facts,
8414100304759,Tónica Zero,Schweppes,"Agua, anhídrido carbónico, acidulante (ácido cítrico), aromas naturales, edulcorantes (ciclamato sódico, acesulfamo k, sacarina sódica), aroma quinina,",,reference,open_food_facts,
8410283001102,Gaseosa cero calorías,La Casera,"Agua carbonatada, acidulante: ácido cítrico (E-330), edulcorantes: sacarina (E-954) y ciclamato (E-952) y aromas.",,reference,open_food_facts,
3124480165246,Indian Tonic,Schweppes,"eau gazéifiée, sucre, acidifiant : acide citrique, arômes naturels, arôme : quinine édulcorants : acésulfame K et sucralose,",,reference,open_food_facts,
3124480186887,Schweppes pomme,Schweppes,"Eau gazéifiée, sucre, acidifiants : acide malique et acide citrique, arômes naturels, conservateur : sorbate de potassium, colorant : E150d, édulcorants : acésulfame K et sucralose",,reference,open_food_facts,
3595801321089,Schweppes Agrum' Zero,Schweppes,"Eau gazéifiée, extraits naturels d'orange, acidifiant: acide citrique, édulcorants: acésulfame K et sucralose, conservateur : sorbate de potassium, amidon modifié, antioxydant : acide ascorbique, arômes naturels d'agrumes avec autres arômes",,reference,open_food_facts,
3124480002594,Schweppes Agrum',Schweppes,"eau gazéifiée, sucre, extraits naturels d'orange, acidifiant : acide citrique, conservateur E202, édulcorants (E951, E950), amidon modifié, antioxydant : acide ascorbique, stabilisant E445, arômes naturels d'agrumes avec autres arômes natur",,reference,open_food_facts,
5410221205198,Schweppes Zero agrumes,Schweppes,"Eau gazéifiée, extrait d'orange, acidifiant : acide citrique, édulcorants : acésulfame K et sucralose, conservateur : sorbate de potassium, arômes naturels d'agrumes avec autre arômes naturels, amidon modifié, antioxydant : acide ascorbique",,reference,open_food_facts,
8435185973230,Gingeer Beer & Chili,Schweppes,,,reference,open_food_facts,
8410283346500,Tinto de verano con refresco de limón,La Casera,"Agua carbonatada, Vino tinto (contiene sulfitos), mosto de uva (11%) y zumo de limón (0,8%) procedentes de concentrados, correctores de acidez: ácido cítrico y citrato sódico, aromas, edulcorantes: ciclamato sódico, acesulfamo K y E-954, co",,reference,open_food_facts,
3124480186911,Indian Tonic Zéro,Schweppes,"eau gazéifiée, acidifiant : acide citrique, édulcorants : acésulfame K et sucralose, arômes naturels, arôme : quinine.",,reference,open_food_facts,
3124480200293,Schweppes,Schweppes,"eau gazeifiée, sucre, extraits d'orange 0,9%, acidifiant: acide citrique, arôme naturel de citron vert, arôme naturel, arômes naturels d'orange, conservateur: Sorbate de potassium, antioxydant: acide ascorbique, stabilisants E445 et E444, a",,reference,open_food_facts,
8414100301141,Tónica original,Schweppes,,,reference,open_food_facts,
8414100301655,LIMÓN ZERO de corteza de limón,Schweppes,"Agua, extractos de limón, anhídrido carbónico (E-290), acidulante: ácido cítrico (E-330), aroma natural de limón con otros aromas naturales, edulcorantes: ciclamato (E-952) , acesulfamo K (E-950) y sucralosa (E-955); estabilizadores: octeni",,reference,open_food_facts,
8414100301248,Tónica zero 1l,Schweppes,"Eau, dioxyde de carbone, acide citrique, arômes naturels, e952, e950, e954, arômes quinine",,reference,open_food_facts,
8414100301752,Schweppes Limón 33cl,Schweppes,"Agua, jarabe de glucosa y fructosa, azúcar, zumo de limón a partir de concentrado 2,4%, extractos de limón 0,5%, anhídrido carbónico, acidulante (ácido cítrico), aroma natural de limón con otros aromas naturales, estabilizadores (almidón mo",,reference,open_food_facts,
5449000273332,Schweppes Soda Water,Schweppes,,,reference,open_food_facts,
8014396000395,Acqua tonica,Schweppes,"acqua, zucchero, anidride carbonica,
acidificante: acido citrico, aromi naturali, aroma:cloridrato di chinino.",,reference,open_food_facts,
8014396003073,Tonica zero pet,Schweppes,"Bibita analcolica gassata con edulcoranti senza zucchero. Ingredienti: acqua, anidride carbonica acidificante: acido citrico, aromi naturali, edulcoranti: acesulfame-K, ciclamato di sodio, sodio saccarinato, aroma: cloridrato di chinino.",,reference,open_food_facts,
8014396000942,Limone,Schweppes,"Acqua, succhi di frutti da concentrato 12% (limone 11%, pompelmo 1%), zucchero, anidride carbonica, aroma naturale limone con altri aromi naturali, acidificante: acido citrico, correttore di acidità: sodio citrato, conservante: potassio sor",,reference,open_food_facts,
5449000044703,Schweppes,Schweppes,"water, high fructose syrup, lemon juice (1,5%) concentrated juice, carbon dioxide (min, 2 g/l), lemon extract, acid: citric acid, flavorings (including quinine max, 85 mg/l), preservative: potassium-sorbate, antioxidant: ascorbic acid, stab",,reference,open_food_facts,
8414100333140,Tónica Original,Schweppes,"Agua, azúcar, jarabe de glucosa y fructosa, anhídrido carbónico, acidulante (ácido cítrico), aromas naturales, aroma quinina.",,reference,open_food_facts,
5449000044819,Тоник,Schweppes,"Вода, фруктозо-глюкозен сироп, въглероден диоксид, киселина: лимонена киселина, естествени ароматизанти (включително: хинин), подсладител: захарини.",,reference,open_food_facts,
5449000273350,Schweppes,Schweppes,"вода, фруктозо-глюкозен сироп, сок от мандарина от концентрат (2%), въглероден диоксид, киселина: лимонена киселина, ароматизанти, стабилизатори: Е 414 и Е 445, антиоксидант: аскорбинова киселина, консервант: калиев сорбат, оцветител: карот",,reference,open_food_facts,
8411800376457,Refresco trina laranja,Schweppes,"Agua, zumo de naranja a partir de concentrado 10%, azúcar, acidulante (ácido cítrico), aroma natural de naranja con otros aromas naturales, estabilizante (pectina), vitamina C, edulcorantes (E952, E955), colorante (carotenos).",,reference,open_food_facts,
8435185973142,Schweppes selection Hibiscus,schweppes,"eau gazéifiée, sucre, acidifiant : acide citrique, arômes naturels, colorants : anthocyanes, concentré de pomme, carthane et citron, arômes, quinine",,reference,open_food_facts,
5449000143493,Schweppes Tonic (25CL),Schweppes,"EAU GAZÉIFIÉE, SUCRE, ACIDE CITRIQUE, ARÔMES, QUININE (67.4 mg/L).",,reference,open_food_facts,
8414100363460,Schweppes Naranja Zero,Schweppes,,,reference,open_food_facts,
8435185946430,Schweppes 330ML Bitter Lemon Soft Drink Can,Schweppes,,,reference,open_food_facts,
8411800318958,TRINA Naranja,Schweppes,"Agua, zumo de naranja a partir de concentrado (10%), azúcar, acidulante (ácido cítrico), aroma natural de naranja con otros aromas naturales, estabilizante (pectina), vitamina C, edulcorantes (E952, E955), colorante (carotenos).",,reference,open_food_facts,
5410221205170,CAN 6X33CL SCHWEPPES AGRUMES,Schweppes,"eau gazéifiée, sucre, extrait d'orange, acidifiant acide citrique, conservateur sorbate de potassium, arômes naturels d'agrumes avec autres arômes naturels, édulcorant acésulfame k et sucralose, amidon modifié, antioxydant acide ascorbique,",,reference,open_food_facts,
8414100339001,Tónica Schweppes Pack x6,Schweppes,RECICLAME Información/Informação nutricional Valores medios / médios por 100 ml. Energía / Valor energético 48 kJ (,,reference,open_food_facts,
5449000334882,Schweppes ananas 45cl,Schweppes,,,reference,open_food_facts,
4000140710612,Bitter Lemon Zero,Schweppes,"Wasser, Limonensaft aus Limonensaftkonzentrat 4%, Kohlensäure, Limonenextrakt, Säuerungsmittel Citronensäure, Süßungsmittel (Natriumcyclamat, Sucralose, Acesulfam K, Natriumsaccharin), Antioxidationsmittel Ascorbinsäure, natürliches Zitrone",,reference,open_food_facts,
8414100362319,Ginger Ale,Schweppes,"agua, azúcar, anhídrido carbónico, aroma natural de jengibre con otros aromas naturales, acidulante: ácido cítrico, extracto de malta de cebada, edulcorantes: acesulfamo K y sucralosa",,reference,open_food_facts,
5449000272218,Portokali me geusi anthos portokaliou,Schweppes,"weppe 330 aepioûxo avayuktikó pe xupó noprokalu he ψμυκωμένο χυμό και γεύση ανθός πορτοκαλιού, μεγιοτ fange flavoured soft drink with orange juice from concentrate and r αν meeeners,1 συστατίκό: νερό, χυμός πρτικαλον εd αμξλο rιθρακα, μέσα ",,reference,open_food_facts,
5449000233413,Soda water,Schweppes,"Water, Carbon Dioxide, Sodium Bicarbonate.",,reference,open_food_facts,
3124480186869,Virgin mojito,Schweppes,"eau gazéifiée, sucre, jus de citron vert à base de concentré 1,5%, acidifiant : acide citrique, arôme naturel de citron vert, arôme naturel, conservateur : sorbate de potassium, antioxydant : acide ascorbique",,reference,open_food_facts,
4000140700147,Indian Tonic Water,Schweppes,"Wasser, Zucker, Kohlensäure, Säuerungsmittel Citronensäure, natürliche Aromen, Aroma Chinin.",,reference,open_food_facts,
5449000174031,Schweppes Agrumes,Schweppes,"BOISSON GAZEUSE AUX AROMES D'AGRUMES. iNGRÉDIENTS: EAU GAZÉIFIÉE, SUCRE, JUS D'AGRUMES, ACIDIFIANTS: E330, E331, E300, CONSERVATEUR: E202, ARÔMES, EMULSIFIANTS: E414, E412, E445.",,reference,open_food_facts,
3124480195007,Schweppes agrumes zero,Schweppes,,,reference,open_food_facts,
4000140700633,Wild Berry,Schweppes,"Wasser, Zucker, Kohlensäure, Säuerungsmittel Citronensäure, Aromen, Konzentrate (Hibiscus, Karotte).",,reference,open_food_facts,
8414100306553,Ginger ale,Schweppes,"Agua, azúcar, anhídrido carbónico, aroma natural de jengibre con otros aromas naturales, acidulante (ácido cítrico), extracto de malta de _cebada_, edulcorante (glucósidos de esteviol).",,reference,open_food_facts,
5903111335531,Schweppes mojito,Schweppes,,,reference,open_food_facts,
8414100387512,Schweppes Zero Citrus,Schweppes,"Agua, dióxido de carbono, extractos de naranja, acidulante ácido citrico, edulcorantes Pacesulfamo Ky sucralose, conservador: sorbato potásico, aromas maturales de citricos con otros aromas naturales, estabilitzantes: octenilsuccinato sódic",,reference,open_food_facts,
4000140713831,Orangina Orginal,Orangina,"Wasser, Mehrfruchtsaft aus Fruchtsaftkonzentraten (Orange 10%, Zitrone, Mandarine, Grapefruit), Zucker, 2% Fruchtfleisch (Orange, Mandarine), Kohlensäure, Orangenschalenextrakt, natürliches Orangenaroma.",,reference,open_food_facts,
5449000171353,Schweppes Virgin Mojito,Schweppes,,,reference,open_food_facts,
5449000272254,Schweppes lemonade,Schweppes,"Water,Lemon juice from concentrate 3%,Carbon Dioxide, Acids : (Citric acid, Malic acid), Sweeteners : (Sodium Cyclamate, Acesulfame K,Sucralose, Steviol glycosides from Stevia and Neohesperidine DC,Acidity regulator: Sodium Citrate,Natural ",,reference,open_food_facts,
6130003016129,Shweppes Gold pêche,Schweppes,ماء ،سكر، غاز ،CO2 معدلات الحموضة 296 SIN 330 ، SIN مستخلص الشعير نكهات الخوخ الإصطناعية مواد حافظة : 202 SIN 211 ،SIN :مستحلب 999 SIN محليات: 951 SIN 950 SIN. المواد المضافة غذائية. يحتوي على مصدر الفنيلالانين.,,reference,open_food_facts,
5449000301015,Schweppes Pink Tonic Style,Schweppes,"Schweppes Безалкохолна газирана напитка с плодов вкус. Със захар и подсладители. Съставки: вода, захар, въглероден диоксид, киселина: лимонена киселина, ароматизанти, подсладители: цикламати, ацесулфам К, захарини, плодов и зеленчуков конце",,reference,open_food_facts,
5449000222286,Schweppes,Schweppes,,,reference,open_food_facts,
5449000220950,Schweppes Bitter Lemon,Schweppes,,,reference,open_food_facts,
8435185943974,Schweppes Orange,Schweppes,,,reference,open_food_facts,
7617500199171,Bitter Lemon,Schweppes,"Wasser, Zucker, Zitronensaft aus Konzentrat, 
Zitronenextrakt aus Konzentrat (3,6%), Kohlensäure, Säuerungsmittel: Citronensäure, natürliche Aromen, natürliches Orangenaroma, modifizierte Stärke, Süssungsmittel: Acesulfam K und Sucralose, A",,reference,open_food_facts,
3124480196149,Spritz,Schweppes,"Eau Boisson gazeuse gazéifiée, sucre, arômes naturels, acidifiant: acide citrique, concentré de carotte noire, colorant bêta-carotène, conservateur sorbate de potassium, édulcorants: acésulfame K et sucralose, arôme conserver à l'abri du so",,reference,open_food_facts,
8414100333344,Ginger ale,Schweppes,"Agua, azúcar, anhídrido carbónico, aroma natural de jengibre con otros aromas naturales, acidulante: ácido cítrico, extracto de malta de CEBADA, edulcorante: glúcosidos de esteviol. 
Sin gluten.",,reference,open_food_facts,
8414100388636,Tónica pink zero,Schweppes,"Agua, anhídrido carbónico, acidulante (ácido cítrico), aromas naturales, edulcorantes (acesulfamo K, sucralosa), colorante (antocianinas, concentrado de zanahoria y cártamo), aroma quinina.",,reference,open_food_facts,
5449000303615,швепс розовый,Schweppes,,,reference,open_food_facts,
8014396002603,tonic water,Schweppes,,,reference,open_food_facts,
5449000247939,Schweppes tonic water,Schweppes,"Νερό, Ζάχαρη, Διοξείδιο Άνθρακα",,reference,open_food_facts,
3124480198068,Vir'gin tonic,Schweppes,,,reference,open_food_facts,
5449000312109,Schweppe INDIAN TONIC,Schweppes,,,reference,open_food_facts,
5449000044846,Битер лимон,Schweppes,"Вода, фруктозо-глюкозен сиром лимонов сок от концентрат (1,5%), въглероден диоксид киселина: лимонена киселина, ароматизанти (включително хинин), консервант: калиев сорбат, стабилизатори: Е1450 и Е445, антиоксидант: аскорбинова киселина, оц",,reference,open_food_facts,
3124480181183,Blle Pet 50CL Schweppes Pomme,Schweppes,"eau gazéifiée, sucre, acidifiants : acide malique et acide citrique, arômes naturels, conservateur : Sorbate de potassium, colorant : E150 d' édulcorants : acésulfame K et sucralose.",,reference,open_food_facts,
3124480151492,Indian Tonic,Schweppes,,,reference,open_food_facts,
5449000271176,Pink Grapefruit,Schweppes,"Water So juices from concentrate (Orange 2,5%, Pink grapefruit 0,1%), Cartie Acids (Citric acid, Malic Acid), Natural flavourings, Preservative Pre sorbate), Antioxidant (Ascorbic acid), Stabilizers (Acacia gum, 64451, 5 Steviol glycosides ",,reference,open_food_facts,
5449000060303,Ginger ale,Schweppes,"Sparkling Water, Sugar, Preservative: Citric Acid, Natural Ginger & Citrus Flavors, Acidity Regulator: Sodium Citrate, Preservative: Sodium Benzoate, Caramel Color.",,reference,open_food_facts,
8014396003505,Gusto lime & mint pet,Schweppes,,,reference,open_food_facts,
5000112664636,Schweppes,Schweppes,,,reference,open_food_facts,
8414100380926,Pomelo,Schweppes,,,reference,open_food_facts,
3124480184807,Schweppes Ginger Ale,Schweppes,"Eau gazéifiée, sucre, acidifiant, extrait de gingembre, arôme naturel de gingembre avec autres arômes naturels, correcteur d'acidité, conservateur, édulcorant.",,reference,open_food_facts,
4000140700174,American Ginger Ale,Schweppes,"Wasser, Zucker, Kohlensäure, Säuerungsmittel Citronensäure, natürliches Ingwer-Aroma mit anderen natürlichen Aromen, Farbstoff E150d.",,reference,open_food_facts,
8414100333247,Tónica Zero,Schweppes,"Agua, anhídrido carbónico, acidulante (ácido cítrico), aromas naturales, edulcorantes (ciclamato sódico, acesulfame K, sacarina sódica), aroma quinina.",,reference,open_food_facts,
4000140700110,Bitter Lemon,Schweppes,"Wasser, Zucker, Limonensaft und - extrakt aus Konzentrat 3%, Kohlensäure, Säuerungsmittel Citronensäure, Limonenkonzentrat, Antioxidationsmittel Ascorbinsäure, natürliches Aroma, Aroma Chinin",,reference,open_food_facts,
4000140711949,Ginger Ale Zero,Schweppes,"Wasser, Kohlensäure, Säuerungsmittel Citronensäure, Süßungsmittel (Natriumcyclamat, Sucralose, Acesulfam-K, Natriumsaccharin), natürliches Ingwer-Aroma mit anderen natürlichen Aromen, Farbstoff E 150d.",,reference,open_food_facts,
3289094080506,Coco,Schweppes,"eau gazeifiee, sucre, arômes, acidifiant : acide citrique, conservateur : sorbate de potassium, amidon modifié, stabilisants (E445, E444), édulcorants : acesulfame K et sucralose, antioxydant : acide ascorbique.",,reference,open_food_facts,
8435185943992,Schweppes Citrus Mix,Schweppes,"Eau gazéifiée, sucre, extraits naturels d'orange, acidifiant (acide citrique), conservateur (E202), édulcorants (acésulfame K, sucralose), amidon modifié, antioxydant (acide ascorbique), arômes naturels d'agrumes, autres arômes naturels, st",,reference,open_food_facts,
8435185943983,Schweppes 330ML Lemon Soft Drink,Schweppes,"Water, sugar, lemon juice from concentrate (1%) carbon dioxyde, acide, citrique acide. Naturel lemon flavouring with other natural flavourings, preservative : potassium sorbate E445 / E444",,reference,open_food_facts,
5449000289193,POMEGRANATE,Schweppes,,,reference,open_food_facts,
5449000005485,bonaqua qazsız,bonaqua,,,reference,open_food_facts,
5449000129563,Pump Still,Bonaqua,Eau préparée.,,reference,open_food_facts,
5449000130967,Telemark uten kullsyre,Bonaqua,NATURLIG MINERALVANN,,reference,open_food_facts,
5449000083599,bonaqua,bonaqua,,,reference,open_food_facts,
5449000265607,LOW KILOJOULE still LEMON FLAVOURED DRINK,bonaqua,,,reference,open_food_facts,
7790895003873,Bonaqua,bonaqua,,,reference,open_food_facts,
5449000095008,Bonaqua Paron,bonaqua,,,reference,open_food_facts,
0466506035634,Pump Peach flavoured water,Bonaqua,,,reference,open_food_facts,
6415600567154,Juicy villipäärynä,Bonaqua,,,reference,open_food_facts,
6415600581710,mansikka & kiivi,Bonaqua,,,reference,open_food_facts,
6415600584841,Juicy Mango & Acai Kupliva,Bonaqua,,,reference,open_food_facts,
4780069000086,bonaqua,bonaqua,,,reference,open_food_facts,
4860019002093,Borjomi,Borjomi,,,reference,open_food_facts,
4860019003366,Тархун,Borjomi,"ПРИРОДНАЯ ПИТЬЕВАЯ ВОДА ИЗ РОДНИКОВ БРИЖСКОГО УЩЕЛЬЯ, ВОДА МИНЕРАЛЬНАЯ ПРИРОДНАЯ ЛЕЧЕБНО-СТОЛОВАЯ ПИТЬЕВАЯ «БОРЖОМИ», САХАР, КОНЦЕНТРИРОВАНЫ ЯБЛОЧНЫЙ СОК (7,8%), ЯБЛОЧНЫЙ СОК (1,39%), КОНЦЕНТРИРОВАННЫЙ ЛИМОННЫЙ СОК (0,88%*), РЕГУЛЯТОРЫ КИСЛ",,reference,open_food_facts,
4860019003065,limonati borjomi nok,borjomi,,,reference,open_food_facts,
4860019001818,Вода минеральная природная лечебно-столовая питьевая газированная,Borjomi,,,reference,open_food_facts,
4860019001331,Вода минеральная природная лечебно-столовая питьевая газированная,Borjomi,,,reference,open_food_facts,
4860019002321,Боржоми flavored water с экстрактами цитруса и имбиря,Borjomi,"вода минеральная природная лечебно-столовая питьевая «Боржоми», природная питьевая вода из родников Боржомского ущелья, экстракты и натуральный ароматизатор.",,reference,open_food_facts,
4860019003533,Adagia tangerines,Borjomi,,,reference,open_food_facts,
4860019003551,Pear Lemonades,Borjomi,,,reference,open_food_facts,
4860019002400,Borjomi flavored water с ароматами вишни и граната,Borjomi,"вода минеральная лечебно-столовая питьевая «Боржоми», природная питьевая вода из родников Боржомского ущелья, натуральные ароматизаторы",,reference,open_food_facts,
4860019003579,Citrus Limonati,Borjomi,,,reference,open_food_facts,
6408432202403,PROfeel Protein Pudding,Valio,"semi-skimmed milk, milk protein, fat-reduced cocoa powder (2,4 %), chocolate (0,3%), modified starch, thickener (carrageenan), sweeteners (acesulfame k, sucralose), flavourings, salt, lactase enzyme,",,reference,open_food_facts,
6408430102066,Oddlygood Barista Kaurajuoma,Valio,"Kaurapohja (vesi, _kaurajauho_, kalsium, suola), vesi, rypsiöljy, happamuudensäätöaine (kaliumfosfaatit), jodi, vitamiinit (riboflaviini (B2), B12 ja D2), Sisältää 10 % kauraa, Kasviperäinen, Sopii vegaaneille, Gluteeniton,",,reference,open_food_facts,
6408432203396,PROfeel PROTEIN MOUSSE CHOCOLATE,Valio,"Semi-skimmed milk, milk protein, fat-reduced cocoa powder (2,7%), chocolate (0,8%), starch, thickeners (guar gum, carrageenan), gelatine, sweeteners (acesulfame K, sucralose), flavourings, salt, lactase enzyme.",,reference,open_food_facts,
6408432202412,PROfeel PROTEIN PUDDING CARAMEL FLAVOUR,Valio,"Semi-skimmed milk, milk protein, modified starch, thickener (carrageenan), sweeteners (acesulfame K, sucralose), flavourings, salt, caramel syrup, lactase enzyme.",,reference,open_food_facts,
6408432201802,Profeel protein milkshake chocolate,Valio,"semi-skimmed milk, milk protein, fat-reduced cocoa powder (1.6%), stabiliser (carrageenan), sweeteners (acesulfame K, sucralose), flavourings, salt, lactase enzyme, vitamin D",,reference,open_food_facts,
6408432061143,Butter,Valio,"K МАСЛО «ВАЛІО» КИСЛОВЕРШКОВЕ МАСОВА ЧАСТКА ЖИРУ 7,, Склад: пастеризовані вершки, молочноКислі мікроорганізми, Харчовацниість жирів - 82 г, з них насичених жирних кислот - 46 г, вуглеводів &lt; 1г, білкіе &lt;1г, Енергетична цінність /калор",,reference,open_food_facts,
6408432061231,Smör normalsaltat,Valio,"Pastöriserad _grädde_, salt,",,reference,open_food_facts,
6408430039432,Oltermanni,Valio,"Milk, salt, fermentation starter",,reference,open_food_facts,
6408430039511,Oltermanni 17%,Valio,"Pastöroitu maito, suola ja hapate.",,reference,open_food_facts,
6408432001682,Smör Och Raps Gårdsgoda,Valio,"Smör (64%), rapsolja (23%), vatten, salt, vitamin D.",,reference,open_food_facts,
6408430043204,Hyvä Suomalainen Arkirae,Valio,"Pastöroitu _rasvaton maito_ ja _kerma_, hapate, suola ja säilöntäaine (kaliumsorbaatti).",,reference,open_food_facts,
6408432000489,PROfeel Protein Mousse Cappuccino Flavour,Valio,"Semi-skimmed milk, milk protein, coffee extract (0,3%), starch, thickeners (guar gum, carrageenan), gelatine, sweeteners (acesulfame K, sucralose), flavourings, salt, caramel syrup, lactase enzyme.",,reference,open_food_facts,
6408430042083,Pehmeä rasvaton maitorahka,Valio,"Pastöroitu rasvaton _maito_, hapate",,reference,open_food_facts,
6408432000753,PROfeel Protein Pudding Vanilla & Meringue flavour,Valio,"Semi-skimmed milk, milk protein, modified starch, thickener (carrageenan), ground vanilla bean, sweeteners (acesulfame K, sucralose), flavourings, salt, colour (carotenes), lactase enzyme.",,reference,open_food_facts,
6408430400056,PROfeel proteiinivanukas vanilja-marenki,Valio,"Maito, maitoproteiini, muunnettu tärkkelys, sakeuttamisaine (karrageeni), jauhettu vaniljatanko, makeutusaineet (asesulfaami K, sukraloosi), aromit, suola, väri (karotenoidit), laktaasientsyymi.",,reference,open_food_facts,
4740125120057,Alma piim,Valio,"alma piim im 25% 1,5L ЕТ • РІІМ 2,5% 1,5 L Kinnine pakend säilib &quot;kölblik kuni&quot; kuupäevani, märgitud pakendil. Toodet hoida temperatuuril +2...+6°C. 100 ml toitumisalane teave: energiasisaldus 229 kJ / 55 kcal, rasvad 2,5 g, mille",,reference,open_food_facts,
6408430030307,Oivariini normaalisuolainen,Valio,"_voi_, rypsiöljy, vesi, suola, D-vitamiini",,reference,open_food_facts,
6408430407679,PROfeel proteiinivanukas proteinpudding suklaa choklad,Valio,"PASTORISERAD PROTEINPUDDING MED SMAK AV CHOKLAD, LAKTOS FRI, INNEHÅLLER SOTNINGSMEDEL Ingredienser: mjölk, mjölkprotein, fettreducerad kakao** 2,4 %, choklad** 0,3%, modifierad stärkelse, förtjocknings - medel (karragenan), sötningsmedel (a",,reference,open_food_facts,
6408430030006,Voi Normaalisuolainen,Valio,"Pastöroitu kerma, suola",,reference,open_food_facts,
4016241030575,Skyr Natural Fat Free Icelandic Style Yogurt,Arla,Skyr Yogurt from Skimmed Milk,,reference,open_food_facts,
5711953103762,Frischkäse Buko Frischkäse,Arla,"Frischkäse (Sahne, Magermilch, Milchsäurekulturen), Speisesalz.",,reference,open_food_facts,
7310865099880,Protein Cottage Cheese,Arla,"Pasteurised semi-skimmed cow’s milk, milk protein, salt, modified starch, preservative (potassium ascorbic), lactic acid bacteria, rennet (microbial). Minimum fat in dry content 8.3%. Maximum moisture content 84%",,reference,open_food_facts,
4100290080381,Protein Chocolate Flavour Pudding,Arla,"milk, milk protein, erythritol (e968), fat-reduced cocoa powder, natural flavouring, enzyme lactase, carrageenan (e407), guar gum (e412), trisodium citrate, amino acid mix (l-leucine 72%, l-isoleucine 18%, l-valine 9,1%), vitamin d3, stevio",,reference,open_food_facts,
4016241040387,Skyr naturel,Arla,magere _yoghurt_.,,reference,open_food_facts,
4016241030928,Skyr vanille,Arla,"Magere yoghurt, water, suiker, maïszetmeel, citroensap uit concentraat, vanille-extract, gemalen vanillestokjes.",,reference,open_food_facts,
4016241030609,Skyr Natur,Arla,Milch,,reference,open_food_facts,
4016241040554,Skyr 0% Fat Naturel,Arla,magere _yoghurt_,,reference,open_food_facts,
4016241050199,SKYR NATURAL EXTRA CREAMY 5% FAT,Arla,"Skyr Yogurt (Milk), Cream (12%)",,reference,open_food_facts,
6413300018048,Strawberry Protein Yogurt with Sweetener,Arla,"Lactose Free Skyr (Yogurt (Milk)), Grape Juice Concentrate, Strawberries 2%, Waxy Maize Starch, Carrot Concentrate, Natural Flavouring, Gelling Agent (Pectin), Steviol Glycosides from Stevia, Lemon Juice Concentrate, Lactase Enzymes",,reference,open_food_facts,
4016241040509,Skyr Vanilla Fat Free Icelandic Style Yogurt,Arla,"skyr yogurt from skimmed milk (86%), water, sugar, maize starch, natural bourbon vanilla flavouring, lemon juice from concentrate, bourbon vanilla pods",,reference,open_food_facts,
5000181028131,LactoFree Semi Skimmed Milk Drink 1 Litre,Arla,"Semi Skimmed Milk, Lactase Enzyme. Allergy Advice: For allergens, see ingredients in bold. Arla LactoFREE is not suitable for milk allergy sufferers. If in doubt please consult a health professional. Suitable for vegetarians.",,reference,open_food_facts,
6413300018020,Blueberry Protein Yoghurt,Arla,"Lactose Free Skyr (Yogurt (Milk)), Grape Juice Concentrate, Blueberry Puree from Concentrate 1.8%, Waxy Maize Starch, Natural Flavouring, Black Carrot Concentrate, Hibiscus Concentrate, Steviol Glycosides from Stevia, Lactase Enzymes",,reference,open_food_facts,
4100290068617,Kaergarden,Arla,"Butter (63%), Wasser, Rapsöl (13%), Milchsäurekulturen (enthält Milch).",,reference,open_food_facts,
5711953158425,Natural cream cheese,Arla,,,reference,open_food_facts,
4016241030919,Skyr Bourbon Vanille,Arla,"Frischkäse, Wasser, Zucker, Stärke, natürliches Bourbon-Vanillearoma, Zitronensaftkonzentrat, gemahlene Bourbon-Vanilleschoten.",,reference,open_food_facts,
4100290077615,Dessert Lacté Protein Caramel Salé,Arla,"INGREDIENTS: LAIT, protéines de wer from Stevia), LAIT, édulcorants: érythritol et rageenan, guar glycosides de stéviol issus de Stevia, Kulhydrat/Car favourings, te Branched kids leucine, stabilisants: carraghénanes et PR./PER/PO Energi/En",,reference,open_food_facts,
8718166007624,Protein Strawberry Yogurt,Arla,"Yogurt (_Milk_) with added _Milk_ protein (90%), strawberry (5%), grape juice concentrate, corn starch, natural flavouring, sweetener: steviol glycosides from Stevia, lactase enzyme.",,reference,open_food_facts,
8718166007633,Mango Yogurt,Arla,"Yogurt (_Milk_) with added _Milk_ protein (90%), mango (5%), grape juice concentrate, corn starch, natural flavouring, sweetener: steviol glycosides from Stevia, lactase enzyme.",,reference,open_food_facts,
5711953158452,Natural light fresh cheese,Arla,"Milk, cream, salt, lactic acid culture",,reference,open_food_facts,
4100290027300,Kaergarden Butter,Arla,Butter.,,reference,open_food_facts,
5711953081354,PROTEIN STRAWBERRY & RASPBERRY FLAVOUR SHAKE,Arla,"milk 95%, milk protein 2.6%, sugar 1.9%, stabilisers (gellan gum, carrageenan, trisodium citrate), natural flavourings, colour (beta carotene), lactase enzyme",,reference,open_food_facts,
5711953158443,Natural Cream Cheese,Arla,09 18,,reference,open_food_facts,
5711953103799,Buko - Gartenkräuter,Arla,"_Frischkäse_ (_Buttermilch_, _Sahne_, _Magermilch_, Milchsäurekulturen), Speisesalz, Zwiebelgranulat, Schnittlauch, Petersilie, Dill, Gewürze",,reference,open_food_facts,
5000181036316,Arla B.O.B,Arla,"fresh skimmed milk, enriched with protein.",,reference,open_food_facts,
5711953081336,Vanilla Flavoured Shake,Arla,"milk (95%), milk protein (2,6%), sugar (1,9%), stabilisers (gellan gum, carrageenan, trisodium citrate), natural flavouring, lactase enzyme,",,reference,open_food_facts,
5760466776347,Buko - Typ Toskana,Arla,"_Frischkäse_, Tomate 4,5%, Zucchini 3%, rote Paprika 2,5%, Zwiebeln, Speisesalz, Basilikum, Gewürze, Thymian",,reference,open_food_facts,
5760466848510,Buko - Typ India,Arla,"_Frischkäse_, kandierte Papaya 5,7% (Papaya 4,0%, Zucker), Speisesalz, Schwarzkümmelsamen, Gewürze, Kräuter, Chilipulver, Kurkuma.",,reference,open_food_facts,
5000181030932,Lacto Free Whole Milk,Arla,"Whole Milk, Lactase Enzyme",,reference,open_food_facts,
4016241050232,skyr,Arla,"Magermilch, Sahne, Milchsäurekulturen (enthält Milch), mikrobielles Lab",,reference,open_food_facts,
5760466979306,Delissy - Fromage nature à tartiner et à cuisiner,Arla,"_Crème_ 50%, _lait_ écrémé 49%, sel, _ferments lactiques_,",,reference,open_food_facts,
4016241050524,Mild Kvarg - Vanilj,Arla,"Mjölk, vatten, majsstärkelse, vaniljextrakt, naturlig vaniljarom, mald vaniljstång, sötningsmedel (aspartam), förtjockningsmedel (citruspektin), citronjuicekoncentrat, mjölksyrakultur, laktasenzym.",,reference,open_food_facts,
5711953158407,Крема сирене XL,Arla,"Сметана, обезмаслено мляко, сол, млечнокисела култура.",,reference,open_food_facts,
5711953175158,Queso proteina lonchas,Arla,"Leche pasteurizada de vaca,sal, cultivo de ácido láctico, cuajo microbiano",,reference,open_food_facts,
5000181035177,Big Milk Whole Milk,Arla,"Whole _milk_, Iron, Vitamin A and Vitamin D.",,reference,open_food_facts,
8718166064814,Vanilla Yogurt,Arla,"yogurt (milk) with added milk protein (97%), grape juice concentrate, vanilla extract, extracted and ground vanilla pods, corn staren, lemon juice concentrate, sweet her: steviol glycosides from stevia, for allergens, see ingredients in bol",,reference,open_food_facts,
5760466401045,Cottage cheese,Arla,"Leche desnatada pasteurizada de vaca, nata, sal, conservador. E202, cultivos lácticos, cuajo.",,reference,open_food_facts,
6413300018039,Raspberry Protein,Arla,"Lactose Free Skyr (Yogurt (Milk)), Grape Juice Concentrate, Raspberry Puree from Concentrate 1.8%, Waxy Maize Starch, Natural Flavouring, Black Carrot Juice Concentrate, Steviol Glycosides from Stevia, Lactase Enzymes",,reference,open_food_facts,
7310865005164,Svenskt Smör - Normalsaltat,Arla,"Pastöriserad _grädde_, mjölksyrakultur, salt.",,reference,open_food_facts,
4100290068608,Kaergarden Gesalzen,Arla,"Butter (63%), Wasser, Rapsöl (13%), Milchsäurekulturen (enthält Milch), Salz (1%).",,reference,open_food_facts,
4016241031282,Greek Style Yogurt,Arla,"yogurt, lactase",,reference,open_food_facts,
5711953168264,Harvati light,Arla,"Leche pasteurizada de vaca, sal, cultivos de ácido láctico y cuajo.
Alérgenos 
Contiene: Leche",,reference,open_food_facts,
5711953103814,Buko Pikante Kräuter,Arla,"Frischkäse (Magermilch*, Sahne*, Milchsäurekulturen*) Speisesalz, Zwiebelgranulat, Paprikagranulat, Dill, Knoblauchgranulat, Basilikum.  *enthält Milch",,reference,open_food_facts,
4016241040615,Skyr Himbeer & Cranberry,Arla,"Frischkäse, Himbeeren (4,2%), Zucker, Cranberries (2,8%), Stärke, natürliches Aroma, Zitronensaft aus Fruchtsaftkonzentrat.",,reference,open_food_facts,
7310860560985,LactoFREE spreadable butter,Arla,"butter 62%, rapeseed oil 24%, water, salt 1,2%, lactic culture, vitamins a and d, lactase enzyme",,reference,open_food_facts,
5700426101013,Whole milk (3.5% fat),Arla,Whole milk 3.5% fat.,,reference,open_food_facts,
7310865001812,Mellanmjölk,Arla,"Energi:

195 kJ/47 kcal

varav mättat fett:

1,5g

1,0

Kolhydrater: 4,7

varav sockerarter: 4,7




3,5g
Protein:

Salt: 0.09g

Vitamin D: 1,0 µg

Riboflavin: 0,14 mg

Vitamin B12: 0,4 µg

Pantotensyra: 0,5 mg

Kalium: 160 mg

Klorid: 92 m",,reference,open_food_facts,
7311870010886,Bregott Normalsaltat,Arla,"smör, pastöriserad grädde, mjölksyrakultur, rapsolja, vatten, salt, vitamin A, vitamin D",,reference,open_food_facts,
5760466815637,Queso en dados,Arla,"leche de vaca pasteurizada, sal, cultivos lácticos, cuajo",,reference,open_food_facts,
7310865000363,Arla mjölk,Arla,"Mjölk, vitamin D",,reference,open_food_facts,
5711953019427,Cheddar,Arla,"Leche pasteurizada de vaca, sal, cultivos de ácido láctico, cuajo (microbiano),",,reference,open_food_facts,
6413300024359,PROTEIN Salted Caramel,Arla,"Yogurt (milk) (91%), fruit extract syrup, caramel sugar syrup (1.4%), sugar, butter (milk), maize starch, salt, natural flavouring, lemon juice concentrate, lactase enzyme.",,reference,open_food_facts,
4016241050083,Skyr,Arla,FRISCHKÄSE,,reference,open_food_facts,
6413300019427,Protein bæger,Arla,"yogurt (milk) (91%), strawberry (4,5%), grape juice concentrate, corn starch, natura flavouring, colour (carrot concentrate), lemon balm extract, gelling agent (pectin), sweetener (steviol glycosides),lactase enzyme, allergy advice: for all",,reference,open_food_facts,
4016241050490,Skyr 250 g,Arla,FRISCHKÄSE MAGERSTUFE,,reference,open_food_facts,
7310865890076,Kefir Naturell,Arla,"Mjölk, syrningskultur, jäst, D-vitamin, laktasenzym",,reference,open_food_facts,
5711953165151,Mozzarella,Arla,,,reference,open_food_facts,
5711953197521,Protein Chocolate Flavour Drink,Arla,"MÆLK, MÆLKEPROTEIN, sødestoffer (erythritol, steviolglykosider (fra Stevia), fedtreduceret kakao (1,8%), æble koncentrat, naturlige aromaer, fortykningsmidler (carrageenan, guargummi), surhedsregulerende midler (diphosphater, triphosphater)",,reference,open_food_facts,
5711953127771,Kærgården Bio ungesalzen,Arla,"_Butter_ (65%), Rapsöl (19%), Wasser, Milchsäurekulturen (enthält _Milch_).",,reference,open_food_facts,
5711953159035,Cultura Kefir Naturel,Arla,"Mælk, mælkesyrekultur, gær, laktaseenzym.",,reference,open_food_facts,
5711953160226,Крема сирене без лактоза,Arla,"МЪТЕНИЦА (от МЛЯКО), СМЕТАНА (от МЛЯКО), сол, ЛАКТАЗА, закваска от МЛЕЧНОКИСЕЛИ култури.",,reference,open_food_facts,
5711953158470,Queso fresco para untar,Arla,"Queso fresco de untar natural sin lactosa, con un contenido de 0.01/100g, 50% M.G/E.S.Gras ingredientes: leche desnatada, nata, sal, lactasa, fermentos lácticos.",,reference,open_food_facts,
5711953106307,Buko mit Skyr,Arla,"Frischkäse (Milch, Sahne, Milcheiweiß, Milchsäurekulturen), 15% Frischkäse (Magermilch, mikrobielles Lab, Milchsäurekulturen) , Speisesalz",,reference,open_food_facts,
5700426291158,Øko Mini Mælk,Arla,"1 liter økologisk dansk mælk 0,4% fedt. Homogeniseret. Pasteuriseret.",,reference,open_food_facts,
0654858702818,HAVARTI CHEESE SLICES,Arla,"PASTEURIZED MILK, SALT, CHEESE CULTURE, MICROBIAL ENZYMES.",,reference,open_food_facts,
7311870011070,Bregott - normalsaltat - Storpack,Arla,"Smör (pastöriserad grädde, mjölksyrakultur), rapsolja, vatten, salt, vitamin A och D.",,reference,open_food_facts,
5711953153846,Mild Kvarg,Arla,"Mjölk, mjölksyrakultur, laktasenzym",,reference,open_food_facts,
7311870010938,Bregott Mellan,Arla,"Vatten, smör (pastöriserad grädde, mjölksyrakultur), rapsolja, salt, vitamin A och D.",,reference,open_food_facts,
5711953167690,Tres Quesos Arla,Arla,"leche pasteurizada de vaca, antiapelmazante (fécula de patata), sal, cultivo de ácido láctico y cuajo (microbiano)",,reference,open_food_facts,
5711953185784,Raspberry & Strawberry Flavoured Shake,Arla,"milk (88%), milk protein (7%), sugar, raspberry juice concentrate, strawberry, strawberry juice concentrate, flavouring, stabilisers (carrageenan, pectin), lactase enzyme,",,reference,open_food_facts,
4016241030885,skyr bosfruit,Arla,"Magere yoghurt, 1,8% aardbei, 1,5% rode bes, 1,4% rode bosbes, 1,1% kers, 1,1% bosbes, suiker, maïszetmeel, citroensap uit concentraat, natuurlijk aroma (bevat melk),",,reference,open_food_facts,
5760466997162,café latte Starbucks,Arla,"SKAN MUNa de accura salontes (guna gellan, carragenanos) Compro taken alaboración con Conservación Internacional NGEDENTES: Latte 3,1% M.G. (753), cale Arabica Starbucks liga 198, apar (4,2%), inulina de chicoria, regulador de acidez 6046 e",,reference,open_food_facts,
5711953106468,Buko Vorteilspackung - Der Sahnige,Arla,"Frischkäse (Sahne, Magermilch, Milchsäurekulturen), Speisesalz.",,reference,open_food_facts,
8718166011016,Biologisch volle melk,Arla,volle melk,,reference,open_food_facts,
5740900401776,Mantequilla,Arla,"Room (MELK), zuursel (MELK)",,reference,open_food_facts,
5711953117312,Protein Chocolate Flavoured Shake,Arla,"Arla PROTEIN • ΠΡΟΪΟΝ ΜΕ ΒΑΣΗ ΤΟ ΓΑΛΑ ΚΑΙ ΤΗΝ ΠΡΩΤΕΪΝΗ ΓΑΛΑΚΤΟΣ, ΜΕ 1,2% ΛΙΠΑΡΑ, ΓΛΥΚΑΝΤΙΚΑ ΜΑΓΝΗΣΙΟ ΚΑΙ ΒΙΤΑΜΙΝΗ D. ΧΩΡΙΣ ΛΑΚΤΟΖΗ, ΣΥΣΤΑΤΙΚΑ: Συμπυκνωμένη πρωτεΐνη γάλακτος (51%), πλήρες γάλα υψηλής θερμικής επεξεργασίας (23%), άπαχο γάλα ",,reference,open_food_facts,
5760466738082,Puck cheese spead,Arla,price 7,,reference,open_food_facts,
5760466642013,ORIGINAL WHITE CHEESE,Arla,"Pastöriserad mjölk, surhetsreglerande medel (E575), salt, konserveringsmedel (nisin), ystenzym.",,reference,open_food_facts,
5700426291389,"Minimælk 0,4%",Arla,"1 liter minimælk 0,4% fedt. Homogeniseret. Pasteuriseret.",,reference,open_food_facts,
5711953168291,Havarti,Arla,"Leche pasteurizada de vaca, sal, fermentos lácticos, cuajo (microbiano).",,reference,open_food_facts,
4016241050506,Bourbon Vanille,Arla,"Frischkäse, Wasser, Zucker, Stärke, natürliches Bourbon-Vanillearoma, Zitronensaftkonzentrat, gemahlene Bourbon-Vanilleschoten.",,reference,open_food_facts,
4016241050913,Skyr 0%,Arla,oghurt (NL). intent magere yoghurt. sverse kaas (BE). magere verse kaas. iti laitière maigre (BE). fromage frais maigre. ichspezialität (BE). Hagerer Frischkäse. Voedingswaarde/Valeurs nutrition - per/pour/für 100 g,,reference,open_food_facts,
7310865690759,Kefir,Arla,"Organic milk, Kefir culture (milk)",,reference,open_food_facts,
5711953071755,Protein Chocolate Flavoured Milk Drink,Arla,"leche desnatada filtrada (85%), agua, proteína de suero (leche) (1,4%), concentrado de proteína de leche (leche), azúcar (1,4%), saborizante natural, estabilizante (gelan, carragenano) edulcorante (sucralosa)",,reference,open_food_facts,
7310865075376,Lacto Free Cream,Arla,"cream (milk), lactase enzyme, stabiliser (carrageenan),",,reference,open_food_facts,
5760466923927,Original Paneer Cheese,Arla,"Milk, Milk Protein, Acidity Regulator (citric acid).",,reference,open_food_facts,
5000181042131,Lactor free milk,Arla,"semi skimmed milk
lactase enzyme",,reference,open_food_facts,
5700426101217,"Frisk Dansk Let Mælk 1,5%",Arla,Mælk,,reference,open_food_facts,
5711953075487,Protein,Arla,,,reference,open_food_facts,
5700426293925,Økologisk Skummet Mælk,Arla,"skummetmælk (0,1% fedt).",,reference,open_food_facts,
4100290069102,kaergarden,Arla,"Butter (63%), Wasser, Rapsöl (13%), Milchsäurekulturen (enthält Milch).",,reference,open_food_facts,
7311870652187,Smör- & rapsolja,Arla,"Rapsolja (67%), skummjölk, smörolja (8%), sheaolja, kokosolija, mjölksyrakultur, salt, emulgeringsmedel (solroslecitin), vitamin A och D, naturlig arom,",,reference,open_food_facts,
4016241050825,Skyr Strawberries And Cream Whipped Yogurt,Arla,,,reference,open_food_facts,
5711953195958,FIS EN TINTELEND! GOED SCHUDDEN! Arla CULTURA FRAM,Arla,"MELK, suiker, 2,0% framboos, 0,2% malszetmeel, geconcentreerd zwartewortelsap, geconcentreerd frambozensap, voedingsvezels (mais), natuurlijk aroma, lactase, MELKzuurculturen (L. lactis (3 stammen), Leuconostoc, S. thermophilus, LA-5° L. ac",,reference,open_food_facts,
5760466855121,Buko - Verfeinert mit mildem Ziegenkäse,Arla,"_Frischkäse_ (aus Kuhmilch), 5% _Ziegenfrischkäse_, natürliches Aroma, Speisesalz",,reference,open_food_facts,
5760466997746,Lacto Free Skimmed Milk Drink,Arla,"skimmed  milk , lactase enzyme,",,reference,open_food_facts,
5760466738091,Puck Jars White,Arla,"water, cow's butter, cow's milk protein concentrate, palm olein, cow's butter milk powder, starter culture, emulsifier (E331iii), salt",,reference,open_food_facts,
8718166007660,Skyr nature biologique,Arla,"Biologische magere YOGHURT, lactase",,reference,open_food_facts,
4100290035178,Kaergarden ungesalzen XL Pack,Arla,"Butter (63%), Wasser, Rapsöl (13%), Milchsäurekulturen (enthält Milch). Gesamtfettgehalt 65%, hiervon 52% Butterfett und 13% pflanzliches Fett. Mischstreichfett 65%",,reference,open_food_facts,
7310865000196,Mjölk 3%,Arla,"_Mjölk_, vitamin D.",,reference,open_food_facts,
3027030011816,Sticks et bretzels d'Alsace,Dr. Oetker,"Farine de BLE, extrait de malt d'ORGE, huile de tournesol, sel, levure, correcteur d'acidité (hydroxyde de sodium). Traces éventuelles de LAIT.",,reference,open_food_facts,
3018930004909,Bretzels d'Alsace maxi,Dr. Oetker,"Farine de blé, huile de tournesol, extrait de malt d'orge, sel, levure, correcteur d'acidité (hydroxyde de sodium)",,reference,open_food_facts,
3027030007628,Sticks et Bretzels d'Alsace,Dr. Oetker,"Farine de BLÉ, extrait de malt d'ORGE, 3,2% huile de tournesol, sel levure, correcteur d'acidité (hydroxyde de sodium),",,reference,open_food_facts,
3027030011764,Sticks Bretzels d'Alsace L'original,Dr. Oetker,"Farine de blé, extrait de malt d'ORGE, 3.3% huile de tournesol, sel, levure, correcteur d'acidité : hydroxyde de sodium.",,reference,open_food_facts,
4001724038999,Ristorante PIZZA TONNO,Dr. Oetker,"TARWEBLOEM, 16% KAAS (MOZZARELLA, EDAMMER), 13% gezeefde tomaten, 9,1% TONIJN (Katsuwonus pelamis), water, 6.5% tomatenconcentraat, 5,5% uien, raapzaadolie, zonnebloemolie, sojaolie, 1,8% gefrituurde uien (uien, raapzaadolie, zonnebloemolie",,reference,open_food_facts,
3018930004936,Bretzels d’Alsace,Dr. Oetker,"Farine de _blé_, huile de tournesol, extrait de malt d’_orge_, sel, levure, correcteur d’acidité (hydroxyde de sodium), Traces éventuelles de _lait_,",,reference,open_food_facts,
4001724042105,Ristorante Mozzarella (dr. Oetker),Dr. Oetker,"WHEAT flour (with calcium, niacin (B3), iron, thiamin (B1)), MOZZARELLA CHEESE (24%) tomato puree, cherry tomatoes (10%), water, vegetable oil (rapeseed), yeast, salt, basil, sugar, parsley, spinach, garlic, onions, pepper, roasted onions, ",,reference,open_food_facts,
5000254021315,Fine Dark Cocoa Powder,Dr. Oetker,"Cocoa Powder, Acidity Regulators (Potassium Hydroxide, Potassium Carbonates)",,reference,open_food_facts,
4000521200219,Vanille Pudding,Dr. Oetker,"Maisstärke, Salz, Aroma, Farbstoff (Carotin).",,reference,open_food_facts,
4001724039022,Ristorante Pizza Spinaci,Dr. Oetker,"Ingrediēnten: TARWEBLOEM, 20% spinazie, 14% KAAS (MOZZARELLA, EDAMMER), 12 % gezeefde tomaten, water, raapzaadolie, 6,0% tomatenconcentraat, bakkersgist, zout, suiker, gemodificeerd zetmeel, emulgator (mono - en diglyceriden van vetzuren), ",,reference,open_food_facts,
4023600013519,High Protein Pudding Grieß,Dr. Oetker,"MAGERMILCH, 5,3% HARTWEIZENGRIESS, 4,7% MILCHEIWEISSERZEUGNIS, SCHLAGSAHNE, modifizierte Stärke (Mais), Verdickungsmittel (Xanthan), Maisstärke, Süßungsmittel (Cyclamat, Acesulfam K, Saccharin), Aroma (enthält MILCH), Farbstoff (Carotin), S",,reference,open_food_facts,
5000254019055,Baking Powder,Dr. Oetker,"Raising agents (E450 (Diphosphates), E500 (Sodium Carbonates)), Starch",,reference,open_food_facts,
4000521103013,Backpulver - Backin,Dr. Oetker,"Backtriebmittel (Diphosphate (E 450), Natriumcarbonate (E 500)), Stärke.",,reference,open_food_facts,
3027030025031,Biscuits Apéritifs Snack Time,Dr. Oetker,"Farine de BLÉ, huile de colza, sel, huile de tournesol, extrait de malt d'ORGE, sucre, levure, LAIT entier en poudre, poudre à lever (carbonate acide de sodium, bicarbonate d'ammonium), correcteur d'acidité (hydroxyde de sodium). Traces éve",,reference,open_food_facts,
4001724038935,Ristorante Pizza Funghi,Dr. Oetker,"WEIZENMEHL, 19% Tomatenpüree, 16% Champignons, 9,0% EDAMER KÄSE, Wasser, Rapsöl, 6,7% schnittfester MOZZARELLA KÄSE, Backhefe, Salz, Zucker, Emulgator (Mono - und Diglyceride von Speisefettsäuren), Champignonpulver, SOJASAUCE (Wasser, SOJAB",,reference,open_food_facts,
8003000189009,Vitalis,Dr. Oetker,"fiocchi integrali di AVENA 47%, olio di semi di girasole, zucchero, MANDORLE in pezzi 5,5%, ANACARDI (NOCI DI ACAGIU') in pezzi 5,5%, sciroppo di glucosio, germe di GRANO essiccato, farina di GRANO tenero, farina integrale di GRANO tenero, ",,reference,open_food_facts,
0041700039114,Ristorante Pizza Mozzarella,Dr. Oetker,"WEIZENMEHL, 24% schnittfester MOZZARELLA KÄSE, 11% passierte Tomaten, 10% Cherrytomaten, Wasser, 5,5% Tomatenkonzentrat, Rapsöl, 2,5% Olivenöl nativ extra, Basilikum, Backhefe, Salz, Zucker, Petersilie, 0,3% PECORINO HARTKÄSE, Knoblauch, Zw",,reference,open_food_facts,
5000254020325,Madagascan Vanilla Extract,Dr. Oetker,"Invert sugar syrup, glucose syrup, water, vanilla extract.",,reference,open_food_facts,
4023600013476,High Protein Pudding Schoko,Dr. Oetker,"MAGERMILCH, 7,9 % MILCHEIWEISSERZEUGNIS Stabilisator (Natriumphosphate), Verdickungsmittel (Carrageen), Süßungsmittel (Acesulfam K, Cyclamat, Saccharin). Rainforest Alliance-zertifizierter Kakao. Mehr dazu unter ra.org Bei +8°C",,reference,open_food_facts,
3027030006939,Sticks et bretzels alsaciens,Dr. Oetker,"Farine de blé, extrait de malt d'orge, huiles végétales (tournesol, palme, colza en proportion variable), sel, levure, correcteur d'acidité (hydroxyde de sodium).",,reference,open_food_facts,
4023600011371,Creme Vega,Dr. Oetker,"Wasser, 30% Kokosnussöl, 2,6% _Sojaeiweiß_, Dextrose, natürliches Aroma, Nährhefepulver, Meersalz, Säureregulator (Natriumcitrate), Milchsäurebakterienkultur",,reference,open_food_facts,
3018930047588,Bretzels,Dr. Oetker,"Farine de BLÉ (BLÉ français), extrait de malt d'ORGE, 3,3 % huile de tournesol, sel, levure, correcteur d'acidité (hydroxyde de sodium).",,reference,open_food_facts,
5000254019064,Bicarbonate of soda,Dr. Oetker,Raising agent (E500 (sodium carbonates)).,,reference,open_food_facts,
4000521110314,Hefe,Dr. Oetker,"Trockenbackhefe, Emulgator (E491).",,reference,open_food_facts,
4001724039059,Ristorante PIZZA SPECIALE,Dr. Oetker,"WEIZENMEHL, 18% Tomatenpüree, 15% KÄSE (schnittfester MOZZARELLA, EDAMER), Wasser, Salami (Schweinefleisch, Speck, Salz, Gewürze, Dextrose, Zwiebelpulver, Knoblauchpulver, Gewürzextrakte, Stabilisator (Natriumnitrit), Antioxidationsmittel (",,reference,open_food_facts,
8906002006601,8906002006601,Dr. Oetker,"Refined Soyabean Oil, Water, Sugar, Milk Solids, lodised Salt, Lemon Juice, Emulsifiers and Stabilizers (INS415, INS1442), Acidity Regulators (INS260, INS330), Preservatives (INS211, INS202), Antioxidant (INS319). CONTAINS MK 46108067-821",,reference,open_food_facts,
4023600017232,Milchreis Zimt,Dr. Oetker,"MAGERMILCH, 8,0 % Reis, 4,6 % MILCHEIWEISS ERZEUGNIS, SAHNE, Stärke, Süßungsmittel (Acesulfam K Cyclamat, Saccharin), Zimt, Salz, natürliches Zimt Aroma natürliches Aroma.",,reference,open_food_facts,
4000521021898,Vitalis Knusper Müsli PLUS Nussmischung,Dr. Oetker,"47 % Vollkorn-Haferflocken, 11 % Sonnenblumenöl, Zucker, 5,5 % Mandelkerne, 5,5 % Cashewkerne, Glukosesirup, getrocknete Weizenkeime, Weizenmehl, Weizenvollkornmehl, Reismehl, 2 % geröstete Haselnusskerne, 1,3 % Honig, 1 % Pekannusskerne, D",,reference,open_food_facts,
5941132008739,Cocoa,Dr. Oetker,"Cacao pudră, corectori de aciditate (E 525, E 501).",,reference,open_food_facts,
8906002000494,Dr Oetker Funfoods Veg Mayonnaise,Dr. Oetker,"Refined Soyabean Oil, Water, Sugar, Milk Solids, lodised Salt, Stabilizers (INS415, INS1442), Acidity Regulators (INS260, Preservatives (INS211, INS202), Antioxidant (INS319).",,reference,open_food_facts,
4000521663409,vitalis Müsli Joghurt,Dr. Oetker,"69% Vollkorn-HAFERFLOCKEN, 10% MAGERMILCHJOGHURT-Konfekt (Palmkernfett, MAGERMILCHJOGHURTPULVER, Zucker, MILCHZUCKER, SÜSSMOLKENPULVER, Emulgator (Lecithine)), Zucker, 4,9 % Cornflakes (Mais, Zucker, Salz, GERSTENMALZEXTRAKT), Sonnenblumenö",,reference,open_food_facts,
4000521661304,Vitalis Knusper müsli Honeys,Dr. Oetker,"43 % Vollkorn-HAFERFLOCKEN, Zucker, 11 % Vollkorn-WEIZENPOPS (gepuffte Vollkorn-WEIZENKÖRNER), 8,6% Sonnenblumenöl, WEIZENMEHL, Glukosesirup, Reismehl, 3,3% Honig, 3,2 % Kokosraspel, fettarmes Kakaopulver, Salz, getrockneter GERSTENMALZEXTR",,reference,open_food_facts,
4023600013494,High Protein Pudding Bourbon Vanille,Dr. Oetker,"skimmed milk, 8,6% milk protein product, whipped cream, modified starch (tapioca), natural bourbon vanilla flavor (contains milk), thickener (carrageenan), sweetener (cyclamate, acesulfame k, saccharin), dye (carotene), stabilizer (sodium p",,reference,open_food_facts,
4001724022396,"Glutenvrije pizza, rijkelijk belegd met tomatensaus, mozzarella en basilicum",Dr. Oetker,"21% mosede tomater, 19% skjærefast mozzarellaost, rismel, vann, potetstivelse, 7,8% cocktailtomater, edamerost, potetflak, rapsolje, erteprotein, gjær, sukker, basilikum, urter, salt, fortykningsmiddelen (hydroksypropylmetylcellulose, xanta",,reference,open_food_facts,
4000521005456,Kakao zum Backen,Dr. Oetker,"cocoa powder, acidity regulator (potassium carbonates)",,reference,open_food_facts,
4023600015191,High Protein Mahlzeit Milchreis,Dr. Oetker,"MAGERMILCH, Wasser, 8,0% Reis, 5,5%, MILCHEIWEISSERZEUGNIS, SAHNE, Süßungsmittel (Acesulfam K, Cyclamat Saccharin) Stärke, Salz, natürliches Aroma.",,reference,open_food_facts,
6191402801440,Levure pâtissière,Dr. Oetker,"Additifs alimentaires (carbonate acide de sodium SIN 500 (ii) : selon BPF, diphosphate disodique SIN 450 (i) : inférieur à 9300 mg/kg de phosphore [agents levants]), amidon de mais.
Déconseillé aux individus allergiques et/ou présentant un",,reference,open_food_facts,
4000521661207,Vitalis Knusper Müsli klassisch,Dr. Oetker,"60% Vollkorn-_Haferflocken_, Zucker, Sonnenblumenöl, 8.9% _Weizenkeime_, _Weizenmehl_, Glukosesirup, 2.9% Rosinen, 1.6% Honig, Salz, Aroma.",,reference,open_food_facts,
4000521579003,Creme fraiche Classic,Dr. Oetker,"Crème fraîche 30% Fett 
Der cremig-frische Genuss zur Verfeinerung von Suppen, feinen Soßen, Aufläufen oder Pfannengerichten",,reference,open_food_facts,
4000521122708,Bourbon-Vanillezucker,Dr. Oetker,"Zucker, gemahlene extrahierte Vanilleschoten, Bourbon-Vanille-Extrakt.",,reference,open_food_facts,
4000521593702,Griess Pudding Natur,Dr. Oetker,"Vollmilch, Zucker, 5,3% Hartweizengrieß, modifizierte Stärke (Mais), Magermilchpulver, Maisstärke, Verdickungsmittel (Xanthan), Salz, Aroma (enthält Milch), Farbstoff (Carotin).",,reference,open_food_facts,
4000521123017,Vanillinzucker,Dr. Oetker,"Zucker, Aroma Vanillin.",,reference,open_food_facts,
5941132400098,Cacao,Dr. Oetker,"low-fat cocoa, acidity correctors (e525, e501)",,reference,open_food_facts,
5941132400089,Zahăr pudră cu aromă de vanilie,Dr. Oetker,"Dr,Oetker ahär pud aromă de van",,reference,open_food_facts,
4023600014235,Götterspeise Waldmeister-Geschmack,Dr. Oetker,"Wasser, Zucker, Gelatine, Säuerungsmittel (Citronensäure), färbende Lebensmittel (Saflorkonzentrat, Zitronenkonzentrat), Aroma, Farbstoff (Patentblau V), Schaumverhüter (Mono - und Diglyceride von Speisefettsäuren).",,reference,open_food_facts,
4001724038591,Pizza Tradizionale Margherita,Dr. Oetker,"WEIZENMEHL, 19% schnittfester MOZZARELLA KÄSE, 16% Tomatenpuree, Wasser, natives Olivenöl extra, Salz, Backhefe, Oregano, Basilikum, Paprika. Kann enthalten: SOJA, SENF.",,reference,open_food_facts,
4001724049904,Suprema Pizza Calabrese & ‘Nduja,Dr. Oetker,"WEIZENMEHL, 22% passierte Tomaten, 13% schnittfester MOZZARELLA KÄSE, Wasser, 4,8% Calabrese-Salami (Schweinefleisch, Speck, Salz, Dextrose, Gewürze, Glukosesirup, Gewürzextrakte, Antioxidationsmittel (Extrakt aus Rosmarin), Stabilisator (N",,reference,open_food_facts,
4000521040626,Vitalis Knusper Schoko Müsli,Dr. Oetker,"56 % Vollkorn-HAFERFLOCKEN, 8,1% Sonnenblumenöl, Oligofruktose, 6,7 % getrocknete WEIZENKEIME, Zucker, WEIZENVOLLKORNMEHL, Glukosesirup, 5,0 % VOLLMILCHSCHOKOLADE (Zucker, VOLLMILCHPULVER, Kakaomasse, Kakaobutter, SÜSSMOLKENPULVER, Emulgato",,reference,open_food_facts,
4000521040662,Vitalis Müsli Double Choc,Dr. Oetker,"47 % Vollkorn-HAFERFLOCKEN, 11 % Sonnenblumenöl, Zucker, 8,0 % feinherbe Schokolade (Kakaomasse, Zucker, fettarmer Kakao, Kakaobutter, Emulgator (Lecithine)), 7,0 % VOLLMILCHSCHOKOLADE (Zucker, VOLLMILCHPULVER, Kakaomasse, Kakaobutter, SÜSS",,reference,open_food_facts,
4000521464400,Paradies Creme Vanille,Dr. Oetker,"Zucker, modifizierte Stärke, Glukosesirup, pflanzliche Öle (Palmkern, Palm), Emulgator E472b, Geliermittel Carrageen, Milcheiweiss, Salz, Farbstoffe (Carotin, Riboflavin), Aroma (enthält Milchzucker)",,reference,open_food_facts,
8003000360808,Lievito,Dr. Oetker,"Agenti lievitanti (difosfato disodico (E 450), carbonato acido di sodio (E 500)), amido, stabilizzante (sali di sodio, di potassio e di calcio degli acidi grassi (E 470a)), aroma. Può contenere SOIA.",,reference,open_food_facts,
4033634076079,DR. Karg Spelt Met Zaden,Dr. Oetker,"farine d'épautre complet (55%), graines de tournesol (16%), graines de sésame (6%), farine d'épautre (6%), flocons d'avoine (3%), huile d'olive extra vierge (3%), graines de lin (3%), sel, levure, extrait de malt d'orge",,reference,open_food_facts,
8003000189106,Vitalis muesi croccante mix di frutta,Dr. Oetker,"Fiocchi integrali di AVENA 50 %, olio di semi di girasole, zucchero, sciroppo di glucosio, germe di GRANO essiccato, uvetta 4,0 %, mirtilli rossi americani zuccherati 3,7% (mirtilli rossi americani disidratati 56 %, zucchero, umidificante (",,reference,open_food_facts,
4000521160416,"Süßes Tortenguss, klar",Dr. Oetker,"Stärke, Geliermittel (Carrageen (E 407)), Säuerungsmittel (Kaliumtartrate (E 336)), Festigungsmittel (Kaliumchlorid (E 508)).",,reference,open_food_facts,
6191402800159,Crème Dessert (Goût Vanille),Dr. Oetker,"Amidon, arôme vanille (artificiel), rouge de betterave (colorant naturel), riboflavine (colorant).",,reference,open_food_facts,
4000521027005,Zucker Streusel,Dr. Oetker,"Zucker, Glukosesirup, pflanzliche 101, E120, E 132), Emulgator (Lecithine), färbendes Lebensmittel (Rote-Bete-Saftkonzentrat), Trennmittel (Talkum),",,reference,open_food_facts,
8906002004436,Veg mayonnaise,Dr. Oetker,"Refined Soyabean Oil, Water, Sugar, Milk Solids, iodised Salt, Lemon Juice, Emulsifiers and Stabilizers (INS415, INS1442), Acidity Regulators (INS260, INS330), Preservatives (INS211, INS202), Antioxidant (INS319).  CONTAINS MILK.",,reference,open_food_facts,
4000521035688,Vitalis Müsli Knusper Schoko ohne Zuckerzusatz,Dr. Oetker,"51% Vollkorn-HAFERFLOCKEN, Süßungsmittel (Maltitsirup), 12 % Schokolade mit Süßungsmittel (Kakaomasse, Süßungsmittel (Maltit), Kakaobutter, Emulgator (Lecithine)), 7,6 % Sonnenblumenöl, WEIZENVOLLKORNMEHL, 5,2% getrock - nete WEIZENKEIME, r",,reference,open_food_facts,
5000254021546,Extra dark chocolate created for bakers,Dr. Oetker,"Cocoa mass*, sugar, emulsifier (SOYA lecithins). Cocoa solids 72% minimum. *Rainforest Alliance Certified. Find out more at ra.org. Allergy Advice",,reference,open_food_facts,
4000521004606,Vitalis Knuspermüsli Plus,Dr. Oetker,"50 % Vollkorn-HAFERFLOCKEN, 12 % Sonnenblumenöl, Zucker, Glukosesirup, getrocknete WEIZENKEIME, Rosinen, gezuckerte Cranberrys (getrocknete Cranberrys, Zucker, Feuchthaltemittel (Glycerin)), WEIZENMEHL, WEIZENVOLLKORNMEHL, Reismehl, getrock",,reference,open_food_facts,
5000254019310,Dr Oetker Chocolate chunks extra dark,Dr. Oetker,"cocoa mass, sugar, cocoa powder, whey permeate (milk), lactose (milk), emulsifiers: soya lecithins. cocoa solids 70% minimum. suitable for vegetarians. allergy advice for allergens see ingredients in bold.",,reference,open_food_facts,
4023600015535,Paula Pudding Vanille,Dr. Oetker,"85 % Vollmilch, Zucker, 4,3 % entrahmte Milch, modifizierte Stärke, 0,6 % fettarmer Kakao, Aroma, Verdickungsmittel (Carrageen), Farbstoff (Carotin), Stabilisator (Natriumcarbonate).",,reference,open_food_facts,
4001724036733,Die Ofenfrische Thunfisch,Dr. Oetker,"WEIZENMEHL, Wasser, 15% Tomatenpüree, 10% KÄSE (schnittfester MOZZARELLA, EDAMER), 9,5% THUNFISCH (Katsuwonus pelamis), 7,8% Zwiebeln, Hefe, Salz, Palmfett, Zucker, eingelegte Kapern (Kapern, Branntweinessig, Salz), Rapsöl, Sonnenblumenöl, ",,reference,open_food_facts,
8906002006230,Dr. Oetker Peanut Butter,Dr. Oetker,,,reference,open_food_facts,
4001724049913,Suprema Margherita,Dr. Oetker,"WEIZENMEHL, 24% passierte Tomaten, 18% schnittfester MOZZARELLA KÄSE, Wasser, 2,7% GRANA PADANO HARTKÄSE (MILCH, Salz, tierisches Lab, Lysozym (EI)), Olivenöl nativ extra, Meersalz, Hefe, Basilikum, Oregano. Kann enthalten: SOJA, SENF.",,reference,open_food_facts,
4023600017764,Rote Grütze,Dr. Oetker,"Wasser, Sauerkirschen, Zucker, rote Johannisbeeren, schwarze Johannisbeeren, Himbeeren, modifizierte Stärke, Stärke, Verdickungsmittel (Xanthan, Johannisbrotkernmehl).",,reference,open_food_facts,
4000521021913,Vitalis knusper muesli plus Honig-Mandel,Dr. Oetker,"51% Vollkorn-HAFERFLOCKEN, Sonnenblumenöl, Zucker, 7,5 % MANDELN, Glukosesirup, getrocknete WEIZENKEIME, WEIZENMEHL, Reismehl, 1,4 % Honig, WEIZENVOLLKORNMEHL, Dextrose, Salz, Aroma, getrockneter GERSTENMALZEXTRAKT, MAGERMILCHPULVER. Kann e",,reference,open_food_facts,
5941132300026,budincă,Dr. Oetker,"Ingrediente: : amidon din porumb, cacao cu conținut redus de grăsime (10-12% unt de cacao), aromă. Poate conține LAPTE.",,reference,open_food_facts,
4000521170510,Sahnesteif,Dr. Oetker,"glucose, modified starch, separator e341,",,reference,open_food_facts,
8606015717409,Palenta instant sir,Dr. Oetker,,,reference,open_food_facts,
8584002009345,Holandské kakao,Dr. Oetker,"Kakaový prášek se sníženým obsahem tuku (obsah kakaového másla 10 %), regulátor kyselosti (uhličitan draselný). Rainforest Alliance certifikované kakao. Více informací na ra.org Může obsahovat stopy MLÉKA a SÓJOVÝCH BOBŮ.",,reference,open_food_facts,
4000521040723,Vitalis Knusper Müsli Schoko + Banane,Dr. Oetker,"50% Vollkorn-HAFERFLOCKEN, Zucker, 8,4% Sonnenblumenöl, Maismehl, 5,0 % VOLLMILCHSCHOKOLADE (Zucker, VOLLMILCHPULVER, Kakaomasse, Kakaobutter, SÜSSMOLKENPULVER, Emulgator (Lecithine)), Glukosesirup, WEIZENMEHL, geröstete gesüßte Bananenstüc",,reference,open_food_facts,
4001724011178,Pizza Salami Die Ofenfrische,Dr. Oetker,"WEIZENMEHL, Wasser, 15% Tomatenpüree, 12% KÄSE (schnittfester MOZZARELLA, EDAMER), 10% Salami (Schweinefleisch, Speck, Salz, Gewürze, Dextrose, Zwiebelpulver, Knoblauchpulver, Gewürzextrakte, Stabilisator (Natriumnitrit), Antioxidationsmitt",,reference,open_food_facts,
4001724011053,Die Ofenfrische Speciale,Dr. Oetker,"WEIZENMEHL, Wasser, 14% Tomatenpuree, 10% KÄSE (schnittfester MOZZARELLA, EDAMER), 7,0% Salami (Schweinefleisch, Speck, Salz, Dextrose, Gewürze, Zwiebelpulver, Knoblauchpulver, Gewürzextrakte, Stabilisator (Natriumnitrit), Antioxidationsmit",,reference,open_food_facts,
4000521027032,Paula Müslispaß Schoko,Dr. Oetker,"30% Vollkorn-HAFERFLOCKEN, WEIZENVOLLKORNMEHL,12% MILCHSCHOKOLADE (Zucker, Kakaomasse, Kakaobutter, MAGERMILCHPULVER, VOLLMILCHPULVER, BUTTERREINFETT, natürliches Vanille Aroma, Emulgator (Lecithine)), resistentes Maltodextrin, Maismehl, Co",,reference,open_food_facts,
4001724040532,La Mia Grande Rucola,Dr. Oetker,"WEIZENMEHL, 22% schnittfester MOZZARELLA KÄSE, 19% passierte Tomaten, 9,5% Cherrytomaten, Wasser, 3,8% Rucola, 3,2% Tomatenkonzentrat, Olivenöl nativ extra, Salz, Hefe, Oregano, Zucker, Basilikum, Pfeffer. Kann enthalten: SOJA, SENF.",,reference,open_food_facts,
4001724039086,Ristorante Pizza Hawaii,Dr. Oetker,"_Weizenmehl_, 14% eingelegte Ananasstücke (Ananasstücke, Wasser, Zucker, Säurungsmittel (Citronensäure)), 12% passierte Tomaten, 7,5% schnittfester Mozarella _Käse_, 7,5% Edamer _Käse_, 7,5% Tomatenkonzentrat, Wasser, 6,8% gekochter Hinters",,reference,open_food_facts,
4001724039651,Ristorante Pizza Margherita Pomodori,Dr. Oetker,"WEIZENMEHL, 20% Tomatenpüree, 11% Belag (Wasser, modifizierte Kartoffelstärke, Kokosöl, Meersalz, Farbstoff (Carotin), Antioxidationsmittel (Ascorbinsäure)), 11% Cherrytomaten, Wasser, 5,7% Tomatenstücke (getrocknete Tomaten, Sonnenblumenöl",,reference,open_food_facts,
5410231201322,Pannenkoeken crepes,Dr. Oetker,"farine de ble, sucre, lait maigre en poudre, lactosérum (lait), agents levants (e 450, e 500), sel, émulsifiant (lécithine de soy), peut contenir des traces d'ceuf et de lupin, average nutritional value one bag of this product, prepared wit",,reference,open_food_facts,
3800218835426,Овесена зак.с ягоди Виталис 56г.,Dr. Oetker,,,reference,open_food_facts,
6191402800168,Creme dessert,Dr. Oetker,"Amidon de maïs, cacao maigre en poudre.",,reference,open_food_facts,
4001724038652,Pizza Traditionale Verdure Grigliate,Dr. Oetker,"WEIZENMEHL, 14% gegrillte Gemüsepaprika, Wasser, 9,6% SAUERRAHM, 95 % schnittfester MOZZARELLA KÄSE, 6,0% gegrillte Zucchini, 4,7 % Tomatenpüree, natives Olivenöl extra, Salz, Zucker, Backhefe, Oregano, Paprika, Chilipulver. Kann enthalten:",,reference,open_food_facts,
5941132007633,Нискомаслено какао на прах,Dr. Oetker,"нискомаслено какао на прах, регулатори на киселинността(калиев карбонат, калиев хидроксид),",,reference,open_food_facts,
4001724046378,Pizza Margherita Grandissima,Dr. Oetker,,,reference,open_food_facts,
4001724051440,La Mia Familia Tomate & Paprika,Dr. Oetker,"WEIZENMEHL, Wasser, 8,6% Tomatenpüree, 5,6% CRÈME FRAÎCHE, 5,6% JOGHURT, 2,0% PECORINO HARTKÄSE, Rapsöl, 1,0% Gemüsepaprika, Salz, Hefe, Knoblauch, Zucker, Zwiebeln, modifizierte Stärke, Branntweinessig, Röstzwiebeln, Petersilie, Oregano, P",,reference,open_food_facts,
4001724050681,Suprema Cinque Formaggi,Dr. Oetker,"Farine de BLÉ, 22% purée de tomate, eau, 9,7% FROMAGE MOZZARELLA, 6,4% FROMAGE CHEDDAR fumé, 4,3% FROMAGE PROVOLONE, 2,1% RICOTTA, huile d'olive vierge extra, CRÈME fleurette, sel de mer, levure, 0,4% FROMAGE BLEU, basilic, sel, origan.",,reference,open_food_facts,
4000521661100,Vitalis Schokomüsli,Dr. Oetker,"61% Vollkorn-HAFERFLOCKEN, 13% Schokolade (Zucker, Kakaomasse, Kakaobutter, Emulgator (Lecithine)), 10% VOLLMILCHSCHOKOLADE (Zucker, VOLLMILCHPULVER, Kakaomasse, Kakaobutter, SÜSSMOLKENPULVER, Emulgator (Lecithine)), Zucker, WEIZENVOLLKORNM",,reference,open_food_facts,
4001724015606,Dr. oetker Pizza Casa Di Mamma Prosciutto-funghi,Dr. Oetker,"Farine de BLÉ, 20% purée de tomate, eau, 9,6% FROMAGE (MOZZARELLA, EDAM), 7,2% jambon cuit (viande de porc, eau, sel, dextrose, stabilisants (di - et triphosphate, nitrite de sodium), arôme, arôme de fumée), 7,2% champignons, levure de boul",,reference,open_food_facts,
4000521201315,Sahnepudding,Dr. Oetker,"Maisstärke, Salz, Aroma, Farbstoff (Carotin)",,reference,open_food_facts,
8003000362709,Lievito di birra,Dr. Oetker,"lievito disidratato, emulsionante: monostearato di sorbitano,",,reference,open_food_facts,
4000521102519,Original Backin Backpulver,Dr. Oetker,"Backtriebmittel (Diphosphate (E 450), Natriumcarbonate (E 500)), Stärke.",,reference,open_food_facts,
4000521020321,Flüssiger Bourbon Vanille Extrakt,Dr. Oetker,"Invertzuckersirup, Glukosesirup, Wasser, Bourbon Vanille Extrakt",,reference,open_food_facts,
4023600015517,Paula Schoko mit Flecken Vanillegeschmack,Dr. Oetker,"82 % Vollmilch, Zucker, 6,1 % entrahmte Milch, modifizierte Stärke, 1,4 % fettarmer Kakao, Verdickungsmittel (Carrageen), Aroma, Farbstoff (Carotin), Stabilisator (Natriumcarbonate).",,reference,open_food_facts,
3011360002888,Secret d'arômes plein sud,Knorr,"salt, sugar, flavor enhancer: sodium glutamate, disodium inosinate and disodium guanylate, oregano: 6,3%, corn oil with spices and herbs (corn oil, basil extract, garlic extract, onion extract, oregano extract, pepper extract), parsley: 3,3",,reference,open_food_facts,
8722700027779,"Soupe Thai  (Nouilles, champignons et pousses de soja)  د تای سوپ",Knorr,"pâte chinoise : 36% (semoule de BLÉ tendre, sel, blanc d'ŒUF), amidon de pomme de terre, dextrose, graisse de palme, sel, champignon de Paris¹ : 2,8%, pousse de SOJA (haricot mungo) : 2,6%, lactose (LAIT), chlorure de potassium, maltodextri",,reference,open_food_facts,
8720182490184,Knorr Bouillon de Légumes 15 Tablettes 150g,Knorr,"Sel, graisses végétales (palme, palme totalement hydrogénée), amidon, exhausteurs de goût : E621, E631 et E627, chlorure de potassium, sucre, oignon 4%, carotte 3,3%, épices et aromates (curcuma, ail, persil, poivre, graines de CÉLERI, pers",,reference,open_food_facts,
8712566432125,Bouillon Légumes,Knorr,"Sel, maltodextrine, graisse de palme, sucre, oignon* 4%, extrait de levure, CÉLERI-RAVE* 3,4%, arômes, carotte* 2,2%, ail*, poireau* 0,6%, curcuma*, graines de fenugrec, livèche*, jus de CELERİ concentré*, persil', jus d'oignon concentré*, ",,reference,open_food_facts,
8711200350375,Knorr Soupe Liquide Légumes du Potager 45cl,Knorr,"Voici les ingrédients présents dans notre jolie bouteille : de l'eau, de la carotte¹ (17%), de la tomate¹ (13%), de la courge¹ (6,3%), de la CRÈME fraîche (6,1%), de l'amidon de riz, de l'oignon¹ (3%), des petits pois¹ (3%), du CÉLERI-RAVE¹",,reference,open_food_facts,
8714100766576,Les classiques - Velouté de 9 légumes,Knorr,"water, carrot¹: 10%, potato¹: 9,3%, celery root¹: 6%, onion¹: 5,6%, tomato¹: 4%, parsnips¹: 2,8%, squash¹: 2%, modified corn starch, sunflower oil, sugar, salt, whey (milk), leek¹: 0,2%, turnip¹: 0,2%, skimmed milk powder, flavour, yeast ex",,reference,open_food_facts,
8718114807982,Knorr Soupe Déshydratée Forestière Champignons & Oignons 3 Portions,Knorr,"Amidons (pomme de terre, maïs), lactosérum (LAIT), graisse de palme, farine de BLÉ, sel, maltodextrine, extrait de levure, oignon grillé : 3,7%, préparation à base de jus de champignon concentré (maltodextrine, jus de champignon concentré :",,reference,open_food_facts,
8714100880122,KNORR Bio Bouillon Saveur Légumes 6 Tablettes 60g,Bio+,"Sel, sucre de canne², amidons² (maïs², pomme de terre²), graisse de palme², oignon² : 8,9%, épices² et aromates (ail²: 2,6%, livèche² : 0,4%, curcuma², noix de muscade²), oignon grillé²: 1,4%, carotte² : 0,5%. ²Ingrédients issus de l'Agricu",,reference,open_food_facts,
3011360083306,Knorr Soupe Déshydratée Douceur d'Asperges 3 Portions,Knorr,"Farine de BLÉ, graisse de palme, amidon, asperge blanche 6,4%, sel, maïs doux, sirop de glucose, sucre, protéines végétales hydrolysées, chlorure de potassium, protéines de LAIT, arômes (dont LAIT), asperge verte 0,6%, épinard, jus de citro",,reference,open_food_facts,
8714100880140,Knorr Bouillon de Poule Bio 60g,Bio+,"Sel, sucre, graisse de palme, maltodextrine, amidon de maïs, viande de poule (viande de poule: 5,3%, antioxydant: extraits de romarin), oignon: 3,7%, graisse de poule (graisse de poule, antioxydant: extraits de romarin), arôme naturel de po",,reference,open_food_facts,
3011360023997,Knorr Soupe Déshydratée Douceur de 9 Légumes 3 Portions,Knorr,"Pomme de terre 17%, graisse de palme, sucre, farine de BLÉ, courge 6,7%, carotte 6,4%, amidon, sel, crème 4,9% (LAIT), haricot vert 4,5%, tomate 4,5%, beurre (LAIT), oignon 2,9%, protéines végétales hydrolysées, graisse de poule (graisse de",,reference,open_food_facts,
8712100423141,Knorr Secret d'Arômes Plein Sud Origan et Basilic Tube 145g,Knorr,"Sel, sucre, exhausteurs de goût : glutamate de sodium, inosinate disodique et guanylate disodique, origan : 6,3%, huile de maïs aux épices et aromates (huile de maïs, extrait de basilic, extrait d'ail, extrait d'oignon, extrait d'origan, ex",,reference,open_food_facts,
3011360031914,Bouillon de Poule,Knorr,"salt, potato starch, vegetable fats (palm, fully hydrogenated palm), flavour enhancers: glutamate, sodium inosinate and guanylate, aromas, sugar, hen fat (chicken fat, antioxidant: rosemary extracts), extra virgin olive oil, chicken meat pr",,reference,open_food_facts,
3011360000765,Knorr Assaisonnement En Poudre Aromat Tube 70g,Knorr,"sel, dextrose, exhausteurs de goût : glutamate, inosinate et guanylate de sodium, amidon de maïs, oignon : 3,1%, extrait de levure, huile de tournesol, épice et aromate : 0,3% (curcuma, ail), arôme naturel de champignon. Peut contenir : glu",,reference,open_food_facts,
8714100769962,Knorr Soupe Liquide Mouliné de Légumes Variés du Potager 1L,Knorr,"Eau, pomme de terre1, 2 : 16%, carotte1, 2 : 12%, CÉLERI-RAVE1, 2 : 8,8%, oignon1, 2 : 2,9%, haricot vert1, 2 : 2,8%, brocoli1, 2 : 2,7%, poireau1, 2 : 2,6%, CRÈME fraîche1, amidon de maïs1, sel, arôme naturel de livèche. Peut contenir : cé",,reference,open_food_facts,
8714100762677,"Knorr Soupe Liquide Bio Mouliné de Tomates, Oignons et Pointe Thym 1L",Knorr,"Tomate1, 2 : 55%, eau, oignon1, 2 : 4%, carotte1, 2, CÉLERI-RAVE1, 2, CRÈME fraîche1, amidon de maïs1, sucre de canne1, sel, épice1, 2 et aromates1, 2 (basilic1, 2, ail1, 2, thym1, 2 : 0,01%, romarin1, 2, poivre1, 2), arôme naturel de livèc",,reference,open_food_facts,
8711200350339,Knorr Soupe Liquide Potiron Pointe de Muscade 450ml,Knorr,"Voici les ingrédients présents dans notre jolie bouteille : de l'eau, du potiron¹ (30%), de la carotte¹, de l'oignon¹, de la CRÈME fraîche, de la pomme de terre¹, une petite noisette de BEURRE, de l'amidon de maïs, un peu de sucre de canne,",,reference,open_food_facts,
8714100769360,Knorr Soupe Liquide Mouliné de Légumes Variés 1L,Knorr,"water, potato1: 16%, carrot1: 13%, ceer-rave1: 8,5%, onion1: 3,2%, leek1: 2,8%, broccoli1: 2,4%, green bean1: 2,4%, crème fraîche, modified corn starch, salt, sunflower oil, yeast extract, whey (lait), may contain: gluten, mustard, egg, soy",,reference,open_food_facts,
8710522940640,KNORR Bouillon de Légumes Sans Sel 8 Tablettes 72g,Knorr,"Sirop de glucose, beurre de karité, arômes, oignon grillé³ : 8%, amidon, sucre, persil³ : 1,2%, noix de muscade, poivron rouge³ : 0,9%, poivre, carotte³ : 0,6%, racine de livèche³, romarin : 0,2%, curcuma³. ³Ingrédients issus de l'agricultu",,reference,open_food_facts,
3011360005557,"Knorr Bouillon Bouquet Garni Thym, Persil & Laurier 99g 9 cubes",Knorr,"Sel, graisses végétales (palme, palme totalement hydrogénée), amidon, exhausteurs de goût : glutamate de sodium, inosinate disodique et guanylate disodique, chlorure de potassium, oignon², arômes, sucre, feuilles de laurier² : 2%, persil² :",,reference,open_food_facts,
3011360006237,Soupe à l'Oignon,Knorr,"Oignon: 44%, amidon de pomme de terre, sucre, farine de blé, sel, ail, arômes, graisse de palme, protéines végétales hydrolysées, extrait de levure, chlorure de potassium, maltodextrine, jus d'oignon concentré 0.7%, jus de CELERI-RAVE conce",,reference,open_food_facts,
8720182681892,Douceur de 8 légumes,Knorr,"Eau, carotte : 15%, tomate : 10%, pomme de terre : 6%, CREME fraîche : 4,1%, courge : 3%, amidon de mais, oignon : 2,1%, poireau : 1,8%, sucre de canne, CELERI-RAVE : 1,1%, petit pois : 1,1%, sel, BEURRE, aromates (ail, racine de livèche).",,reference,open_food_facts,
8711200339497,Bouillon Légumes Méditerranéens,Knorr,"salt, flavor enhancers: glutamate, sodium inosinate and guanylate, palm fat, onion¹: 6,7%, potato starch, spices and herbs (parsley¹: 0,7%, oregano, basil¹: 0,5%, livèche, turmeric¹, fennel seeds, celery seeds, rosemary: 0,2%), sugar, malto",,reference,open_food_facts,
8712100368349,Knr dcr automne 1l,Knorr,"Eau, carotte¹ : 10%, pomme de terre¹ : 8,2%,  tomate¹, courge¹ : 6%, CRÈME fraîche : 2,9%, CÉLERI-RAVE¹ : 2,6%, oignon¹ : 2,4%, poireau¹ : 2%, amidon de maïs, panais¹ : 1,6%, sucre de canne, sel, BEURRE. Peut contenir : céréales contenant d",,reference,open_food_facts,
8712566479667,Vegetable,Knorr,"concentrated vegetable stock (water, carrots, leek, red bell pepper, celeriac) (43%), glucose syrup, salt, yeast extract, palm fat, sugar, potassium chloride, parsley, vegetable juice concentrate (celery, carrots, leek, onions) (0,9%), spic",,reference,open_food_facts,
8710522940774,KNORR Bouillon de Volaille Sans Sel 8 Tablettes 72g,Knorr,"Sirop de glucose, beurre de karité, oignon grillé³, sucre, amidon, arômes, viande de poule⁴ : 2,5%, persil³: 1,2%, graisse de poule⁴ : 1%, curcuma³, poivron rouge³, poivre, carotte³: 0,6%, noix de muscade, racine de livèche³, romarin : 0,2%",,reference,open_food_facts,
8720182691835,Knorr Soupe Déshydratée Chinoise 2 Portions,Knorr,"Nouilles chinoises 51% (farine de BLÉ, sel, blanc d'ŒUF), amidon, arômes, poireau 4,5%, carotte, oignon, jus de citron en poudre (maltodextrine, jus de citron), champignon noir 2,2%, chou blanc, ail 1,6%, chlorure de potassium, sel, sucre, ",,reference,open_food_facts,
7611100054715,Aromat,Knorr,"Sel de cuisine iodé, Exhausteurs de goût (Glutamate monosodique), Sucre de lait, Amidon de blé, Extrait de levure, Épices (Oignons, Ail, curcuma, Graine de céleri, Clous de girofle, Laurier), Huiles végétales (Palme, Tournesols), Extraits d",,reference,open_food_facts,
3274935300130,"Gaspacho original - Soupe de tomate et légumes, basilic et menthe",Knorr,"Jus de tomate 58%, légumes 20% (carotte 11,2%, oignon 8,8%), eau, huile d'olive vierge extra, vinaigre de Xérès, jus de citron 1,8%, ail, sel, basilic 0,4%, menthe 0,1%",,reference,open_food_facts,
8714100752120,Knorr Soupe Liquide Bio Velouté de Légumes du Potager à la Crème Fraîche 1L,Knorr,"Eau, carotte1, 2 : 9,6%, CÉLERI-RAVE1, 2 : 9,2%, pomme de terre1, 2 : 8,9%, oignon1, 2 : 5%, brocoli1, 2 : 4,5%, tomate1, 2 : 2,7%, amidon de maïs1, CRÈME fraîche1 : 1%, sel, BEURRE1, sucre de canne1, poireau1, 2 : 0,2%, chou blanc1, 2 : 0,",,reference,open_food_facts,
8712566429273,Knorr Soupe Liquide Mouliné de Légumes d'Autrefois 1L,Knorr,"Eau, carotte¹ : 5,8%, pomme de terre¹ : 4%, panais¹ : 4%, poireau¹ : 4%, oignon¹ : 3%, amidon de maïs, topinambour¹ : 1%, CRÈME fraîche, sel, rutabaga¹ : 0,5%, CÉLERI-RAVE¹ : 0,1%, arôme naturel, sucre de canne, racine de livèche. Peut cont",,reference,open_food_facts,
8718114823069,Knorr Gourmet Soupe Déshydratée Velours de Cèpes 3 Portions,Knorr,"Graisse de palme, amidon, farine de BLÉ, sel, champignon de Paris 4,9%, extrait de levure, lactose (LAIT), oignon grillé, protéines de LAIT, chlorure de potassium, cèpe 2%, maltodextrine, bolet jaune 1,5%, sucre, Aceto Balsamico di Modena I",,reference,open_food_facts,
8720182681908,Velouté de potiron,Knorr,"Eau, potiron': 17%, carotte' : 16%, courge' : 9,5%, pomme de terre' : 3,9%, oignon' : 3,9%, CRÈME fraîche : 1,8%, BEURRE, tomate', sel, sucre de canne, racine de livèche. Peut contenir : céleri, céréales contenant du gluten, moutarde, œuf, ",,reference,open_food_facts,
8710908961043,Knorr Soupe Liquide Douceur de 8 Légumes à la Crème Fraîche 30cl,Knorr,"Eau, carotte¹ : 15%, tomate¹ : 10%, pomme de terre¹ : 6%, CRÈME fraîche : 4,1%, courge¹ : 3%, amidon de maïs, oignon¹ : 2,1%, poireau¹ : 1,8%, sucre de canne, CÉLERI-RAVE¹ : 1,1%, petit pois¹ : 1,1%, sel, BEURRE, aromates (ail, racine de li",,reference,open_food_facts,
8722700277444,Knorr Marmite Bouillon de Légumes 8 Capsules 224g,Knorr,"Eau, sel, carotte réhydratée 7,5%, graisse de palme, sucre, poireau réhydraté 5%, extrait de levure, poivron rouge réhydraté 2,3%, CÉLERI-rave réhydraté 0,9%, gélifiants : gomme xanthane et farine de graines de caroube, arômes, épices et ar",,reference,open_food_facts,
8711200330779,Knr dcr legumes soleil 1l,Knorr,"Eau, tomate¹ : 15%, poivron rouge¹ : 5,3%, carotte¹, courgette¹ : 4,5%, pomme de terre¹, aubergine¹ : 3,4%, CRÈME fraîche, oignon¹ : 2,1%, amidon de maïs, haricot vert¹ : 1,3%, sucre de canne, sel, épices et aromates (ail, racine de livèche",,reference,open_food_facts,
8718114807894,Velours de tomate à la mozzarella,Knorr,"légumes (tomate²: 33%, oignon (dont oignon grillé : 0,8%)), sucre, farine de BLÉ, graisse de palme, mozzarella: 5,9% (FROMAGE), fécule de pomme de terre, FROMAGES (dont FROMAGE fondu), sel, lactosérum (LAIT), protéines végétales hydrolysées",,reference,open_food_facts,
3011360006307,Knorr Soupe Déshydratée Passée aux 9 Légumes 4 Portions,Knorr,"Pomme de terre² : 44%, carotte² : 9,8%, haricot blanc² : 9,4%, oignon² : 7,4%, sel, CÉLERI-RAVE² : 4,5%, lard fumé (graisse de porc, fumée), poireau² : 3,8%, graisse de palme, tomate² : 2,5%, haricot vert² : 1,9%, extrait de levure, sirop d",,reference,open_food_facts,
8710908954496,KNORR Soupe Liquide Paysanne Lentilles Lard Fumé 1l,Knorr,"Eau, lentille¹ cuite : 11%, carotte¹ : 9,9%, pomme de terre¹ : 6,7%, oignon¹ : 3,3%, lard fumé : 3% (poitrine de porc, sel, poivre, fumée), poireau¹ : 1,4%, amidon modifié de maïs, CÉLERI-RAVE¹ : 1%, navet¹ : 1%, sel, épice et aromates (per",,reference,open_food_facts,
8714100769403,Knr moul leg var 50cl rl,Knorr,"Eau, carotte¹ : 14%, pomme de terre¹ : 12%, CÉLERI-RAVE¹ : 8,5%, oignon¹ : 3,2%, poireau¹ : 3%, brocoli¹ : 2,4%, haricot vert¹ : 2,4%, CRÈME fraîche, amidon de maïs, sel, arôme naturel, racine de livèche. Peut contenir : céréales contenant ",,reference,open_food_facts,
8720182595957,Knorr Sauce Liquide Béchamel Brique 50cl,Knorr,"LAIT entier : 93%, amidon modifié de maïs, protéines de LAIT, CRÈME, sel, épaississants : méthylcellulose, gomme guar et farine de graines de caroube, extrait de noix de muscade : 0,3%, extrait de poivre.",,reference,open_food_facts,
8712566479366,Succulent Chicken,Knorr,"concentrated chicken stock (63%) (water, chicken), salt, sugar, flavourings, yeast extract, chicken fat (2%), potassium chloride, palm fat, gelling agents (xanthan gum, locust bean gum), garlic, carrots,quot,, leekt, caramel syrup, maltodex",,reference,open_food_facts,
8720182694832,Knorr Soupe Déshydratée Indonésienne 2 Portions,Knorr,"Nouilles aux œufs : 51% (farine de BLÉ, farine de BLÉ dur, ŒUF, sel, stabilisant : carbonates de potassium), amidon de pomme de terre, arômes, carotte² : 4,9%, poireau² : 3,9%, sucre, poivron rouge² : 3,3%, sel, oignon² : 2,2%, échalote² : ",,reference,open_food_facts,
8720182108937,Knorr Soupe Liquide Velouté de Poireaux Français 1L,Knorr,"Eau, pomme de terre¹, poireau¹ : 12%, CRÈME fraîche, oignon¹, amidon de maïs, sel, sucre de canne, racine de livèche¹. Peut contenir : céleri, céréales contenant du gluten, moutarde, œuf, soja. ¹Ingrédients issus de l'agriculture durable : ",,reference,open_food_facts,
8712566463860,Knorr Soupe Liquide Poule Vermicelles 30cl,Knorr,"Eau, vermicelle cuit : 12% (semoule de BLÉ dur, blanc d'ŒUF), viande de poule : 3%, carotte¹ : 1,3%, oignon¹ : 1,3%, CÉLERI-RAVE¹ : 1%, poireau¹ : 1%, amidon modifié de maïs, graisse de poule : 0,7%, arômes, amidon de pomme de terre, sel, é",,reference,open_food_facts,
3250541913645,Knorr Sauce Liquide Hollandaise au Jus de Citron Brique 30cl,Knorr,"Eau, beurre 15% (LAIT), amidon modifié, LAIT en poudre écrémé, sel, jus de citron concentré 0,6%, huile de tournesol, extrait de levure, jaune d'ŒUF en poudre 0,3%, sirop de sucre inverti, jus de carotte concentré, épaississant : gomme xant",,reference,open_food_facts,
8717163793633,"Knorr Soupe Liquide Patate Douce, Carottes et Fromage 45cl",Knorr,"Voici les ingrédients présents dans notre jolie bouteille : de l'eau, de la patate douce¹ (23%), de la carotte¹ (21%), de l'oignon¹, du FROMAGE frais (4%), une petite noisette de BEURRE, de l'amidon de maïs, une pointe de sel, une pincée d'",,reference,open_food_facts,
5000184161020,Chicken Stock cubes 8 x,Knorr,"Salt, starch, vegetable fats (palm, shea, sal), yeast extract, sugar, chicken fat (3%)[chicken fat, antioxidant (extracts of rosemary), flavourings, chicken (1%)[chicken, salt, antioxidant (extracts of rosemary), spices (turmeric, pepper, _",,reference,open_food_facts,
8722700216799,Knorr Secret d'Arômes Plein Sud Origan et Basil Tube 60g,Knorr,"Sel, sucre, exhausteurs de goût : glutamate de sodium, inosinate disodique et guanylate disodique, origan : 6,3%, huile de maïs aux épices et aromates (huile de maïs, extrait de basilic, extrait d'ail, extrait d'oignon, extrait d'origan, ex",,reference,open_food_facts,
8722700750187,Chicken Stock Cubes,Knorr,"salt, starch, vegetable fats (palm, shea, sal), yeast extract, sugar, chicken fat (3%) [chicken fat, antioxidant (extracts of rosemary)], flavourings, chicken (1%) [chicken, salt, antioxidant (extracts of rosemary)], spices (turmeric, peppe",,reference,open_food_facts,
8712566213751,Soupe Courgettes,Knorr,"Eau, courgette¹ : 26%, oignon¹ : 5,3%, pomme de terre¹ : 4,2%, CRÈME fraîche : 2,5%, amidon modifié de maïs, sucre, arômes (dont BLÉ), huile de tournesol, épinard¹, fromage fondu : 0,5% (FROMAGE de chèvre : 0,4%, lactosérum (LAIT), sel), se",,reference,open_food_facts,
3011360031853,Knorr Bouillon Herbes & Huile d'Olive 15 Tablettes 150g,Knorr,"Sel, graisses végétales (palme, palme totalement hydrogénée), exhausteurs de goût : E621, E631 et E627, amidon, chlorure de potassium, oignon, sucre, persil 2,8%, huile d'olive vierge extra 2%, basilic 1,5%, arômes, ail, origan 0,5%, feuill",,reference,open_food_facts,
8722700067670,Knorr Bouillon Cube Poule - Offre Saisonniere 15 Tablettes,Knorr,"salt, potato starch, vegetable fats (palm, fully hydrogenated palm), flavour enhancers: glutamate, inosinate and sodium guanylate, sugar, flavourings, extra virgin olive oil, chicken fat (antioxidant: rosemary extract), onion: 1%, chicken m",,reference,open_food_facts,
8720182884967,Knorr Soupe Déshydratée Chorba au Mouton Halal 4 Portions,Knorr,"Vermicelle : 22% (semoule de BLÉ dur, farine de BLÉ), farine de BLÉ, haricot brun : 17%, tomate¹ : 14%, sel, oignon¹, amidon de pomme de terre, viande de mouton : 2,3%, sucre, aromates (persil¹, ail), épices (paprika, graines de cumin, pime",,reference,open_food_facts,
8722700166643,KNORR Soupe Liquide Poule Vermicelles 1L,Knorr,"Eau, vermicelle cuit : 12% (semoule de BLÉ dur, blanc d'ŒUF), viande de poule : 3%, carotte¹ : 1,4%, oignon¹ : 1,4%, CÉLERI-RAVE¹ : 1%, amidon modifié de maïs, poireau¹ : 0,9%, graisse de poule : 0,7%, arômes, amidon de pomme de terre, sel,",,reference,open_food_facts,
5000184161163,Vegetable Stock cubes 8 x imp,Knorr,"Salt, vegetable fats (palm, shea, sal), potato starch, yeast extract, sugar, onion powder (2.3%), carrots (1.5%), herbs (1.3%) (parsley, tarragon), spices (_CELERY_ seeds, garlic powder, turmeric, pepper, parsley roots), tomato powder (0.9%",,reference,open_food_facts,
8714100769980,Knorr Soupe Liquide Bio Mouliné de Légumes Variés 30 cl,Knorr,"Eau, pomme de terre1, 2 : 16%, carotte1, 2 : 12%, CÉLERI-RAVE1, 2 : 8,8%, oignon1, 2 : 2,9%, haricot vert1, 2 : 2,8%, brocoli1, 2 : 2,7%, poireau1, 2 : 2,6%, CRÈME fraîche1, amidon de maïs1, sel, arôme naturel de livèche. Peut contenir : cé",,reference,open_food_facts,
8718114808185,Knorr Soupe Crème de Potiron 100g 3 Portions,Knorr,"Potiron¹ : 50%, graisse de palme, pomme de terre¹, sel, amidon de pomme de terre, sucre, sirop de glucose, oignon¹, protéines de LAIT, extrait de levure, arômes (dont CÉLERI), chlorure de potassium, protéines végétales hydrolysées, noix de ",,reference,open_food_facts,
8720182402091,Knorr Soupe Liquide Velouté de Légumes Français 1L,Knorr,"Eau, carotte¹ : 16%, pomme de terre¹ : 12%, potiron¹ : 6%, CÉLERI-RAVE¹ : 5%, oignon¹ : 4%, poireau¹ : 4%, petit pois¹ : 2%, amidon de maïs, sel, racine de livèche. Peut contenir : céréales contenant du gluten, lait, moutarde, œuf, soja. ¹L",,reference,open_food_facts,
3274935203022,Velouté patate douce & chèvre et miel,Knorr,"Eau, légumes 44% (pommes de terre 19,8%, patate douce 19,8%, oignons), fromage de chèvre 4,2% (lait), miel 0,6%, amidon de maïs, sel, ail, paprika fumé, poivre, muscade. Peut contenir des traces éventuelles de céleri. VALEURS 1 portion NUTR",,reference,open_food_facts,
8722700268774,Vegetable,Knorr,"concentrated vegetable stock (65%) (water, leek (1,2%), carrots (1%), celery, red pepper, onion, celeriac), salt, yeast extract, palm fat, sugar, potassium chloride, gelling agents (xanthan gum, locust bean gum), flavourings, spices (celery",,reference,open_food_facts,
3250541913636,Knorr Sauce Poivre à la Crème Fraîche Brique 30cl,Knorr,"Eau, amidon modifié de maïs, tomate¹, huile de soja, CRÈME fraîche : 2,3%, arômes, LAIT en poudre écrémé, protéines de LAIT, sel, sucre, poivre : 0,4%, extrait de levure, brandy, épaississant : gomme xanthane, extrait de malt d'ORGE. Peut c",,reference,open_food_facts,
8720182907611,Knorr Riz Risotto aux Asperges Cuisson 12min 2 Portions,Knorr,"Riz étuvé 86%, farine de BLÉ, asperge blanche 2%, sel iodé, extrait de levure, LAIT en poudre écrémé, arômes, sel, sucre, asperge verte 0,3%, ciboulette 0,3%, huile d'olive vierge extra, oignon grillé 0,2%, épinard, curcuma. Peut contenir :",,reference,open_food_facts,
7613037067503,MAGGI BIO Bouillon de Poule aux Vermicelles - Sachet de 65g,Bio+,"Vermicelle* (semoule de BLÉ dur*) 64,6%, sel de cuisine, fécule de pomme de terre*, sucre*, carotte* 1,5%, extrait de poule* 1,4%, protéine végétale hydrolysée* (BLÉ), arôme naturel de poulet, extrait de levure*, beurre de karité*, curcuma*",,reference,open_food_facts,
8718114833358,"Soupe au pistou dont basilic avec arôme naturel déshydratée – Huile d'olive vierge extra : 3,1%.",Knorr,"Pomme de terre¹, pâte gentilini : 22% (semoule de BLÉ dur), tomate¹ : 15%, haricot brun¹ : 11%, sel, courgette¹ : 3,5%, oignon¹ : 3,4%, huile d'olive vierge extra : 3,2%, ail¹ : 2,2%, extrait de levure, aromates (basilic¹ : 1%, thym¹), from",,reference,open_food_facts,
8722700750114,Vegetable Stock cubes x,Knorr,"Salt, vegetable fats (palm, shea, sal), potato starch, yeast extract, sugar, onion powdert (2.3%), carrotst (1.5%), herbs (parsleyt, tarragon), spices (CELERY seeds, garlict, turmerict, pepper, parsley rootst), tomato powdert (0.9%), red pe",,reference,open_food_facts,
8720182415767,Knorr Soupe Liquide Mouliné de Légumes Français 1L,Knorr,"Eau, pomme de terre¹ : 15%, carotte¹ : 15%, poireau¹ : 6%, CÉLERI-RAVE¹ : 5%, oignon¹ : 4%, potiron¹ : 4%, amidon de maïs, sel, aromates (ail, racine de livèche). Peut contenir : céréales contenant du gluten, lait, moutarde, œuf, soja. ¹Lég",,reference,open_food_facts,
8720182107716,Knorr Soupe Liquide Velouté de Carottes Françaises 1L,Knorr,"Eau, carotte¹ : 27%, pomme de terre¹, CRÈME fraîche, oignon¹, amidon de maïs, sel, cumin. Peut contenir : céleri, céréales contenant du gluten, moutarde, œuf, soja. ¹Légumes issus de l'agriculture durable. 44% de légumes¹ (incluant la pomme",,reference,open_food_facts,
8714100742877,Knorr Soupe Liquide Bio Mouliné de Potiron Carottes 1L,Knorr,"Eau, potiron1,2 : 25%, carotte1,2 : 13%, oignon1,2, pomme de terre1,2, amidon de maïs1, CRÈME fraîche1, sucre de canne1, tomate1,2, sel, BEURRE1, extrait de levure. Peut contenir : céleri, céréales contenant du gluten, moutarde, œuf, soja. ",,reference,open_food_facts,
8585002484095,NESTLE MAGGI KUB Bouillon Bio Légumes 80g - 8 tablettes,Maggi,"Sel de cuisine, légumes* 11% (oignon* 3,5%, CÉLERI* 3,3%, carotte* 1,6%, panais*, épinard*), fécule de pomme de terre*, sucre*, sirop de glucose*, beurre de karité*, extrait de levure*, arômes naturels de légumes, d'oignon et de CÉLERI ; cu",,reference,open_food_facts,
7613035781627,Bouillon Kub Légumes,Maggi,"cooking salt, sugar, palm oil, starch, vegetables 8,8%: onion 7,2%, carrot, shallot, tomato, aromas, carrot extract, celeri extract, yeast extract, sunflower oil, turmeric, coriander, parsley, nutmeg. May contain: eggs, milk, wheat, oats, m",,reference,open_food_facts,
7613036750013,MAGGI Bouillon KUB Légumes Réduit en sel de -25% 120g,Maggi,"Sel, sucre, fécule, beurre de karité, légumes 7,0% (oignon 5,6%, carotte 1,2%, tomate), sel minéral (chlorure de potassium), arômes, extrait de carotte, huile de tournesol, graine de CÉLERI, curcuma, coriandre, muscade, persil, extrait de l",,reference,open_food_facts,
8585002484077,NESTLE MAGGI KUB Bouillon Bio Volaille 80g - 8 tablettes,Bio+,"Sel de cuisine, fécule de pomme de terre*, sucre*, sirop de glucose*, beurre de karité*, viande cuite de poulet* 3,2%, extrait de levure*, arôme naturel de poulet, oignon* 1,3%, ail*, persil* 0,3%, curcuma*, arôme naturel d'oignon, poivre n",,reference,open_food_facts,
8901058017681,maggi,Maggi,"Refined maida,palm oil,lodized salt,wheat gluten,thickeners(500&412),acidity regulators(501&500)and humectant(451(i)), MASALA TASTEMAKER&quot;:
Mixed Spices (26.2%) (Onion powder, Coriander powder, Red chilli powder, Turmeric powder, Garlic",,reference,open_food_facts,
4005500310109,Maggi Würze,Maggi,"Pflanzliches Eiweiß, biologisch aufgeschlossen (Wasser, Weizenprotein, Salz), Wasser, Aromen (mit Weizen), Geschmacksverstärker (Mononatriumglutamat, Dinatriuminosinat), Salz, Zucker.",,reference,open_food_facts,
7613036400640,Bouillon de volaille dégraissé,Maggi,"Sel iode, sucre, fécule de pomme de terre, aromes (BLE), beurre de karité, sel, extrait végétal aminé (BLE), volaille 2% : graisse de poulet&quot;, extrait de poulet* 0,8%; curcuma, carotte, persil, extrait de CELERI-rave, antioxydant: extr",,reference,open_food_facts,
7613033687983,MAGGI Bouillon KUB Bœuf,Maggi,"salt, sugar, beef 12,3% (beef fat, beef 2,4%), starch, flavors, salt, yeast extract, color: plain caramel, onion, parsley, white pepper, cloves, antioxidant: rosemary extracts, celeri and thyme extracts, may contain: eggs, milk, gluten,",,reference,open_food_facts,
7613036501356,Arome l'Original,Maggi,"Arômes (protéines de blé), eau, sel, exhausteurs de goût : glutamate monosodique/ inosinate disodique, sucre",,reference,open_food_facts,
7613039830727,MAGGI Fond de Veau - Boîte 110g,Maggi,"Fécule, sel, sirop de glucose, farine de BLÉ, tomate 5%, extrait de levure, oignon, colorant (caramel ordinaire), sucre, viande de veau 2,2%, arôme, huile de tournesol, ail, extrait de vin blanc, poivre blanc, antioxydant (extraits de romar",,reference,open_food_facts,
8585002441267,NESTLE MAGGI KUB Bouillon Bio Volaille Dégraissé 80g - 8 tablettes,Bio+,"Sel de cuisine, fécule de pomme de terre*, sucre*, sirop de glucose*, beurre de karité*, viande cuite de poulet* 3,2%, extrait de levure*, arôme naturel de poulet, oignon* 1,3%, ail*, persil* 0,3%, curcuma*, arôme naturel d'oignon, poivre n",,reference,open_food_facts,
7613039829262,MAGGI Fond de Veau Dégraissé - Boîte de 100g,Maggi,"Fécule, sel, sirop de glucose, farine de BLÉ, sucre, tomate 5%, extrait de levure, oignon, colorant (caramel ordinaire), viande de veau 2,2%, arôme, ail, extrait de vin blanc, poivre blanc, antioxydant (extraits de romarin). Peut contenir :",,reference,open_food_facts,
7613035645583,MAGGI KUB Bouillon de Volaille 80g - Boite de 8 Tablettes,Maggi,"Sel iodé, fécule de, pomme de terre, sucre, beurre de karité, arômes (BLÉ), sel, volaille 3% : graisse de poulet*, extrait de poulet* 0,8% ; extrait végétal aminé (BLÉ), curcuma, carotte, persil, extraits de CÉLERI-rave, antioxydant : extra",,reference,open_food_facts,
3033710084009,Arome MAGGI - Bouteille 1kg,Maggi,"water, flavorings, proteins (wheat), salt, flavour enhancers : sodium glutamate, inosinate sodium",,reference,open_food_facts,
8585002438874,NESTLE MAGGI KUB Bouillon Bio Bœuf 80g - 8 tablettes,Maggi,"Sel de cuisine, fécule de pomme de terre*, sucre*, sirop de glucose*, bœuf* 7% (viande cuite de bœuf* 5%, graisse de bœuf*, antioxydant : extraits de romarin*), beurre de karité*, arôme naturel de bœuf, extrait de levure*, CÉLERI*, arôme na",,reference,open_food_facts,
7613036892522,MAGGI KUB OR 32 Cubes - 128g,Maggi,"Sel, fécule, sucre, huile de palme¹, arômes, extrait végétal aminé (BLÉ), oignon, extrait de levure, ail, clou de girofle, colorant : caramel ordinaire. Peut contenir : ŒUFS, LAIT, CÉLERI, MOUTARDE. ¹100% issue de plantations responsables. ",,reference,open_food_facts,
6111018903161,Nescafé Classic,Nescafé,Good Food Godf Neste. تحدث إلي نستله 080 105 10 10 82 100 800 ig صنع من طرف نستله المغرب الطقة الصناعية الجديدة 2440 ONSSAN CTC 53-05-13 vasi ستورد من طرف نستله تونس لتوزيع، ب زغوان - تونس تورد من طرف نستله الجزائرش. درة الزوار - 1531 الجزا,,reference,open_food_facts,
6111018501486,Nescafé,Nescafe,NESCAFE C CLASSIC 100% Alc,,reference,open_food_facts,
6111018903204,Nescafé classic,Nescafe,,,reference,open_food_facts,
8410100021540,Nescafé classic descafeinado,Nestlé,Café soluble.,,reference,open_food_facts,
7613036077512,GOLD BLEND Instant Coffee,Nescafé,"soluble coffee, roast and ground coffee (3%)",,reference,open_food_facts,
0028000743077,Coffee,Nescafé,instant coffee,,reference,open_food_facts,
8445290044891,Azera Americano,Nescafé,"Soluble coffee, roast and ground coffee (5%).",,reference,open_food_facts,
3350033528224,Nescafe,Nescafe,sucre roux de canne 100 %.,,reference,open_food_facts,
4005500005827,Nescafé Classic,Nestlé,Löslicher Bohnenkaffee,,reference,open_food_facts,
5011546415491,Nescafe Original,Nestlé,Soluble Coffee,,reference,open_food_facts,
7891000254914,Nescafe Classic,Nescafe,,,reference,open_food_facts,
6181002001920,Nescafé,Nescafé,,,reference,open_food_facts,
5011546415482,Nescafé Original,Nescafé,Soluble Coffee,,reference,open_food_facts,
7891000300602,Nescafé Original,Nestlé,café soluble,,reference,open_food_facts,
6181002001841,Nescafe Classic,Nescafe,,,reference,open_food_facts,
7613035853669,Azera,NESCAFE,,,reference,open_food_facts,
8445290352107,"Dolce Gusto, Cafe descafeinado espresso intenso",Nescafé,,,reference,open_food_facts,
6181002002099,Nescafé classic,Nescafé,,,reference,open_food_facts,
6111018909484,Nescafé classic 30g,Nescafé,قهوة سريعة التحضير,,reference,open_food_facts,
8445291544200,nescafé caramelo,nescafé,,,reference,open_food_facts,
4606272038763,Натуральный растворимый порошкообразный кофе NESCAFÉ® CLASSIC CREMA,Nescafé,,,reference,open_food_facts,
8445291692826,Gold Blend,Nescafe,"Soluble coffee, roast coffee, ground coffee (3%).",,reference,open_food_facts,
8410100020578,Nescafé Classic,Nestlé,"100% café,",,reference,open_food_facts,
7613036347314,Kaffee,Nestlé,7 613036 347310¹ 44216563/100143829 Glas Schutzfolie,,reference,open_food_facts,
6111018905284,Nescafe,Nescafé,,,reference,open_food_facts,
6001068323009,Ricoffy,Nescafé,"Glucose Syrup, Chicory and Coffee mixture [Chicory (61%), Coffee (39%)].",,reference,open_food_facts,
7501059224823,café 100% puro soluble Nescafé clásico,Nescafé,,,reference,open_food_facts,
8445291544158,Nescafé soluble avellana,Nescafé,"Café soluble, aroma natural.",,reference,open_food_facts,
7613034652841,"NESCAFÉ SPECIAL FILTRE Fine Créma, Café Soluble, Flacon de 100g",Nescafé,Café.,,reference,open_food_facts,
7891000255047,Nescafé classic- café instantáneo,Nescafé,Разтворимо кафе,,reference,open_food_facts,
8410100021577,Classic descafeinado,Nestlé,Café,,reference,open_food_facts,
7613032569538,Nescafé Typ Cappuccino,Nestlé,"Zucker, Glukosesirup, _Magermilchpulver (20,7%)_ , löslicher Bohnenkaffee (11,8%), Kokosnussöl, _Milchzucker_, Säureregulator (Natriumcarbonate, Citronensäure), Salz, natürliches Aroma",,reference,open_food_facts,
7613034584230,Clássico Creme,Nescafe,"Café (Arábica, Robusta)",,reference,open_food_facts,
8445290145215,Nescafe Gold,Nescafe,Freeze dried instant coffee,,reference,open_food_facts,
0028000666787,Gold Espresso Intense Coffee,NESCAFÉ,100% Pure Coffee,,reference,open_food_facts,
7613036077530,Gold Blend Decaff,Nescafé,"Decaffeinated soluble coffee, decaffeinated roast and ground coffee (3%)",,reference,open_food_facts,
5011546415464,Nescafé Original,Nescafé,soluble coffee,,reference,open_food_facts,
7290000072751,Nescafe Tasters Choice,Nestlé,,,reference,open_food_facts,
5601001322800,Clássico,Nescafé,grãos de café,,reference,open_food_facts,
8445290000046,Instant coffee Espresso Gold Blend,Nescafé,Soluble Coffee,,reference,open_food_facts,
8410100021568,Classic descafeinado,Nestlé,Café soluble descafeinado.,,reference,open_food_facts,
8000300240243,Mocha,Nestlé,"Azúcar, jarabe de glucosa, leche desnatada en polvo (18%), café soluble (9%), aceite de coco, lactosa, cacao en polvo (2,6%), correctores de acidez (carbonatos de sodio, ácido cítrico), sal, aroma natural.",,reference,open_food_facts,
7613036457718,Nescafe Classic Crema,Nestlé,Löslicher Bohnenkaffee,,reference,open_food_facts,
8410100020921,"Bebida instantánea en polvo con azúcar, leche y café",NESCAFÉ,"sugar, lean milk powder, soluble coffee (13%), glucose syrup, glucose powder syrup, vegetable oil, lactose, milk proteins, stabilizers (e340, e452i, ез31), salt,",,reference,open_food_facts,
7613036310116,Nescafé Gold - Original,Nescafé,18:18,,reference,open_food_facts,
7501058628466,Nescafe Decaf 40g,Nescafé,,,reference,open_food_facts,
8445291346024,NESCAFE GOLD BLEND. SMOOTH VANILLA FLAVOURED INSTA,Nescafé,"Soluble coffee, natural flavouring. Nutrition per 100ml: Energy Sk/",,reference,open_food_facts,
8901058008993,2-Minutes Noodles,Nescafé,"INGREDIENTS Noodies: Refined wheat flour (Maida, Palm oll, lodized sal, Wheat gluten, Thickeners (508 &412), Acidity regulators (501(i) & 500(i)) and Humectant (451(i))",,reference,open_food_facts,
7613036445810,Nescafe gold,Nescafe,بقهوة الأرابيكا، 10 مرات ادق المكونات:قعوة سريعة الذوبان، قهوة محمصة مطحونة ناعمة,,reference,open_food_facts,
7613034025348,Classic crème café soluble natural con crema,Nestlé,Café soluble,,reference,open_food_facts,
5000137159614,HIGH FIBRE CREAM CRACKERS,Jacob's,"Flour (86%) (Wheat Flour, Calcium, Iron, Niacin, Thiamin), Vegetable Oils (Palm, Sunflower), Vegetable Fibre (Inulin, Pea) (3%), Wheat Bran (3%), Salt, Raising Agent (Sodium Bicarbonate), Yeast.",,reference,open_food_facts,
8714599521975,SAMAR café,Jacobs,Ingrédient : 100% Café pur soluble lyophilisé.,,reference,open_food_facts,
5000168137607,Jacobs Savours Salt And Black Pepper Bakes,Jacobs,"flour (wheat flour, calcium, iron, niacin, thiamin), vegetable oil (palm), salt, black pepper, poppy seeds, raising agent (sodium bicarbonate). for allergens, including cereals containing gluten, see ingredients in bold. may also contain se",,reference,open_food_facts,
8711000708657,Krönung Signature,Jabobs,The Netherlands Verbraucherservice: 0800-5736736 (gebührenfrel in DE) www.jacobscoffee.com 8 711000&quot;708651&quot;&gt;,,reference,open_food_facts,
8711000523542,Velours noir,Jacobs,Café moulu,,reference,open_food_facts,
4607001770138,кофе растворимый Jacobs Kraftig,JACOBS,100% натуральный кофе,,reference,open_food_facts,
8711000513767,Jacobs Cronat Gold Instant Coffee,Jacobs,100% kawa,,reference,open_food_facts,
5391517593136,Tuc crackers original,Jacobs,"wheat flour, palm oil, barley malt extract, glucose syrup, palm fat, raising agents (ammonium carbonates, sodium carbonates), liquid egg, salt, flavouring, antioxidant (sodium sulphite), may contain soya, milk and sesame,",,reference,open_food_facts,
8711000506448,Kaffeesticks Espresso,Jacobs,25 Einzelportionen löslicher Bohnenkaffee im praktischen Stickformat Mindestens haltbar bis Ende: 45g Siehe Packungsboden. JACOBS DouWE EGBEPE ron,,reference,open_food_facts,
5000168203399,Jacobs Selection,Jacobs,"Flour (Wheat Flour, Calcium, Iron, Niacin, Thiamin), Vegetable Oil (Palm), Sugar, Wheatgerm, Salt, Dried Powdered Cheese (Milk), Barley, Barley Malt Extract, Wheat Starch, Glucose Syrup, Raising Agents (Ammonium Bicarbonate, Sodium Bicarbon",,reference,open_food_facts,
5000168186612,Jacob’s Sour Cream & Chive Cracker Crisps,Jacobs,"flour (wheat flour, calcium, iron, niacin, thiamin), vegetable oils (sunflower, palm), dried potato, starch, sour cream and chive flavour (milk) [salt, dried onion, natural flavouring, dextrose, dried whey (milk), maltodextrin, potassium ch",,reference,open_food_facts,
5391509393717,Cream Crackers 200G (C),JACOBS,"wheat flour, vegetable palm fat, salt, yeast, raising agent [sodium hydrogen carbonate], allergen advice: for allergens, including cereals containing gluten, please see ingredients in bold, may contain traces of nuts,",,reference,open_food_facts,
8714599310607,Cafe soluble Maxwell House,Jacobs,100% freeze dried instant coffee,,reference,open_food_facts,
8711000506323,Classic 3in1,Jacobs,"Zucker (54%), Glukosesirup, Kokosfett (ganz gehärtet), löslicher Bohnenkaffee (8%), Stabilisatoren (E340, E452), Milcheiweiß, Emulgatoren (E471, E481), Trennmittel (E551).",,reference,open_food_facts,
5000137400907,Choice Grain Multigrain Crackers,Jacobs,"Flour (Wheat Flour, Calcium, Iron, Niacin, Thiamin), Vegetable Oil (Palm), Glucose Syrup, Wheat Bran (4.5%), Raising Agents (Ammonium Bicarbonate, Sodium Bicarbonate), Barley and Barley Malt Extract, Barley Flakes (2%), Kibbled Rye (2%), Ki",,reference,open_food_facts,
8711000396780,Café Crema,Jacobs,25 Einzelportionen löslicher Bohnenkaffee im praktischen Stickformat,,reference,open_food_facts,
5000137269902,Cream Crackers Twin Pack 2 x,Jacobs,"Flour wheat Flour, Calcium, Iron, Macin, Thiamin), egetable Oil (Palm), Salt, Raising Agent (Sodium Bicarbonate), Yeast.",,reference,open_food_facts,
8711000521049,Kawa rozpuszczalna Jacobs Krönung,Jacobs,Kawa rozpuszczalna liofilizowana,,reference,open_food_facts,
8711000509384,Krönung,Jacobs,Café instantané,,reference,open_food_facts,
8711000521100,Crema,Jacobs,Kawa rozpuszczalna.,,reference,open_food_facts,
8711000429963,India 10,Jacobs,,,reference,open_food_facts,
8711000386057,Jacobs Gold,Jacobs,καφές,,reference,open_food_facts,
5000168076227,Mini Cheddars,Jacobs,"CHEESE SNACK BISCUITS Ingredients: Flour (Wheat Flour, Calcium, Iron, Niacin, Thiamin), Vegetable Oil (Palm), Dried Cheese (10%) (Milk) [Dried Powdered Cheese (Milk), Natural Flavouring], Sugar, Glucose Syrup, Salt, Dried Whey (Milk), Barle",,reference,open_food_facts,
8711000891735,Kaffee Espresso Kaffee,Jacobs,,,reference,open_food_facts,
8714599512117,Jacobs,Jacobs,,,reference,open_food_facts,
8711000520952,Jacobs cronat gold Nescafé,JACOBS,,,reference,open_food_facts,
8711000509001,Cafe Hag klassisch mild,Jacobs,"Entkoffeinierter löslicher Bohnenkaffee, gefriergetrocknet",,reference,open_food_facts,
8711000525063,Cappuccino,Jacobs,"Zucker, Glukosesirup, Kokosfett (ganz gehärtet), löslicher Bohnenkaffee (9,8%), Molkenerzeugnisse (aus Milch), Maltodextrin, Magermilchpulver, Stabilisatoren (E340, E1450), Aroma, Trennmittel (E551)",,reference,open_food_facts,
8711000496345,3 in 1 Coffee With Caramel,Jacobs,"Zucker (61%), Kokosfett (ganz gehärtet), Glukosesirup, löslicher Bohnenkaffee (6,7%), Aromen, Stabilisatoren (E340, E452), Milcheiweiß, Salz, Emulgatoren (E471, E481), Milchmineralien, Säureregulator (E500).",,reference,open_food_facts,
4607001771544,Кофе натуральный растворимый сублимированный,Jacobs,,,reference,open_food_facts,
8711000518230,Ice coffee,Jacobs,"Zahär (44%), lapte praf degresat (20%), sirop de glucoză, ulei din sâmburi de palmier, cafea solubilä (7.4%), proteină din zer (din lapte), stabilizator (E 340), arome, agent de îngroşare (E415), emulsifiant (E 481), agent antiaglomerant (E",,reference,open_food_facts,
8711000532744,Milka 3in1,Milka,"šećer, glukozni sirup, kakao-prah (10%), potpuno hidrogenizovano kokosovo ulje, instant kafa (5.5%), stabilizatori (E340, E452), _mlečni_ proteini, so, emulgatori (E471, E481), sredstvo protiv zgrudnjavanja (E551)",,reference,open_food_facts,
4000508050004,Jacobs-Krönung-Gold,Jacobs,Kaffee,,reference,open_food_facts,
8711000524587,Jacobs Choco Cappucino,Jacobs,"chocolate powder (37,5%) [sugar, cocoa powder (12%)], sugar, glucose syrup, coconut fat (fully hydrogenated), lactose, whey products (from milk), soluble bean coffee (3,5%), skimmed milk powder, stabilizers (e340, e452), flavouring, salt, m",,reference,open_food_facts,
5000168035381,Mini cheddars,Jacobs,"flour (wheat flour, calcium, iron, niacin, thiamin), vegetable oils (palm, sunflower), dried cheese (10%) (milk) [dried powdered cheese (milk), natural flavouring], sugar, glucose syrup, salt, dried whey (milk), barley malt extract, raising",,reference,open_food_facts,
8714599412075,Jacobs,Jacobs,,,reference,open_food_facts,
5000168040301,Salt And Vinegar Crinklys,Jacobs,"Flour (Wheat Flour, Calcium, Iron, Niacin, Thiamin), Dried Potato, Sunflower Oil, Modified Starch, Dried Whey (Milk), Salt and Vinegar Flavouring [Maltodextrin, Rice Flour, Salt, Flavourings, Acidity Regulator (Citric Acid), Vinegar Powder,",,reference,open_food_facts,
8711000506411,Jacobs 2-in-1,Jacobs,"Glukosesirup, Magermilchpulver, Löslicher Bohnenkaffee, Kokosfett (gehärtet), Stabilisatoren (E340, Und e452), Milcheiweiß, Emulgatoren (Und e471, Und e481), Trennmittel (E551)",,reference,open_food_facts,
8711000509153,Jakobs Espresso,Jacobs,Wunderbar SEIT 1895 JACOBS ESPRESSO KRÄFTIGER GESCHMACK SOURCING FOR BETTER 56,,reference,open_food_facts,
4607001771553,Jacobs Monarch,Jacobs,,,reference,open_food_facts,
8711000463198,Jacobs Milka 3 in 1 Stick,Jacobs,"para  kavos gerimas su 85 CT VAGH os dias cukrus, kas sask meding (E551) Laikyti vėsioje, sausoje vietoje. 1. Atidarykite pakelį ir suberkite jo turinji puodel, 2. Užpilkite apie 180 ml karsto, neverdančio vandens. 3. Gera ma s medžiagos-42",,reference,open_food_facts,
8711000669969,Jacobs Auslese Klassisch,Jacobs,8 7 1000&quot;669969⁰,,reference,open_food_facts,
8711000551998,Kaffee Crema,Jacobs,Bohnenkaffee,,reference,open_food_facts,
8711000708718,Filterkaffee Krönung Balance,Jacobs,,,reference,open_food_facts,
4607001770369,кофе натуральный растворимый сублимированный с добавлением кофе натурального жаренного молотого Jacobs millicano,Jacobs,"кофе натуральный растворимый сублимированный, жареный кофе молотый",,reference,open_food_facts,
4820206290481,Latte 3 в 1,Jacobs,,,reference,open_food_facts,
7622201698768,Cream Crackers,Jacobs,,,reference,open_food_facts,
8711000708745,Kaffee,Jacobs,,,reference,open_food_facts,
8711000566699,2in1 Classic,Jacobs,,,reference,open_food_facts,
8711000566671,3 in 1 Original,Jacobs,,,reference,open_food_facts,
8711000682368,Jakobs Milka,Jacobs,,,reference,open_food_facts,
8711000601327,Dubai Chocolate Style,Jacobs,,,reference,open_food_facts,
8711000704907,Jacobs 3 in 1 original,Jacobs,"Zahăr (62%), cafea solubilă (15%), ulei vegetal de cocos total hidrogenat, sirop de glucoză, proteină de lapte, lactoză (din lapte), stabilizatori (E 340, E 452), emulsifiant (mono si digliceride ale acizilor graşi), agent antiaglomerant (E",,reference,open_food_facts,
8711000532878,Kava.inst.100g jacobs gold,JACOBS,,,reference,open_food_facts,
8711000513882,Monarch coffee,Jacobs,,,reference,open_food_facts,
8711000371198,Jacobs  Espresso10 Intenso 20 Stück,Jacobs,,,reference,open_food_facts,
8711000511097,Cronat kräftig,Jacobs,,,reference,open_food_facts,
4000508059087,Kaffee Krönung Classic ganze Bohnen,Jacobs,,,reference,open_food_facts,
4607001771003,Jacobs Velvet,Jacobs,,,reference,open_food_facts,
8711000524611,Jacobs Momente Cappuccino Nuss,Jacobs,"Schokoladenpulver (31%) [Zucker, Kakaopulver], Zucker, Glucosesirup, Kokosfett (ganz gehärtet), MILCHZUCKER, Molkenerzeugnisse (aus MILCH), löslicher Bohnenkaffee (3,5%), MAGERMILCHPULVER, Aromen, Stabilisatoren (E340, E452), Salz, MILCHEIW",,reference,open_food_facts,
8711000397460,Natures cuppa,Douwe Egberts,,,reference,open_food_facts,
8711000533080,Original 3 in 1,Jacobs,,,reference,open_food_facts,
8711000400658,Caramel 3 in 1,Jacobs,,,reference,open_food_facts,
8711000477571,Krönung Crema,Jacobs,,,reference,open_food_facts,
5397136017208,Cream Crackers,Jacobs,"Wheat Flour, Vegetable Palm Fat, Salt, Yeast, Raising Agent [Sodium Hydrogen Carbonate]. Allergen Advice:",,reference,open_food_facts,
8711000892220,Café,Jacobs,,,reference,open_food_facts,
8711000415395,Barista Editions Crema Intense,Jacobs,"Röstkaffee, ganze Bohnen",,reference,open_food_facts,
0054881006286,Earl Gray Black Tea 2yrs prod,Ahmad,,,reference,open_food_facts,
0054881008619,Earl Grey Tea,Ahmad,,,reference,open_food_facts,
0705632633997,Ahmad Fladenbrot,Ahmad,"Weizenmehl, Wasser, Zucker, Hefe, Speisesalz",,reference,open_food_facts,
0054881017811,ahmad tea black,ahmad,,,reference,open_food_facts,
0054881029320,ahmad tea english breakfast,ahmad,,,reference,open_food_facts,
4605246004272,Earl Grey Fantasy,Greenfield,"чай чёрный, ароматизатор &quot;бергамот&quot;",,reference,open_food_facts,
4605246005253,Black Tea - Spring Melody,Greenfield,,,reference,open_food_facts,
4605246005819,Чай черный байховый цейлонский Голден Цейлон в пакетиках для разовой заварки,Greenfield,,,reference,open_food_facts,
4605246004351,Чай зелёный байховый с листьями мелиссы и мяты и ароматом лимона,Greenfield,"Чай зелёный байховый, листья мелиссы и мяты, натуральный ароматизатор &quot;сочный лимон&quot;",,reference,open_food_facts,
4605246004333,Summer Bouquet,Greenfield,"Hibikus, Hagebutten, Apfel, Himbeeren, Himbeer-Aroma",,reference,open_food_facts,
4605246005846,Чай чёрный байховый с ароматом бергамота,Greenfield,"Чай черный байховый, ароматизатор «бергамот».",,reference,open_food_facts,
4605246005855,greenfield,Greenfield,,,reference,open_food_facts,
4605246004324,Рич Камомайл,Greenfield,,,reference,open_food_facts,
4605246007914,чай чёрный байховый цейлонский,Greenfield,,,reference,open_food_facts,
4605246005235,camomile tee,greenfield,,,reference,open_food_facts,
4605246003732,Чай зелёный Jasmine Dream,Greenfield,"зелёный чай, натуральный ароматизатор",,reference,open_food_facts,
4605246007109,Barberry Garden Tea,Greenfield,,,reference,open_food_facts,
8993351128306,Green Fields Low Fat,Greenfield,,,reference,open_food_facts,
4605246013890,Чай зеленый байховый с ароматом персика и мандарина и растительными компонентами Гринфилд Мелло Пич в пакетиках для разовой заварки,Greenfield,,,reference,open_food_facts,
4605246010653,Greenfield black tea,Greenfield,,,reference,open_food_facts,
4605246015384,Гринфилд Черри Блоссом,Greenfield,"Гибискус, плоды шиповника, яблоко сушеное, листья ежевики, измельченные ягоды малины, натуральный ароматизатор «вишня». 100% натуральных ингредиентов.",,reference,open_food_facts,
0063100251150,Bacon,Greenfield,"pork, water, sea salt, cane sugar, cultured celery extract, spice, smoke. ingrédients : porc, eau, sel de mer, sucre de c extrait de céleri de culture, épice, fumé.",,reference,open_food_facts,
4605246005864,Jasmine Dream Green Tea,Greenfield,,,reference,open_food_facts,
5027906011599,Coriander seeds,Greenfield,,,reference,open_food_facts,
0063100275211,Bacon émietté,Greenfield,,,reference,open_food_facts,
4605246009967,blubeery nights,greenfield,,,reference,open_food_facts,
5027906010466,Cinnamon sticks,Greenfield,,,reference,open_food_facts,
4605246010802,Чай черный байховый ароматизированный с растительными компонентами Гринфилд кристмас вишес,Greenfield,,,reference,open_food_facts,
0063100275503,Trousse de dinde naturelle et fromage,Greenfield,,,reference,open_food_facts,
4605246014914,Greenfield collection Premium tea,Greenfield,,,reference,open_food_facts,
0063100268974,Breakfast sausage,Greenfield,"pork, water, sea salt, cane sugar, spice, rice concentrate.",,reference,open_food_facts,
0063100275512,Natural Pepperoni & Cheese lunch kit,Greenfield,,,reference,open_food_facts,
3994351780474,Yogurt. Drink,Greenfield,,,reference,open_food_facts,
0063100004996,Natural Ham & Cheese Lunch Kit,Greenfield,,,reference,open_food_facts,
0063100268965,Breakfast Sausage Rounds,Greenfield,,,reference,open_food_facts,
0063100251169,Back bacon never ever antibiotics,Greenfield,,,reference,open_food_facts,
0063100466734,Saucisses fumée,Greenfield,,,reference,open_food_facts,
0063100251178,Smoked Sausage,Greenfield,,,reference,open_food_facts,
0063100251141,Thick sliced smoked ham,Greenfield,,,reference,open_food_facts,
5027906010624,Green cardamon,Greenfield,,,reference,open_food_facts,
5027906011535,Whole cloves,Greenfield,,,reference,open_food_facts,
4605246007844,"Forest dream black tea, raspberry&blueberry",Tess,"Чай черный RU байховый, ароматизатор «садовая малина&gt;&gt;, ароматизатор «черничное варенье», лист черной смородины, плоды шиповника, гибискус, измельченные ягоды малины. Ту 9191-004-46951679-04. Хранить в чистом, хорошо вентилируемом пом",,reference,open_food_facts,
4605246007853,Berry Bar,Tess,,,reference,open_food_facts,
4605246009189,чац,Tess,,,reference,open_food_facts,
4605246006508,Тесс Флэйм,Greenfield Tea Ltd,"hibiscus, dried apple, rosehips,
orange per?s, verbena, strawberry flavouring,
strawberry pieces, orange flavouring",,reference,open_food_facts,
4605246006474,Black Tea Orange,TESS,,,reference,open_food_facts,
4002861776522,Bandnudeln,Tess,,,reference,open_food_facts,
7600823447245,"Black tea, rose hip, apple",Tess,,,reference,open_food_facts,
9900250003505,Bandnudeln mit Steinpilzen,Tess,,,reference,open_food_facts,
4038745602474,Duchess,Chernogolovka,,,reference,open_food_facts,
4032549020184,Baikal,Chernogolovka,"Wasser, Zucker, Kohlensäure, Invertzuckersirup, 0,01% Schwarztee - Extrakt, 0,0003% Taigawurzel-Extrakt, Farbstoff: Ammoniumsulfit - Zuckerkulör (enthält SULFITE), Aroma (enthält SELLERIE), Säuerungsmittel: Citronensäure, Kardamomöl, Eukaly",,reference,open_food_facts,
4316268646705,Leichter Tomatenketchup,Rich,"80% Tomatenmark einfach konzentriert, Branntweinessig, Zucker, Speisesalz, Gewürze, Süßungsmittel: Natriumsaccharin; Säuerungsmittel: Ascorbinsäure.",,reference,open_food_facts,
4316268680505,ketchup,rich,"72% Tomatenmark einfach kon - zentriert, Zucker, Branntweinessig, Speisesalz, Gewürze, Säuerungsmittel: Citronensäure. Durchschnittliche Nährwerte Ohne Zusatz von Konser - vierungsstoffen und Aromen.",,reference,open_food_facts,
4316268632845,Tomaten Ketchup,Rich,"72% Tomatenmark (einfach konzentriert), Zucker, Branntweinessig, Wasser, Speisesalz, Gewürze",,reference,open_food_facts,
4650075429194,Зеленый чай. Манго,Rich,"Очищенная вода, сахар, яблочный сок, регуляторы кислотности (лимонная кислота, цитрат натрия 3-замещённый), ароматизаторы, экстракт зелёного чая, антиокислитель аскорбиновая кислота, подсластитель сукралоза.",,reference,open_food_facts,
4316268648615,Knoblauch Sauce,Rich,"Wasser, Rapsöl, Branntweinessig, Zucker, 3,6% Knoblauch, Speisesalz, modifizierte Stärke, Zwiebeln, Milcheiweißerzeugnis, Kräuter, Verdi - ckungsmittel: Xanthan; Säuerungsmittel: Citronensäure; Gewürze.",,reference,open_food_facts,
4316268648660,Paprika Sauce nach ungarischer Art,Netto Marken-Discount,"37,5% Tomatenmark einfach konzentriert, Wasser, 11% Zwiebeln, Zucker, Branntweinessig, 8% Rote Paprika, 4% Grüne Paprika, modifizierte Stärke, Speisesalz, Rapsöl, Rote Bete-Saftkonzentrat, Gewürze.",,reference,open_food_facts,
4650075428654,биттер лемон,rich,"Очищенная вода, сахар, лимонный сок 2%, регуляторы кислотности (лимонная кислота, цитрат натрия 3-замещенный, молочная кислота), ароматизаторы, стабилизатор эфиры глицерина и подсластители (ацесульфам калия, сахарин натриевая соль), красите",,reference,open_food_facts,
4810450002284,Грейпфрутовый сок,Rich,,,reference,open_food_facts,
4316268648633,Barbecue Sauce,Netto Marken-Discount,,,reference,open_food_facts,
4607042439216,Благородное яблоко. 100 % сок(Рич),Rich,"Восстановленный. Осветленный. Для питания детей с 3-х лет. Пищевая ценность на 100 мл: углеводы 10,5г,  энергетическая ценность средние значения  42 ккал (179 кДж)",,reference,open_food_facts,
4316268487768,Curry Gewürz Ketchup,Netto,"Wasser, 23,5% Tomatensaft aus Tomatensaftkonzentrat, Zucker, Glukose - Fuktose-Sirup, Branntweinessig, modifizierte Stärke, Speisesalz, 0,8% Curry, Gewürze, Verdickungsmittel: Guarkernmehl.",,reference,open_food_facts,
4316268487786,Hot Curry Gewürz Ketchup,Rich,"Wasser, 23,5% Tomatensaft aus Tomatensaftkonzentrat, Zucker, Glukose-Fruktose-Sirup, Branntweinessig modifizierte Stärke, Speisesalz, 0,8% Curry, Gewürze, Verdickungsmittel: Guarkernmehl; 0,2% Chili.",,reference,open_food_facts,
4610011503663,Rich cocktail Вкус Спритц красный апельсин,Rich,"Очищенная вода, сахар, регуляторы кислотности (лимонная кислота, цитрат натрия 3-замещенный), натуральные ароматизаторы (содержат хинин), экстракт моркови, консервант сорбат калия, подсластители (цикламат натрия, ацесульфам калия, сукралоза",,reference,open_food_facts,
4610011503292,Напиток безалкогольный сильногазированный с пониженной калорийностью со вкусом мандарина Rich &quot;Bitter&quot;,Rich,"Очищенная вода, сахар, регулятор кислотности лимонная кислота, ароматизаторы (содержат хинин), консервант сорбат калия, антиокислитель аскорбиновая кислота, подсластители (цикламат натрия, ацесульфам калия, сукралоза, сахаринат натрия), ста",,reference,open_food_facts,
4650075428724,Тоник Биттер Лемон,Rich,,,reference,open_food_facts,
4610011503362,rich Индиан тоник смотка,rich,"Очищенная вода, сахар, регулятор кислотности лимонная кислота, натуральный ароматизатор (содержит хинин), подсластители (цикламат натрия, ацесульфам калия, сукралоза, сахаринат натрия), консервант сорбат калия.",,reference,open_food_facts,
4316268575744,Tomaten Ketchup,RICH,,,reference,open_food_facts,
4316268487722,Tomaten Ketchup,Rich,"72% Tomatenmark (einfach konzentriert), Zucker, Branntweinessig, Speisesalz, Gewürze, Säuerungsmittel: Citronensäure.",,reference,open_food_facts,
4601780010009,Quick Cooking Buckwheat,MAKFA,,,reference,open_food_facts,
4601780013477,Хлопья овсяные,MAKFA,,,reference,open_food_facts,
4601780006972,Паутинка,MAKFA,"Мука из твердой пшеницы для макаронных изделий высшего сорта, вода питьевая",,reference,open_food_facts,
4601780007078,makaron Makfa,Makfa,,,reference,open_food_facts,
4601780010674,Перловая крупа,Makfa,,,reference,open_food_facts,
4601780010869,Спагетти Цельнозерновые,Makfa,Муацельносмолотая из средние значения): энергетическаяя ценность 365 ккал 1551 кПж,,reference,open_food_facts,
4601780016711,изделия макаронные &quot;Триколлини&quot; спирали,Makfa,"Мука из твердой пшеницы для макаронных изделий второго сорта, вода питьевая, томатный порошок, шпинатный порошок.",,reference,open_food_facts,
4601780018232,Яичные спагетти,Makfa,,,reference,open_food_facts,
8410069094351,Спагетти без глютена,Makfa,,,reference,open_food_facts,
4601780010063,Рис обработанный паром,Makfa,,,reference,open_food_facts,
4601780010045,Рис круглозерный,Makfa,,,reference,open_food_facts,
4601780013866,Макароны спирали Станичные,Makfa,,,reference,open_food_facts,
4601780011390,Изделия макаронные звёздочки,Makfa,,,reference,open_food_facts,
4601780013796,Цельнозерновые макароны из цельного зерна с зародышем и клетчаткой,makfa,"Мука цельнозерновая из твердых сортов пшеницы, вода питьевая",,reference,open_food_facts,
4601780000899,Cock’s Comb Pasta,Makfa,,,reference,open_food_facts,
4601780010106,Пшено крупа,Makfa,,,reference,open_food_facts,
4601780018199,Мука овсяная,Makfa,,,reference,open_food_facts,
4601780014759,Makfa un,Makfa,,,reference,open_food_facts,
4601780013592,Хлопья 5 злаков,MAKFA,,,reference,open_food_facts,
4601780020981,Buckwheat,MAKFA,,,reference,open_food_facts,
5000159559038,Bounty,Bounty,"Sugar, desiccated coconut, glucose syrup, cocoa butter, cocoa mass, skimmed milk powder, whey permeate (milk), emulsifiers (soya lecithin (E322), mono-and الأقل وتحتوي hocolate contains milk solids 14% minimum and cocoa solids 25% minimum &",,reference,open_food_facts,
5000159483063,Bounty Ice cream,Bounty,"_Magermilch_ (20%), Zucker, Sahne (aus _Milch_)/Rahm (aus _Milch_), Glukosesirup, Wasser, Kokosnuss (5.5%) (Kokosraspel, Kokosmilchpulver), Kakaobutter, Kokosfett, Kakaomasse, _Magermilchpulver_, Palmfett, gezuckerte _Kondensmagermilch_, Ko",,reference,open_food_facts,
5000159557614,Bounty,Bounty,,,reference,open_food_facts,
5056357903283,Bounty à la noix de coco râpée,Bounty,"www.marschocolatedrinksandtreats.com portions par bocal:15 taille d'une porfon:2, informations nutiomele pâte à tartiner au lait et à moyennes la noix de coco râpée. energie ingrédients: sucre, huile de tournesol, maltodextrine, poudre mati",,reference,open_food_facts,
4011100977624,Bounty,Bounty,شوكولاتة,,reference,open_food_facts,
5000159557401,Bounty,Bounty,"Sugar, desiccated coconut, glucose syrup, cocoa butter, cocoa mass, skimmed milk powder, whey permeate (milk), emulsifiers (soya lecithin, E471), milk fat, humectant (glycerol), palm fat, salt.",,reference,open_food_facts,
6221134010552,Bounty Wafer Roll,Bounty,,,reference,open_food_facts,
5000159558303,BOUNTY,Bounty,,,reference,open_food_facts,
5056357914395,Bounty hot chocolate,Bounty,"F Cacao maigre en poudre avec chocolat au lait, sucre et arôme de noix de coco. Ingrédients : sucre, perméat de lactosérum (lait), cacao maigre en poudre (10,5%), huile de noix de coco, sirop de glucose, chocolat au lait (3%) (sucre, beurre",,reference,open_food_facts,
5000159381172,Bounty Trio,Bounty,"молочный шоколад (сахар, масло какао, какао тертое, сухое цельное молоко,
лактоза, сухая молочная сыворотка, молочный жир, эмульгатор (соевый лецитин), ароматизатор (ванилин)), сушеная мякоть кокоса, сахар, глюкозный сироп (кукурузный, пше",,reference,open_food_facts,
5056357914377,Coconut Hot Chocolate,Bounty,,,reference,open_food_facts,
5000159483045,Bounty Ice Cream,Bounty,"Magermilch (20%), Zucker, Sahne (Milch) (16%), Glukosesirup, Palmfett, Wasser, Kokosraspel (5.0%), Kokosfett, Kakaomasse (3.4%), Magermilchpulver, gezuckerte Kondensmagermilch, Keks mit Kokosnuss (1.8%) (Zucker, Kokosnussflocken (0.4%), Wei",,reference,open_food_facts,
5060122039123,Cacao coconut Kaba kakao,Bounty,"HEISSEM Wasser ODER HEISSER Milch aufgießen. Gut umrühren, 30 Sekunden stehen lassen und genießen! x3-4 (20 PL und kaw Skła D Kakaohaltiges Getränkepulver mit Kokosnussgeschmack und Milchschokoladenstückchen, mit Zuckern Süßungsmittel. Zuta",,reference,open_food_facts,
5056357908826,Bounty Pods imp,Bounty,,,reference,open_food_facts,
5000159565561,A safe www 750 BOUNTYT BOUNTY RESPONSIBLY COCOA R,Bounty,"Sugar, desiccated coconut, glucose syrup, cocoa butter, cocoa mass, skimmed milk powder, whey permeate (milk), emulsifiers (E471, soya lecithin), milk lat, humectant (glycerol), palm fat, salt.",,reference,open_food_facts,
5000159560034,Bounty Snacks,Bounty,,,reference,open_food_facts,
6221134013708,bounty crispy rolls,Bounty,,,reference,open_food_facts,
5060402904750,Soft Baked Cookies,Bounty,"Farine de blé (farine de blé, carbonate de calcium, fer, niacine, thiamine), chocolat au lait (20%) (sucre, beurre de cacao, poudre de lait écrémé, pâte de cacao, lactose et protéine de lactosérum (lait), graisse de palme, poudre de lactosé",,reference,open_food_facts,
5000159536392,bounty,Bounty,"Skimmed milk (20%), sugar, cream (milk) (16%), glucose syrup, paim fat, water, dasiccated coconut (5.0%), coconut fat, cocoa mass, skimmed milk powder, sweetened condensed skimmed milk (condensed skimmed mitt sugar, lactose (milk)), coconut",,reference,open_food_facts,
5900951310591,Snickers Creamy Peanut butter,Mars Incorporated,"Cacahuètes, sucre, sirop de glucose, lait 0.11 g (2%) écrémé en poudre, beurre de cacao, sucre inverti, pâte de cacao, dextrose, lactose (lait), huile de tournesol, perméat de lactosérum (lait), matière grasse de palme, matière grasse palmi",,reference,open_food_facts,
6111265800145,alba gourmet crème dessert au chocolat,Snickers,,,reference,open_food_facts,
5000159541312,Snickers ICE CREAM,SNICKERS,"Skimmed milk (15%), sugar, glucose syrup, cream (from milk), peanuts, sweetened condensed skimmed milk, water, coconut fat, cocoa butter, palm fat, cocoa mass, skimmed milk powder, milk fat, lactose, whey permeate (from milk), emulsifiers (",,reference,open_food_facts,
7896423423826,Snickers,Snickers,,,reference,open_food_facts,
5056357912740,Pate a tartiner snicker,Snickers,"Sucre, huile végétale (colza), lait entier en poudre, beurre de cacao, maltodextrine, chocolat au lait (5 %) (lait entier en poudre, sucre, pâte de cacao), lactose (lait), cacao maigre en poudre (1,5 %), émulsifiant (lécithines), arome natu",,reference,open_food_facts,
5000159461122,Snickers,Snickers,"Milk Chocolate (sugar, cocoa butter, chocolate, skim milk, lactose, milkfat, soy lecithin), peanuts, corn syrup, sugar, palm oil, skim milk, lactose, salt, egg whites, artificial flavor.",,reference,open_food_facts,
5000159550073,Snickers Duo,Snickers,"Sugar, glucose syrup, peanuts, skimmed milk powder, cocoa butter, cocoa mass, sunflower oil, palm fat, whey permeate (milk), milk fat, salt, emulsifier (soya lecithin), egg white powder.",,reference,open_food_facts,
5000159543374,Snickers peanut butter,SNICKERS,"Sucre, _lait_ écrémé 15%, crème légère (_lait_) 13%, sirop de glucose, _cacahuètes_ 10%, eau, _lait_ écrémé concentré sucré, matière grasse de noix de coco, beurre de cacao, pâte de cacao, matière grasse de palme, _lait_ écrémé en poudre, m",,reference,open_food_facts,
5900951310625,Snickers,Snickers,*30 Brande SNICKERS (603) 3 sh SNICKERS BOUNTY,,reference,open_food_facts,
5000159509635,Snickers glacé white,Mars,"Lait écrémé (15%), sucre, sirop de glucose, crème légère (lait) (12%),cacahuètes, lait écrémé concentré sucré, eau, beurre de cacao, matière grasse de noix de coco, lait entier en poudre, matière grasse de palme, lait écrémé en poudre, émul",,reference,open_food_facts,
8902433003132,SNICKERS BUTTERSCOTCH FLAVOUR,SNICKERS,"milk chocolate coating (35%): sugar, milk solids, serve (%) cocoa butter, cocoa solids, edible vegetable fat ,lt,5% (sal fat, palm oil), dextrose, emulsifier (322), centre filling (65%): peanuts (23%), liquid glucose, sugar, hydrogenated ve",,reference,open_food_facts,
7896423487657,Snickers,Snickers,"/designs/© Mars Cocoa Solids 25% minimum & Color table rat less than 5. A cur Cocoa Rol Peanut, Soya, Egg, Milk, May contains Barley (Gluten), Oats (Gluten), Rye (Gluten), Wheat (Gluten). استرس شوكولاته بالحليب (۳۷) محشوه بالنوجا الناعمة (٢",,reference,open_food_facts,
5056357911723,snickers crisp fruit&nut,Snickers,,,reference,open_food_facts,
0058496422398,SNICKERS,SNICKERS,"Milk chocolate (sugar, cocoa butter, milk ingredients, cocoa mass, lactose, soy lecithin), Peanuts, Corn syrup, Sugar, Modified palm oil, Skim milk, Lactose, Salt, Dried egg-white, Artificial flavour",,reference,open_food_facts,
5056357912704,SNICKERS HI PROTEIN Chocolate & Peanut,SNICKERS,,,reference,open_food_facts,
5900951310546,SNICKERS CREAMY PEANUT BUTTER,SNICKERS,"2 Склад: молочний шоколад (35%): цукор, какао-масло, какао терте, сухе знежирене молоко, молочний перміат, молочний жир, пальмовий жир, емульгатор (соєвий лецитин), крем-паста з арахісу (33%): арахіс смажений (22%), декстроза, лактоза, цуко",,reference,open_food_facts,
7506174512246,Snickers almendras,Snickers,"Chocolate con leche 35% (Azúcar, Manteca de cacao, Pasta de cacao, Leche descremada en polvo, Solidos de la leche, Grasa butirica, Lecitina de soya, Saborizan aticales, Caramelo 27% (Jarabe de maiz, Azúcar, Leche descremada en polvo, Aceite",,reference,open_food_facts,
5900951311660,Chocolate Bar,Snickers,"SNICKERS 2 SNICKERS 2 SNICKERS 2 SNICKERS 2 SNICKERS SNICKERS ERS 2 SNIC 2 SHICKERS SNICKERS STICKERS SNICKERS SNICKERS SNICKERS 2SNICKER 2SK SNICKERS ჰრბლის, მარილი, კვერცხის ცილის ფხვნილი). შეიცავს გლუტენს, ლაქტოზა, მ თიერებები, სულ მცირე",,reference,open_food_facts,
